[{"cityName": "Kiel", "timestamp": "2024-10", "value": 4.426632741732257e-05, "incidence": 17.861290322580643, "pValue": 0.7923481408225735, "interpretation": "not statistically significant (p = 0.792), negligible effect size (d=-0.11)"}, {"cityName": "L\u00fcbeck", "timestamp": "2024-10", "value": 4.5757420593872666e-05, "incidence": 10.632258064516126, "pValue": 0.28351047400163903, "interpretation": "not statistically significant (p = 0.284), small effect size (d=-0.49)"}, {"cityName": "Hamburg", "timestamp": "2024-10", "value": 6.608919550975164e-05, "incidence": 9.880645161290325, "pValue": 0.22534680911191043, "interpretation": "not statistically significant (p = 0.225), small effect size (d=-0.46)"}, {"cityName": "Braunschweig", "timestamp": "2024-10", "value": 5.161451340159949e-05, "incidence": 8.161290322580644, "pValue": 0.04176031430668056, "interpretation": "significant (p = 0.042), large effect size (d=-0.91)"}, {"cityName": "Salzgitter", "timestamp": "2024-10", "value": 5.217205034568906e-05, "incidence": 12.883870967741936, "pValue": 0.007094835526999534, "interpretation": "very significant (p < 0.01), large effect size (d=-1.19)"}, {"cityName": "Wolfsburg", "timestamp": "2024-10", "value": 4.895799793303013e-05, "incidence": 4.751612903225807, "pValue": 0.0008742374010854225, "interpretation": "highly significant (p < 0.001), large effect size (d=-1.69)"}, {"cityName": "G\u00f6ttingen", "timestamp": "2024-10", "value": 4.548114624672702e-05, "incidence": 13.216129032258063, "pValue": 0.22530659076818035, "interpretation": "not statistically significant (p = 0.225), medium effect size (d=-0.58)"}, {"cityName": "Hannover", "timestamp": "2024-10", "value": 6.404645912545292e-05, "incidence": 10.606451612903225, "pValue": 0.12384731287823397, "interpretation": "not statistically significant (p = 0.124), medium effect size (d=-0.64)"}, {"cityName": "Hildesheim", "timestamp": "2024-10", "value": 5.402110571808675e-05, "incidence": 9.91935483870968, "pValue": 0.16844408760122076, "interpretation": "not statistically significant (p = 0.168), medium effect size (d=-0.67)"}, {"cityName": "Oldenburg (Oldb)", "timestamp": "2024-10", "value": 6.150415283627808e-05, "incidence": 9.525806451612903, "pValue": 0.09797116098241307, "interpretation": "not statistically significant (p = 0.098), medium effect size (d=-0.68)"}, {"cityName": "Osnabr\u00fcck", "timestamp": "2024-10", "value": 6.634876957501878e-05, "incidence": 8.548387096774192, "pValue": 0.18826276373546674, "interpretation": "not statistically significant (p = 0.188), medium effect size (d=-0.66)"}, {"cityName": "Bremen", "timestamp": "2024-10", "value": 5.9969017098917335e-05, "incidence": 6.058064516129034, "pValue": 0.07167085324587907, "interpretation": "not statistically significant (p = 0.072), medium effect size (d=-0.67)"}, {"cityName": "Bremerhaven", "timestamp": "2024-10", "value": 5.296006981682565e-05, "incidence": 1.4774193548387098, "pValue": 0.08026344373235422, "interpretation": "not statistically significant (p = 0.080), medium effect size (d=-0.70)"}, {"cityName": "D\u00fcsseldorf", "timestamp": "2024-10", "value": 9.985940485465817e-05, "incidence": 9.612903225806454, "pValue": 0.3381195436692279, "interpretation": "not statistically significant (p = 0.338), small effect size (d=-0.37)"}, {"cityName": "Duisburg", "timestamp": "2024-10", "value": 0.00012296667465796837, "incidence": 7.596774193548386, "pValue": 0.9168411119970961, "interpretation": "not statistically significant (p = 0.917), negligible effect size (d=-0.04)"}, {"cityName": "Essen", "timestamp": "2024-10", "value": 9.78581165560545e-05, "incidence": 10.964516129032257, "pValue": 0.09803171918379652, "interpretation": "not statistically significant (p = 0.098), medium effect size (d=-0.72)"}, {"cityName": "Krefeld", "timestamp": "2024-10", "value": 9.971801549769365e-05, "incidence": 9.490322580645163, "pValue": 0.3179254471727583, "interpretation": "not statistically significant (p = 0.318), small effect size (d=-0.38)"}, {"cityName": "M\u00f6nchengladbach", "timestamp": "2024-10", "value": 0.00012096724922543969, "incidence": 5.306451612903225, "pValue": 0.480197915944227, "interpretation": "not statistically significant (p = 0.480), small effect size (d=0.29)"}, {"cityName": "M\u00fclheim an der Ruhr", "timestamp": "2024-10", "value": 9.241805592965748e-05, "incidence": 15.038709677419352, "pValue": 0.06207419219863271, "interpretation": "not statistically significant (p = 0.062), large effect size (d=-0.87)"}, {"cityName": "Oberhausen", "timestamp": "2024-10", "value": 0.00010295375250279903, "incidence": 7.670967741935481, "pValue": 0.06155675841651553, "interpretation": "not statistically significant (p = 0.062), large effect size (d=-0.95)"}, {"cityName": "Remscheid", "timestamp": "2024-10", "value": 6.745788268744946e-05, "incidence": 5.790322580645159, "pValue": 0.21258503669054818, "interpretation": "not statistically significant (p = 0.213), medium effect size (d=-0.60)"}, {"cityName": "Solingen", "timestamp": "2024-10", "value": 7.587962318211794e-05, "incidence": 8.064516129032258, "pValue": 0.3241951504088093, "interpretation": "not statistically significant (p = 0.324), small effect size (d=-0.44)"}, {"cityName": "Wuppertal", "timestamp": "2024-10", "value": 6.842054426670074e-05, "incidence": 7.825806451612903, "pValue": 0.20901377850562555, "interpretation": "not statistically significant (p = 0.209), medium effect size (d=-0.55)"}, {"cityName": "Neuss", "timestamp": "2024-10", "value": 0.00011273550626356155, "incidence": 9.329032258064515, "pValue": 0.7575329117763925, "interpretation": "not statistically significant (p = 0.758), negligible effect size (d=-0.13)"}, {"cityName": "Moers", "timestamp": "2024-10", "value": 0.00011997586781425136, "incidence": 9.98709677419355, "pValue": 0.7285486740300977, "interpretation": "not statistically significant (p = 0.729), negligible effect size (d=-0.15)"}, {"cityName": "Bonn", "timestamp": "2024-10", "value": 7.666753795505925e-05, "incidence": 7.312903225806451, "pValue": 0.6498639463196079, "interpretation": "not statistically significant (p = 0.650), small effect size (d=-0.21)"}, {"cityName": "K\u00f6ln", "timestamp": "2024-10", "value": 9.2015756915013e-05, "incidence": 6.341935483870969, "pValue": 0.5572827449953359, "interpretation": "not statistically significant (p = 0.557), small effect size (d=-0.24)"}, {"cityName": "Leverkusen", "timestamp": "2024-10", "value": 9.109368935848276e-05, "incidence": 9.170967741935483, "pValue": 0.6593665573687222, "interpretation": "not statistically significant (p = 0.659), small effect size (d=0.22)"}, {"cityName": "Aachen", "timestamp": "2024-10", "value": 7.494518950838467e-05, "incidence": 8.748387096774195, "pValue": 0.6921693501783147, "interpretation": "not statistically significant (p = 0.692), negligible effect size (d=0.18)"}, {"cityName": "Bergisch Gladbach", "timestamp": "2024-10", "value": 7.159960555977054e-05, "incidence": 3.1838709677419352, "pValue": 0.938246745749068, "interpretation": "not statistically significant (p = 0.938), negligible effect size (d=-0.04)"}, {"cityName": "Bottrop", "timestamp": "2024-10", "value": 9.642553050071001e-05, "incidence": 12.841935483870964, "pValue": 0.04789171356405791, "interpretation": "significant (p = 0.048), large effect size (d=-0.90)"}, {"cityName": "Gelsenkirchen", "timestamp": "2024-10", "value": 0.00011715583284111584, "incidence": 7.929032258064517, "pValue": 0.8420437843529587, "interpretation": "not statistically significant (p = 0.842), negligible effect size (d=-0.09)"}, {"cityName": "M\u00fcnster", "timestamp": "2024-10", "value": 6.713224738313441e-05, "incidence": 8.258064516129032, "pValue": 0.03779100232900071, "interpretation": "significant (p = 0.038), large effect size (d=-0.90)"}, {"cityName": "Recklinghausen", "timestamp": "2024-10", "value": 0.00010377137312808863, "incidence": 10.229032258064517, "pValue": 0.2806020017360969, "interpretation": "not statistically significant (p = 0.281), small effect size (d=-0.49)"}, {"cityName": "Bielefeld", "timestamp": "2024-10", "value": 6.657174283949037e-05, "incidence": 12.658064516129034, "pValue": 0.314118904011651, "interpretation": "not statistically significant (p = 0.314), small effect size (d=-0.41)"}, {"cityName": "G\u00fctersloh", "timestamp": "2024-10", "value": 6.52864808216691e-05, "incidence": 7.554838709677421, "pValue": 0.2046338273433171, "interpretation": "not statistically significant (p = 0.205), medium effect size (d=-0.59)"}, {"cityName": "Paderborn", "timestamp": "2024-10", "value": 4.957401148614383e-05, "incidence": 4.400000000000001, "pValue": 0.09373881234572819, "interpretation": "not statistically significant (p = 0.094), medium effect size (d=-0.77)"}, {"cityName": "Bochum", "timestamp": "2024-10", "value": 9.859010848837595e-05, "incidence": 14.419354838709676, "pValue": 0.11221349804396846, "interpretation": "not statistically significant (p = 0.112), medium effect size (d=-0.73)"}, {"cityName": "Dortmund", "timestamp": "2024-10", "value": 8.084946403316423e-05, "incidence": 9.838709677419354, "pValue": 0.12504917551235245, "interpretation": "not statistically significant (p = 0.125), medium effect size (d=-0.70)"}, {"cityName": "Hagen", "timestamp": "2024-10", "value": 6.490681673689135e-05, "incidence": 9.583870967741936, "pValue": 0.2217227127582162, "interpretation": "not statistically significant (p = 0.222), medium effect size (d=-0.59)"}, {"cityName": "Hamm", "timestamp": "2024-10", "value": 7.560934560994308e-05, "incidence": 8.258064516129034, "pValue": 0.20325239610976906, "interpretation": "not statistically significant (p = 0.203), medium effect size (d=-0.56)"}, {"cityName": "Herne", "timestamp": "2024-10", "value": 0.00011261925101280212, "incidence": 7.635483870967741, "pValue": 0.18199822280576844, "interpretation": "not statistically significant (p = 0.182), medium effect size (d=-0.62)"}, {"cityName": "Siegen", "timestamp": "2024-10", "value": 6.073842523619532e-05, "incidence": 6.616129032258065, "pValue": 0.6647864571572667, "interpretation": "not statistically significant (p = 0.665), small effect size (d=-0.26)"}, {"cityName": "Darmstadt", "timestamp": "2024-10", "value": 8.269778812642802e-05, "incidence": 8.183870967741935, "pValue": 0.6238432022154106, "interpretation": "not statistically significant (p = 0.624), small effect size (d=0.30)"}, {"cityName": "Frankfurt am Main", "timestamp": "2024-10", "value": 9.211990982294083e-05, "incidence": 8.13225806451613, "pValue": 0.29040527227756013, "interpretation": "not statistically significant (p = 0.290), medium effect size (d=-0.52)"}, {"cityName": "Offenbach am Main", "timestamp": "2024-10", "value": 8.414448662237687e-05, "incidence": 11.790322580645158, "pValue": 0.2351649263766452, "interpretation": "not statistically significant (p = 0.235), medium effect size (d=-0.64)"}, {"cityName": "Wiesbaden", "timestamp": "2024-10", "value": 9.603155518157614e-05, "incidence": 5.6258064516129025, "pValue": 0.8765704677700035, "interpretation": "not statistically significant (p = 0.877), negligible effect size (d=0.08)"}, {"cityName": "Hanau", "timestamp": "2024-10", "value": 7.641185612346117e-05, "incidence": 13.648387096774194, "pValue": 0.37810309969525835, "interpretation": "not statistically significant (p = 0.378), small effect size (d=-0.46)"}, {"cityName": "Kassel", "timestamp": "2024-10", "value": 5.2062286866000955e-05, "incidence": 10.558064516129033, "pValue": 0.16813039017314402, "interpretation": "not statistically significant (p = 0.168), medium effect size (d=-0.73)"}, {"cityName": "Koblenz", "timestamp": "2024-10", "value": 8.04577656607661e-05, "incidence": 12.341935483870966, "pValue": 0.15495462287816156, "interpretation": "not statistically significant (p = 0.155), medium effect size (d=0.72)"}, {"cityName": "Trier", "timestamp": "2024-10", "value": 6.123468047007919e-05, "incidence": 14.761290322580646, "pValue": 0.701664621905357, "interpretation": "not statistically significant (p = 0.702), negligible effect size (d=0.16)"}, {"cityName": "Kaiserslautern", "timestamp": "2024-10", "value": 5.3942266206901804e-05, "incidence": 17.4, "pValue": 0.9352109928439405, "interpretation": "not statistically significant (p = 0.935), negligible effect size (d=-0.04)"}, {"cityName": "Ludwigshafen am Rhein", "timestamp": "2024-10", "value": 8.899232489056885e-05, "incidence": 4.087096774193549, "pValue": 0.5324143677219648, "interpretation": "not statistically significant (p = 0.532), small effect size (d=-0.33)"}, {"cityName": "Mainz", "timestamp": "2024-10", "value": 9.518326260149479e-05, "incidence": 14.316129032258061, "pValue": 0.8944656945970206, "interpretation": "not statistically significant (p = 0.894), negligible effect size (d=-0.07)"}, {"cityName": "Stuttgart", "timestamp": "2024-10", "value": 8.958430650333564e-05, "incidence": 8.39032258064516, "pValue": 0.820536349428033, "interpretation": "not statistically significant (p = 0.821), negligible effect size (d=0.10)"}, {"cityName": "Heilbronn", "timestamp": "2024-10", "value": 6.52273107940952e-05, "incidence": 16.764516129032256, "pValue": 0.09533800725711825, "interpretation": "not statistically significant (p = 0.095), medium effect size (d=-0.79)"}, {"cityName": "Karlsruhe", "timestamp": "2024-10", "value": 7.304913209130367e-05, "incidence": 9.35483870967742, "pValue": 0.8350080542728733, "interpretation": "not statistically significant (p = 0.835), negligible effect size (d=-0.10)"}, {"cityName": "Heidelberg", "timestamp": "2024-10", "value": 6.797622987314274e-05, "incidence": 5.303225806451613, "pValue": 0.12077647292291907, "interpretation": "not statistically significant (p = 0.121), medium effect size (d=-0.72)"}, {"cityName": "Mannheim", "timestamp": "2024-10", "value": 8.92961397767067e-05, "incidence": 13.574193548387095, "pValue": 0.6627733421114554, "interpretation": "not statistically significant (p = 0.663), small effect size (d=0.20)"}, {"cityName": "Pforzheim", "timestamp": "2024-10", "value": 6.627032093496787e-05, "incidence": 5.151612903225807, "pValue": 0.85628489176925, "interpretation": "not statistically significant (p = 0.856), negligible effect size (d=-0.09)"}, {"cityName": "Freiburg im Breisgau", "timestamp": "2024-10", "value": 6.230287598790946e-05, "incidence": 13.364516129032259, "pValue": 0.07734924512601693, "interpretation": "not statistically significant (p = 0.077), large effect size (d=0.86)"}, {"cityName": "Reutlingen", "timestamp": "2024-10", "value": 6.349889008561149e-05, "incidence": 13.145161290322578, "pValue": 0.7510652547571718, "interpretation": "not statistically significant (p = 0.751), negligible effect size (d=0.15)"}, {"cityName": "Ulm", "timestamp": "2024-10", "value": 5.219194817503816e-05, "incidence": 30.700000000000003, "pValue": 0.6544581252859522, "interpretation": "not statistically significant (p = 0.654), small effect size (d=-0.22)"}, {"cityName": "Ingolstadt", "timestamp": "2024-10", "value": 5.716067971661687e-05, "incidence": 15.396774193548387, "pValue": 0.12605178158280717, "interpretation": "not statistically significant (p = 0.126), large effect size (d=-0.89)"}, {"cityName": "M\u00fcnchen", "timestamp": "2024-10", "value": 7.308286149054766e-05, "incidence": 19.022580645161284, "pValue": 0.8328447241911457, "interpretation": "not statistically significant (p = 0.833), negligible effect size (d=-0.09)"}, {"cityName": "Regensburg", "timestamp": "2024-10", "value": 5.062952016790708e-05, "incidence": 19.767741935483873, "pValue": 0.059335704124519995, "interpretation": "not statistically significant (p = 0.059), large effect size (d=-1.30)"}, {"cityName": "Erlangen", "timestamp": "2024-10", "value": 6.076535542628595e-05, "incidence": 13.980645161290322, "pValue": 0.29233899721825346, "interpretation": "not statistically significant (p = 0.292), medium effect size (d=-0.57)"}, {"cityName": "F\u00fcrth", "timestamp": "2024-10", "value": 7.399609312415123e-05, "incidence": 23.641935483870974, "pValue": 0.47764242385023614, "interpretation": "not statistically significant (p = 0.478), small effect size (d=-0.41)"}, {"cityName": "N\u00fcrnberg", "timestamp": "2024-10", "value": 6.619492319948745e-05, "incidence": 15.845161290322583, "pValue": 0.14208831414152245, "interpretation": "not statistically significant (p = 0.142), large effect size (d=-0.84)"}, {"cityName": "W\u00fcrzburg", "timestamp": "2024-10", "value": 7.836433360353112e-05, "incidence": 15.97741935483871, "pValue": 0.24760606410881034, "interpretation": "not statistically significant (p = 0.248), medium effect size (d=0.73)"}, {"cityName": "Augsburg", "timestamp": "2024-10", "value": 6.0799128662508265e-05, "incidence": 11.745161290322583, "pValue": 0.8698376098431095, "interpretation": "not statistically significant (p = 0.870), negligible effect size (d=-0.08)"}, {"cityName": "Saarbr\u00fccken", "timestamp": "2024-10", "value": 6.00353969881932e-05, "incidence": 14.683870967741933, "pValue": 0.8436807621163362, "interpretation": "not statistically significant (p = 0.844), negligible effect size (d=0.09)"}, {"cityName": "Berlin", "timestamp": "2024-10", "value": 7.182317672342789e-05, "incidence": 0.0, "pValue": 0.6807671748049849, "interpretation": "not statistically significant (p = 0.681), negligible effect size (d=-0.15)"}, {"cityName": "Cottbus", "timestamp": "2024-10", "value": 5.8554690510321125e-05, "incidence": 19.325806451612905, "pValue": 0.2211929830738518, "interpretation": "not statistically significant (p = 0.221), medium effect size (d=-0.54)"}, {"cityName": "Potsdam", "timestamp": "2024-10", "value": 5.90427901924533e-05, "incidence": 9.954838709677418, "pValue": 0.8756271991566109, "interpretation": "not statistically significant (p = 0.876), negligible effect size (d=0.06)"}, {"cityName": "Rostock", "timestamp": "2024-10", "value": 4.707214732964834e-05, "incidence": 28.448387096774194, "pValue": 0.7236812706142168, "interpretation": "not statistically significant (p = 0.724), negligible effect size (d=-0.15)"}, {"cityName": "Chemnitz", "timestamp": "2024-10", "value": 6.0770569778070214e-05, "incidence": 26.000000000000004, "pValue": 0.33023806445070114, "interpretation": "not statistically significant (p = 0.330), small effect size (d=-0.41)"}, {"cityName": "Dresden", "timestamp": "2024-10", "value": 6.159249354492535e-05, "incidence": 21.051612903225806, "pValue": 0.9434788442324658, "interpretation": "not statistically significant (p = 0.943), negligible effect size (d=0.03)"}, {"cityName": "Leipzig", "timestamp": "2024-10", "value": 7.045636519643606e-05, "incidence": 23.15161290322581, "pValue": 0.8221557245679894, "interpretation": "not statistically significant (p = 0.822), negligible effect size (d=-0.10)"}, {"cityName": "Halle (Saale)", "timestamp": "2024-10", "value": 6.88832369633019e-05, "incidence": 36.65806451612904, "pValue": 0.7712562356314749, "interpretation": "not statistically significant (p = 0.771), negligible effect size (d=-0.13)"}, {"cityName": "Magdeburg", "timestamp": "2024-10", "value": 5.331055236686217e-05, "incidence": 25.696774193548386, "pValue": 0.027855203290244115, "interpretation": "significant (p = 0.028), large effect size (d=-1.04)"}, {"cityName": "Erfurt", "timestamp": "2024-10", "value": 5.0638812257254375e-05, "incidence": 20.23225806451613, "pValue": 0.43414347004791887, "interpretation": "not statistically significant (p = 0.434), small effect size (d=-0.33)"}, {"cityName": "Jena", "timestamp": "2024-10", "value": 5.908012907538149e-05, "incidence": 21.919354838709676, "pValue": 0.6111932797749173, "interpretation": "not statistically significant (p = 0.611), small effect size (d=-0.23)"}]