[{"cityName": "Kiel", "timestamp": "2024-11", "value": 6.098112845349879e-05, "incidence": 10.433333333333334, "pValue": 0.6365858893854605, "interpretation": "not statistically significant (p = 0.637), small effect size (d=-0.31)"}, {"cityName": "L\u00fcbeck", "timestamp": "2024-11", "value": 6.806615015698803e-05, "incidence": 7.526666666666667, "pValue": 0.7382342945354985, "interpretation": "not statistically significant (p = 0.738), negligible effect size (d=0.17)"}, {"cityName": "Hamburg", "timestamp": "2024-11", "value": 7.561347274868576e-05, "incidence": 6.883333333333335, "pValue": 0.7690870401340815, "interpretation": "not statistically significant (p = 0.769), negligible effect size (d=-0.14)"}, {"cityName": "Braunschweig", "timestamp": "2024-11", "value": 5.636957254918183e-05, "incidence": 7.320000000000001, "pValue": 0.07021102480354753, "interpretation": "not statistically significant (p = 0.070), large effect size (d=-1.02)"}, {"cityName": "Salzgitter", "timestamp": "2024-11", "value": 5.615400150418282e-05, "incidence": 11.413333333333334, "pValue": 0.6760561285528741, "interpretation": "not statistically significant (p = 0.676), small effect size (d=-0.21)"}, {"cityName": "Wolfsburg", "timestamp": "2024-11", "value": 5.852283395238613e-05, "incidence": 5.6433333333333335, "pValue": 0.43422142884742854, "interpretation": "not statistically significant (p = 0.434), small effect size (d=-0.42)"}, {"cityName": "G\u00f6ttingen", "timestamp": "2024-11", "value": 5.142863041588238e-05, "incidence": 13.636666666666665, "pValue": 0.6639003170968731, "interpretation": "not statistically significant (p = 0.664), small effect size (d=-0.27)"}, {"cityName": "Hannover", "timestamp": "2024-11", "value": 5.9711152540617864e-05, "incidence": 10.28, "pValue": 0.7111477041987069, "interpretation": "not statistically significant (p = 0.711), negligible effect size (d=-0.18)"}, {"cityName": "Hildesheim", "timestamp": "2024-11", "value": 5.987652248757727e-05, "incidence": 7.706666666666667, "pValue": 0.517396279280609, "interpretation": "not statistically significant (p = 0.517), small effect size (d=0.36)"}, {"cityName": "Oldenburg (Oldb)", "timestamp": "2024-11", "value": 6.286665447987616e-05, "incidence": 11.943333333333332, "pValue": 0.897835875333555, "interpretation": "not statistically significant (p = 0.898), negligible effect size (d=-0.08)"}, {"cityName": "Osnabr\u00fcck", "timestamp": "2024-11", "value": 6.977206794545054e-05, "incidence": 5.96, "pValue": 0.41065818875110616, "interpretation": "not statistically significant (p = 0.411), small effect size (d=-0.39)"}, {"cityName": "Bremen", "timestamp": "2024-11", "value": 6.045654919914535e-05, "incidence": 5.633333333333334, "pValue": 0.2154261177855751, "interpretation": "not statistically significant (p = 0.215), medium effect size (d=-0.65)"}, {"cityName": "Bremerhaven", "timestamp": "2024-11", "value": 5.051720654591918e-05, "incidence": 1.686666666666667, "pValue": 0.48275799033437616, "interpretation": "not statistically significant (p = 0.483), small effect size (d=-0.44)"}, {"cityName": "D\u00fcsseldorf", "timestamp": "2024-11", "value": 0.0001138055174634224, "incidence": 7.503333333333333, "pValue": 0.08700682347666294, "interpretation": "not statistically significant (p = 0.087), large effect size (d=-0.86)"}, {"cityName": "Duisburg", "timestamp": "2024-11", "value": 0.00011592746401826541, "incidence": 6.746666666666666, "pValue": 0.08042617830745397, "interpretation": "not statistically significant (p = 0.080), medium effect size (d=-0.77)"}, {"cityName": "Essen", "timestamp": "2024-11", "value": 0.00010021026126849346, "incidence": 7.58, "pValue": 0.08837789779530951, "interpretation": "not statistically significant (p = 0.088), large effect size (d=-0.95)"}, {"cityName": "Krefeld", "timestamp": "2024-11", "value": 0.00011503448387464651, "incidence": 9.806666666666665, "pValue": 0.11911269748869649, "interpretation": "not statistically significant (p = 0.119), medium effect size (d=-0.73)"}, {"cityName": "M\u00f6nchengladbach", "timestamp": "2024-11", "value": 0.00010483021494643441, "incidence": 3.216666666666667, "pValue": 0.7608472679754512, "interpretation": "not statistically significant (p = 0.761), negligible effect size (d=-0.14)"}, {"cityName": "M\u00fclheim an der Ruhr", "timestamp": "2024-11", "value": 0.00010292061940870351, "incidence": 11.076666666666666, "pValue": 0.15989781982712614, "interpretation": "not statistically significant (p = 0.160), medium effect size (d=-0.74)"}, {"cityName": "Oberhausen", "timestamp": "2024-11", "value": 0.00010999788243610125, "incidence": 5.133333333333332, "pValue": 0.13285293557748637, "interpretation": "not statistically significant (p = 0.133), medium effect size (d=-0.78)"}, {"cityName": "Remscheid", "timestamp": "2024-11", "value": 8.248863741755486e-05, "incidence": 3.603333333333334, "pValue": 0.24628779832991976, "interpretation": "not statistically significant (p = 0.246), medium effect size (d=-0.68)"}, {"cityName": "Solingen", "timestamp": "2024-11", "value": 9.275849151890725e-05, "incidence": 4.833333333333333, "pValue": 0.6288104381106074, "interpretation": "not statistically significant (p = 0.629), small effect size (d=-0.26)"}, {"cityName": "Wuppertal", "timestamp": "2024-11", "value": 8.58285326372694e-05, "incidence": 8.083333333333334, "pValue": 0.33331740562392276, "interpretation": "not statistically significant (p = 0.333), small effect size (d=-0.49)"}, {"cityName": "Neuss", "timestamp": "2024-11", "value": 0.0001160211832029745, "incidence": 7.463333333333333, "pValue": 0.07509191187954485, "interpretation": "not statistically significant (p = 0.075), large effect size (d=-0.93)"}, {"cityName": "Moers", "timestamp": "2024-11", "value": 0.00011553276895678469, "incidence": 6.096666666666666, "pValue": 0.09718930403690637, "interpretation": "not statistically significant (p = 0.097), medium effect size (d=-0.78)"}, {"cityName": "Bonn", "timestamp": "2024-11", "value": 9.045282124795698e-05, "incidence": 4.656666666666667, "pValue": 0.47881972777125315, "interpretation": "not statistically significant (p = 0.479), small effect size (d=-0.39)"}, {"cityName": "K\u00f6ln", "timestamp": "2024-11", "value": 0.00010376389966242843, "incidence": 3.8466666666666662, "pValue": 0.3658871441267212, "interpretation": "not statistically significant (p = 0.366), small effect size (d=-0.43)"}, {"cityName": "Leverkusen", "timestamp": "2024-11", "value": 9.610163397155702e-05, "incidence": 6.003333333333334, "pValue": 0.05089566723317792, "interpretation": "not statistically significant (p = 0.051), large effect size (d=-1.08)"}, {"cityName": "Aachen", "timestamp": "2024-11", "value": 7.701225996274373e-05, "incidence": 5.3133333333333335, "pValue": 0.7215672019262389, "interpretation": "not statistically significant (p = 0.722), negligible effect size (d=-0.18)"}, {"cityName": "Bergisch Gladbach", "timestamp": "2024-11", "value": 8.522157025124346e-05, "incidence": 2.65, "pValue": 0.9843090304226876, "interpretation": "not statistically significant (p = 0.984), negligible effect size (d=-0.01)"}, {"cityName": "Bottrop", "timestamp": "2024-11", "value": 0.00011223465587724658, "incidence": 14.143333333333336, "pValue": 0.03934187568485362, "interpretation": "significant (p = 0.039), large effect size (d=-1.03)"}, {"cityName": "Gelsenkirchen", "timestamp": "2024-11", "value": 0.00011770879192387357, "incidence": 12.013333333333332, "pValue": 0.11238643852485308, "interpretation": "not statistically significant (p = 0.112), large effect size (d=-0.82)"}, {"cityName": "M\u00fcnster", "timestamp": "2024-11", "value": 7.960749299902665e-05, "incidence": 5.4399999999999995, "pValue": 0.27945542481121, "interpretation": "not statistically significant (p = 0.279), small effect size (d=-0.49)"}, {"cityName": "Recklinghausen", "timestamp": "2024-11", "value": 0.00011869737556060919, "incidence": 9.03, "pValue": 0.06156437475966476, "interpretation": "not statistically significant (p = 0.062), large effect size (d=-1.11)"}, {"cityName": "Bielefeld", "timestamp": "2024-11", "value": 6.781671739493807e-05, "incidence": 8.56, "pValue": 0.29635386117878726, "interpretation": "not statistically significant (p = 0.296), small effect size (d=-0.47)"}, {"cityName": "G\u00fctersloh", "timestamp": "2024-11", "value": 7.401226321235299e-05, "incidence": 4.303333333333333, "pValue": 0.22446402762375184, "interpretation": "not statistically significant (p = 0.224), medium effect size (d=-0.62)"}, {"cityName": "Paderborn", "timestamp": "2024-11", "value": 7.14619659007557e-05, "incidence": 2.2633333333333336, "pValue": 0.3535442172120714, "interpretation": "not statistically significant (p = 0.354), small effect size (d=0.50)"}, {"cityName": "Bochum", "timestamp": "2024-11", "value": 0.00010604263904194038, "incidence": 11.199999999999998, "pValue": 0.05409661152372326, "interpretation": "not statistically significant (p = 0.054), large effect size (d=-1.19)"}, {"cityName": "Dortmund", "timestamp": "2024-11", "value": 0.00010040509240592227, "incidence": 8.203333333333335, "pValue": 0.11825771706437892, "interpretation": "not statistically significant (p = 0.118), large effect size (d=-0.90)"}, {"cityName": "Hagen", "timestamp": "2024-11", "value": 8.256471683752948e-05, "incidence": 7.03, "pValue": 0.15106086070639815, "interpretation": "not statistically significant (p = 0.151), medium effect size (d=-0.79)"}, {"cityName": "Hamm", "timestamp": "2024-11", "value": 9.041491319381056e-05, "incidence": 5.769999999999999, "pValue": 0.6357625038107299, "interpretation": "not statistically significant (p = 0.636), small effect size (d=-0.25)"}, {"cityName": "Herne", "timestamp": "2024-11", "value": 0.00011286924127489329, "incidence": 7.329999999999999, "pValue": 0.02340154734484646, "interpretation": "significant (p = 0.023), large effect size (d=-1.50)"}, {"cityName": "Siegen", "timestamp": "2024-11", "value": 6.103100604377687e-05, "incidence": 6.296666666666666, "pValue": 0.6554823231819085, "interpretation": "not statistically significant (p = 0.655), small effect size (d=-0.29)"}, {"cityName": "Darmstadt", "timestamp": "2024-11", "value": 7.621693128550595e-05, "incidence": 7.713333333333333, "pValue": 0.27524436384908235, "interpretation": "not statistically significant (p = 0.275), medium effect size (d=-0.76)"}, {"cityName": "Frankfurt am Main", "timestamp": "2024-11", "value": 9.846458719535308e-05, "incidence": 8.15333333333333, "pValue": 0.9267118350117783, "interpretation": "not statistically significant (p = 0.927), negligible effect size (d=-0.05)"}, {"cityName": "Offenbach am Main", "timestamp": "2024-11", "value": 8.973934349011292e-05, "incidence": 9.589999999999998, "pValue": 0.7779267023932973, "interpretation": "not statistically significant (p = 0.778), negligible effect size (d=-0.20)"}, {"cityName": "Wiesbaden", "timestamp": "2024-11", "value": 8.813840233617359e-05, "incidence": 6.419999999999999, "pValue": 0.7657676461077332, "interpretation": "not statistically significant (p = 0.766), negligible effect size (d=0.18)"}, {"cityName": "Hanau", "timestamp": "2024-11", "value": 8.991078581087865e-05, "incidence": 9.973333333333334, "pValue": 0.7568186281549967, "interpretation": "not statistically significant (p = 0.757), small effect size (d=0.22)"}, {"cityName": "Kassel", "timestamp": "2024-11", "value": 6.312856890468134e-05, "incidence": 13.3, "pValue": 0.9131404260666016, "interpretation": "not statistically significant (p = 0.913), negligible effect size (d=0.07)"}, {"cityName": "Koblenz", "timestamp": "2024-11", "value": 7.780233216989372e-05, "incidence": 10.229999999999999, "pValue": 0.3064724284962503, "interpretation": "not statistically significant (p = 0.306), medium effect size (d=-0.60)"}, {"cityName": "Trier", "timestamp": "2024-11", "value": 7.431900594383478e-05, "incidence": 4.2, "pValue": 0.9353968141763034, "interpretation": "not statistically significant (p = 0.935), negligible effect size (d=-0.06)"}, {"cityName": "Kaiserslautern", "timestamp": "2024-11", "value": 5.2503323576484734e-05, "incidence": 15.850000000000003, "pValue": 0.4719581380677531, "interpretation": "not statistically significant (p = 0.472), small effect size (d=-0.40)"}, {"cityName": "Ludwigshafen am Rhein", "timestamp": "2024-11", "value": 0.00011692370753735304, "incidence": 4.326666666666667, "pValue": 1.0, "interpretation": "Insufficient data for this month for a statistical test."}, {"cityName": "Mainz", "timestamp": "2024-11", "value": 9.050667722476646e-05, "incidence": 8.569999999999999, "pValue": 0.9982136004959496, "interpretation": "not statistically significant (p = 0.998), negligible effect size (d=0.00)"}, {"cityName": "Stuttgart", "timestamp": "2024-11", "value": 7.219231014864313e-05, "incidence": 5.836666666666667, "pValue": 0.34129959613463645, "interpretation": "not statistically significant (p = 0.341), small effect size (d=0.44)"}, {"cityName": "Heilbronn", "timestamp": "2024-11", "value": 7.943649931500356e-05, "incidence": 8.573333333333332, "pValue": 0.25646125653270374, "interpretation": "not statistically significant (p = 0.256), medium effect size (d=-0.74)"}, {"cityName": "Karlsruhe", "timestamp": "2024-11", "value": 7.208358341207108e-05, "incidence": 5.886666666666667, "pValue": 0.3979932750924029, "interpretation": "not statistically significant (p = 0.398), small effect size (d=-0.44)"}, {"cityName": "Heidelberg", "timestamp": "2024-11", "value": 8.195565131149794e-05, "incidence": 6.37, "pValue": 0.7725435695520589, "interpretation": "not statistically significant (p = 0.773), small effect size (d=0.20)"}, {"cityName": "Mannheim", "timestamp": "2024-11", "value": 0.00010858657769858837, "incidence": 12.709999999999997, "pValue": 0.454285861541064, "interpretation": "not statistically significant (p = 0.454), small effect size (d=0.49)"}, {"cityName": "Pforzheim", "timestamp": "2024-11", "value": 5.8190858302017055e-05, "incidence": 1.6566666666666665, "pValue": 0.5873728375836662, "interpretation": "not statistically significant (p = 0.587), small effect size (d=-0.30)"}, {"cityName": "Freiburg im Breisgau", "timestamp": "2024-11", "value": 5.539563587970204e-05, "incidence": 8.143333333333334, "pValue": 0.8917757149938703, "interpretation": "not statistically significant (p = 0.892), negligible effect size (d=-0.07)"}, {"cityName": "Reutlingen", "timestamp": "2024-11", "value": 5.938913091085851e-05, "incidence": 10.153333333333334, "pValue": 0.8649257800461946, "interpretation": "not statistically significant (p = 0.865), negligible effect size (d=-0.08)"}, {"cityName": "Ulm", "timestamp": "2024-11", "value": 5.496094787591382e-05, "incidence": 11.476666666666667, "pValue": 0.3916382936244327, "interpretation": "not statistically significant (p = 0.392), medium effect size (d=0.72)"}, {"cityName": "Ingolstadt", "timestamp": "2024-11", "value": 6.431564300631483e-05, "incidence": 6.603333333333333, "pValue": 0.9051115827999149, "interpretation": "not statistically significant (p = 0.905), negligible effect size (d=0.07)"}, {"cityName": "M\u00fcnchen", "timestamp": "2024-11", "value": 6.871573770275482e-05, "incidence": 5.2700000000000005, "pValue": 0.27829117210958554, "interpretation": "not statistically significant (p = 0.278), medium effect size (d=0.58)"}, {"cityName": "Regensburg", "timestamp": "2024-11", "value": 6.040664544949929e-05, "incidence": 7.439999999999999, "pValue": 0.2834868061230675, "interpretation": "not statistically significant (p = 0.283), medium effect size (d=-0.68)"}, {"cityName": "Erlangen", "timestamp": "2024-11", "value": 6.466984216656004e-05, "incidence": 10.419999999999998, "pValue": 0.6713231838798135, "interpretation": "not statistically significant (p = 0.671), small effect size (d=-0.26)"}, {"cityName": "F\u00fcrth", "timestamp": "2024-11", "value": 6.449733627960086e-05, "incidence": 20.313333333333336, "pValue": 0.1949750910436636, "interpretation": "not statistically significant (p = 0.195), large effect size (d=-0.88)"}, {"cityName": "N\u00fcrnberg", "timestamp": "2024-11", "value": 5.911374252966859e-05, "incidence": 9.79, "pValue": 0.03697278145673834, "interpretation": "significant (p = 0.037), large effect size (d=-1.31)"}, {"cityName": "W\u00fcrzburg", "timestamp": "2024-11", "value": 5.858540680492297e-05, "incidence": 8.65, "pValue": 0.6848077777911168, "interpretation": "not statistically significant (p = 0.685), small effect size (d=0.25)"}, {"cityName": "Augsburg", "timestamp": "2024-11", "value": 4.9038915536724606e-05, "incidence": 7.6066666666666665, "pValue": 0.7455594731651014, "interpretation": "not statistically significant (p = 0.746), negligible effect size (d=-0.18)"}, {"cityName": "Saarbr\u00fccken", "timestamp": "2024-11", "value": 5.940186480681102e-05, "incidence": 9.650000000000002, "pValue": 0.8246202511576279, "interpretation": "not statistically significant (p = 0.825), negligible effect size (d=-0.11)"}, {"cityName": "Berlin", "timestamp": "2024-11", "value": 8.04924269820132e-05, "incidence": 0.0, "pValue": 0.539382994069009, "interpretation": "not statistically significant (p = 0.539), small effect size (d=-0.30)"}, {"cityName": "Cottbus", "timestamp": "2024-11", "value": 7.655553949566987e-05, "incidence": 19.933333333333337, "pValue": 0.5359142043352234, "interpretation": "not statistically significant (p = 0.536), small effect size (d=-0.34)"}, {"cityName": "Potsdam", "timestamp": "2024-11", "value": 7.056671550826115e-05, "incidence": 10.213333333333336, "pValue": 0.5632169022756258, "interpretation": "not statistically significant (p = 0.563), small effect size (d=0.29)"}, {"cityName": "Rostock", "timestamp": "2024-11", "value": 4.535339151819547e-05, "incidence": 23.279999999999998, "pValue": 0.6506552217517755, "interpretation": "not statistically significant (p = 0.651), small effect size (d=-0.26)"}, {"cityName": "Chemnitz", "timestamp": "2024-11", "value": 6.630021806170301e-05, "incidence": 30.456666666666663, "pValue": 0.9740174657018397, "interpretation": "not statistically significant (p = 0.974), negligible effect size (d=-0.02)"}, {"cityName": "Dresden", "timestamp": "2024-11", "value": 7.871483367952433e-05, "incidence": 24.783333333333335, "pValue": 0.8905115019392578, "interpretation": "not statistically significant (p = 0.891), negligible effect size (d=0.06)"}, {"cityName": "Leipzig", "timestamp": "2024-11", "value": 6.0899356635762196e-05, "incidence": 27.92666666666667, "pValue": 0.19033671531611157, "interpretation": "not statistically significant (p = 0.190), medium effect size (d=-0.67)"}, {"cityName": "Halle (Saale)", "timestamp": "2024-11", "value": 6.130917851502697e-05, "incidence": 44.313333333333325, "pValue": 0.5316596010915497, "interpretation": "not statistically significant (p = 0.532), small effect size (d=-0.40)"}, {"cityName": "Magdeburg", "timestamp": "2024-11", "value": 4.934240438926377e-05, "incidence": 27.966666666666676, "pValue": 0.1294035903210137, "interpretation": "not statistically significant (p = 0.129), large effect size (d=-0.91)"}, {"cityName": "Erfurt", "timestamp": "2024-11", "value": 4.957246772469358e-05, "incidence": 18.84, "pValue": 0.4585651860140194, "interpretation": "not statistically significant (p = 0.459), small effect size (d=-0.37)"}, {"cityName": "Jena", "timestamp": "2024-11", "value": 5.799096025940445e-05, "incidence": 22.05, "pValue": 0.7758652366318771, "interpretation": "not statistically significant (p = 0.776), negligible effect size (d=0.15)"}]