[{"cityName": "Kiel", "timestamp": "2024-02", "value": 2.7185283778678804e-05, "incidence": 2.8931034482758626, "pValue": 0.07852892126863784, "interpretation": "not statistically significant (p = 0.079), large effect size (d=-0.85)"}, {"cityName": "L\u00fcbeck", "timestamp": "2024-02", "value": 4.888148072900044e-05, "incidence": 3.73103448275862, "pValue": 0.05156326542786199, "interpretation": "not statistically significant (p = 0.052), large effect size (d=-0.96)"}, {"cityName": "Hamburg", "timestamp": "2024-02", "value": 4.095179546210501e-05, "incidence": 4.051724137931035, "pValue": 0.05216360334662928, "interpretation": "not statistically significant (p = 0.052), large effect size (d=-1.12)"}, {"cityName": "Braunschweig", "timestamp": "2024-02", "value": 3.913403077818015e-05, "incidence": 3.431034482758622, "pValue": 0.01986548489952782, "interpretation": "significant (p = 0.020), large effect size (d=-1.20)"}, {"cityName": "Salzgitter", "timestamp": "2024-02", "value": 3.345033619552851e-05, "incidence": 1.6655172413793102, "pValue": 0.0002925699394611947, "interpretation": "highly significant (p < 0.001), large effect size (d=-2.06)"}, {"cityName": "Wolfsburg", "timestamp": "2024-02", "value": 3.08516900986433e-05, "incidence": 2.262068965517241, "pValue": 0.00024909050772342265, "interpretation": "highly significant (p < 0.001), large effect size (d=-1.77)"}, {"cityName": "G\u00f6ttingen", "timestamp": "2024-02", "value": 3.388329475585904e-05, "incidence": 3.555172413793103, "pValue": 8.616849505669414e-05, "interpretation": "highly significant (p < 0.001), large effect size (d=-2.30)"}, {"cityName": "Hannover", "timestamp": "2024-02", "value": 4.0008514923484704e-05, "incidence": 5.66896551724138, "pValue": 0.007079357480106674, "interpretation": "very significant (p < 0.01), large effect size (d=-1.29)"}, {"cityName": "Hildesheim", "timestamp": "2024-02", "value": 2.504443845656865e-05, "incidence": 3.8862068965517236, "pValue": 0.055829188220808394, "interpretation": "not statistically significant (p = 0.056), large effect size (d=-1.04)"}, {"cityName": "Oldenburg (Oldb)", "timestamp": "2024-02", "value": 2.7991022216156124e-05, "incidence": 2.3172413793103446, "pValue": 0.0024955415756193738, "interpretation": "very significant (p < 0.01), large effect size (d=-1.76)"}, {"cityName": "Osnabr\u00fcck", "timestamp": "2024-02", "value": 2.840642065910453e-05, "incidence": 2.648275862068966, "pValue": 0.042518291364805144, "interpretation": "significant (p = 0.043), large effect size (d=-1.37)"}, {"cityName": "Bremen", "timestamp": "2024-02", "value": 3.972922482329314e-05, "incidence": 2.9413793103448276, "pValue": 0.07383489919301336, "interpretation": "not statistically significant (p = 0.074), large effect size (d=-0.92)"}, {"cityName": "Bremerhaven", "timestamp": "2024-02", "value": 9.179473896178284e-06, "incidence": 1.255172413793103, "pValue": 1.0, "interpretation": "Insufficient data for this month for a statistical test."}, {"cityName": "D\u00fcsseldorf", "timestamp": "2024-02", "value": 0.00012416876398208665, "incidence": 5.7620689655172415, "pValue": 0.16350332014513266, "interpretation": "not statistically significant (p = 0.164), medium effect size (d=-0.66)"}, {"cityName": "Duisburg", "timestamp": "2024-02", "value": 9.434266039767326e-05, "incidence": 5.1896551724137945, "pValue": 0.297316175782995, "interpretation": "not statistically significant (p = 0.297), medium effect size (d=-0.66)"}, {"cityName": "Essen", "timestamp": "2024-02", "value": 9.40491684163228e-05, "incidence": 4.9206896551724135, "pValue": 0.10934772442106293, "interpretation": "not statistically significant (p = 0.109), large effect size (d=-0.84)"}, {"cityName": "Krefeld", "timestamp": "2024-02", "value": 9.22625633673026e-05, "incidence": 7.958620689655174, "pValue": 0.023758856177514387, "interpretation": "significant (p = 0.024), large effect size (d=-1.20)"}, {"cityName": "M\u00f6nchengladbach", "timestamp": "2024-02", "value": 7.403351302290785e-05, "incidence": 2.0, "pValue": 0.02503250221290376, "interpretation": "significant (p = 0.025), large effect size (d=-1.09)"}, {"cityName": "M\u00fclheim an der Ruhr", "timestamp": "2024-02", "value": 0.00010118921313227879, "incidence": 6.793103448275862, "pValue": 0.1441265820712485, "interpretation": "not statistically significant (p = 0.144), large effect size (d=-0.85)"}, {"cityName": "Oberhausen", "timestamp": "2024-02", "value": 9.078150973297082e-05, "incidence": 2.393103448275862, "pValue": 0.07676872957415865, "interpretation": "not statistically significant (p = 0.077), large effect size (d=-1.20)"}, {"cityName": "Remscheid", "timestamp": "2024-02", "value": 7.366622642924388e-05, "incidence": 5.69655172413793, "pValue": 0.21684504931230045, "interpretation": "not statistically significant (p = 0.217), medium effect size (d=-0.73)"}, {"cityName": "Solingen", "timestamp": "2024-02", "value": 0.00015194318257272243, "incidence": 4.424137931034483, "pValue": 0.8855329427352019, "interpretation": "not statistically significant (p = 0.886), negligible effect size (d=-0.08)"}, {"cityName": "Wuppertal", "timestamp": "2024-02", "value": 8.141343412851845e-05, "incidence": 4.758620689655173, "pValue": 0.06680886613982198, "interpretation": "not statistically significant (p = 0.067), large effect size (d=-1.00)"}, {"cityName": "Neuss", "timestamp": "2024-02", "value": 0.000105442559288349, "incidence": 5.8103448275862055, "pValue": 0.13301858122407018, "interpretation": "not statistically significant (p = 0.133), medium effect size (d=-0.77)"}, {"cityName": "Moers", "timestamp": "2024-02", "value": 7.751752023718186e-05, "incidence": 4.127586206896551, "pValue": 0.11198892688188954, "interpretation": "not statistically significant (p = 0.112), large effect size (d=-1.02)"}, {"cityName": "Bonn", "timestamp": "2024-02", "value": 5.081119227477095e-05, "incidence": 4.158620689655173, "pValue": 0.03558292070672578, "interpretation": "significant (p = 0.036), large effect size (d=-1.01)"}, {"cityName": "K\u00f6ln", "timestamp": "2024-02", "value": 0.00010063801892101765, "incidence": 4.63448275862069, "pValue": 0.06600474519363002, "interpretation": "not statistically significant (p = 0.066), medium effect size (d=-0.74)"}, {"cityName": "Leverkusen", "timestamp": "2024-02", "value": 0.0001269154599867761, "incidence": 7.148275862068965, "pValue": 0.2308816838776256, "interpretation": "not statistically significant (p = 0.231), medium effect size (d=-0.55)"}, {"cityName": "Aachen", "timestamp": "2024-02", "value": 3.110376941361304e-05, "incidence": 3.158620689655172, "pValue": 0.0020483816301462626, "interpretation": "very significant (p < 0.01), large effect size (d=-1.61)"}, {"cityName": "Bergisch Gladbach", "timestamp": "2024-02", "value": 8.43566792484905e-05, "incidence": 3.9, "pValue": 0.2837544157161445, "interpretation": "not statistically significant (p = 0.284), medium effect size (d=-0.57)"}, {"cityName": "Bottrop", "timestamp": "2024-02", "value": 6.475930978708407e-05, "incidence": 6.686206896551723, "pValue": 0.03878011723248704, "interpretation": "significant (p = 0.039), large effect size (d=-1.40)"}, {"cityName": "Gelsenkirchen", "timestamp": "2024-02", "value": 8.403781034490642e-05, "incidence": 4.993103448275862, "pValue": 0.1662106824192419, "interpretation": "not statistically significant (p = 0.166), large effect size (d=-0.90)"}, {"cityName": "M\u00fcnster", "timestamp": "2024-02", "value": 4.893950627822625e-05, "incidence": 3.0241379310344834, "pValue": 0.15696753370417277, "interpretation": "not statistically significant (p = 0.157), large effect size (d=-0.90)"}, {"cityName": "Recklinghausen", "timestamp": "2024-02", "value": 0.00011580955022229598, "incidence": 5.341379310344826, "pValue": 1.0, "interpretation": "Insufficient data for this month for a statistical test."}, {"cityName": "Bielefeld", "timestamp": "2024-02", "value": 5.174921049425999e-05, "incidence": 5.489655172413793, "pValue": 0.09533479175732827, "interpretation": "not statistically significant (p = 0.095), large effect size (d=-0.88)"}, {"cityName": "G\u00fctersloh", "timestamp": "2024-02", "value": 5.847448483109474e-05, "incidence": 2.8137931034482757, "pValue": 0.13259137212924046, "interpretation": "not statistically significant (p = 0.133), large effect size (d=-0.81)"}, {"cityName": "Paderborn", "timestamp": "2024-02", "value": 5.405893053619131e-05, "incidence": 1.7172413793103445, "pValue": 0.12673039320814322, "interpretation": "not statistically significant (p = 0.127), large effect size (d=-0.81)"}, {"cityName": "Bochum", "timestamp": "2024-02", "value": 9.597830163935821e-05, "incidence": 5.541379310344827, "pValue": 0.15999073018599658, "interpretation": "not statistically significant (p = 0.160), medium effect size (d=-0.74)"}, {"cityName": "Dortmund", "timestamp": "2024-02", "value": 0.00010143235033633663, "incidence": 5.4241379310344815, "pValue": 0.21138254663851508, "interpretation": "not statistically significant (p = 0.211), medium effect size (d=-0.65)"}, {"cityName": "Hagen", "timestamp": "2024-02", "value": 6.7820451382933e-05, "incidence": 3.9448275862068956, "pValue": 0.1224432154942106, "interpretation": "not statistically significant (p = 0.122), medium effect size (d=-0.80)"}, {"cityName": "Hamm", "timestamp": "2024-02", "value": 8.866327282573496e-05, "incidence": 3.144827586206896, "pValue": 0.37674293209896204, "interpretation": "not statistically significant (p = 0.377), small effect size (d=-0.50)"}, {"cityName": "Herne", "timestamp": "2024-02", "value": 0.0001181798055768013, "incidence": 4.6241379310344835, "pValue": 0.3951372141996522, "interpretation": "not statistically significant (p = 0.395), medium effect size (d=-0.55)"}, {"cityName": "Siegen", "timestamp": "2024-02", "value": 3.937265137210488e-05, "incidence": 3.7482758620689656, "pValue": 0.01797539615503224, "interpretation": "significant (p = 0.018), large effect size (d=-1.20)"}, {"cityName": "Darmstadt", "timestamp": "2024-02", "value": 7.214665476402098e-05, "incidence": 5.041379310344827, "pValue": 0.0022742708626131533, "interpretation": "very significant (p < 0.01), large effect size (d=-1.42)"}, {"cityName": "Frankfurt am Main", "timestamp": "2024-02", "value": 8.654868526553565e-05, "incidence": 5.286206896551724, "pValue": 0.007646921351155314, "interpretation": "very significant (p < 0.01), large effect size (d=-1.16)"}, {"cityName": "Offenbach am Main", "timestamp": "2024-02", "value": 6.699766857888211e-05, "incidence": 9.279310344827586, "pValue": 0.002077511273744179, "interpretation": "very significant (p < 0.01), large effect size (d=-1.55)"}, {"cityName": "Wiesbaden", "timestamp": "2024-02", "value": 5.4345731364770065e-05, "incidence": 2.213793103448276, "pValue": 0.00025753626376424357, "interpretation": "highly significant (p < 0.001), large effect size (d=-1.85)"}, {"cityName": "Hanau", "timestamp": "2024-02", "value": 5.1960465498268604e-05, "incidence": 5.220689655172413, "pValue": 0.0010289002985552076, "interpretation": "very significant (p < 0.01), large effect size (d=-1.52)"}, {"cityName": "Kassel", "timestamp": "2024-02", "value": 3.633934021410015e-05, "incidence": 4.282758620689656, "pValue": 0.004820684206164783, "interpretation": "very significant (p < 0.01), large effect size (d=-1.61)"}, {"cityName": "Koblenz", "timestamp": "2024-02", "value": 4.945410506075455e-05, "incidence": 7.051724137931033, "pValue": 8.128189199120424e-05, "interpretation": "highly significant (p < 0.001), large effect size (d=-1.95)"}, {"cityName": "Trier", "timestamp": "2024-02", "value": 4.816851287614554e-05, "incidence": 3.120689655172413, "pValue": 0.05457670176286812, "interpretation": "not statistically significant (p = 0.055), large effect size (d=-1.10)"}, {"cityName": "Kaiserslautern", "timestamp": "2024-02", "value": 3.466233521556625e-05, "incidence": 6.820689655172414, "pValue": 0.0003883238694337855, "interpretation": "highly significant (p < 0.001), large effect size (d=-1.78)"}, {"cityName": "Ludwigshafen am Rhein", "timestamp": "2024-02", "value": 7.324177325547983e-05, "incidence": 2.7862068965517235, "pValue": 0.004555954132669293, "interpretation": "very significant (p < 0.01), large effect size (d=-1.19)"}, {"cityName": "Mainz", "timestamp": "2024-02", "value": 4.863865615334362e-05, "incidence": 4.541379310344827, "pValue": 0.00012547770099716085, "interpretation": "highly significant (p < 0.001), large effect size (d=-1.94)"}, {"cityName": "Stuttgart", "timestamp": "2024-02", "value": 3.799139004614618e-05, "incidence": 3.696551724137932, "pValue": 0.011383646033551346, "interpretation": "significant (p = 0.011), large effect size (d=-1.20)"}, {"cityName": "Heilbronn", "timestamp": "2024-02", "value": 4.6474600417746435e-05, "incidence": 5.362068965517241, "pValue": 0.015078688683942005, "interpretation": "significant (p = 0.015), large effect size (d=-1.27)"}, {"cityName": "Karlsruhe", "timestamp": "2024-02", "value": 6.483194107810656e-05, "incidence": 3.851724137931034, "pValue": 0.022834622149701198, "interpretation": "significant (p = 0.023), large effect size (d=-1.08)"}, {"cityName": "Heidelberg", "timestamp": "2024-02", "value": 6.11652595628249e-05, "incidence": 1.4344827586206903, "pValue": 0.01922573065346962, "interpretation": "significant (p = 0.019), large effect size (d=-1.37)"}, {"cityName": "Mannheim", "timestamp": "2024-02", "value": 7.765517570078373e-05, "incidence": 7.196551724137931, "pValue": 0.002498930396749602, "interpretation": "very significant (p < 0.01), large effect size (d=-1.35)"}, {"cityName": "Pforzheim", "timestamp": "2024-02", "value": 4.209266626276076e-05, "incidence": 2.4241379310344833, "pValue": 0.005216109171556668, "interpretation": "very significant (p < 0.01), large effect size (d=-1.56)"}, {"cityName": "Freiburg im Breisgau", "timestamp": "2024-02", "value": 3.204250242561102e-05, "incidence": 4.172413793103448, "pValue": 5.682955155413703e-05, "interpretation": "highly significant (p < 0.001), large effect size (d=-1.52)"}, {"cityName": "Reutlingen", "timestamp": "2024-02", "value": 3.238433419028297e-05, "incidence": 5.127586206896554, "pValue": 0.0008872556701104927, "interpretation": "highly significant (p < 0.001), large effect size (d=-1.54)"}, {"cityName": "Ulm", "timestamp": "2024-02", "value": 3.651113518954892e-05, "incidence": 6.344827586206897, "pValue": 0.002528207777027421, "interpretation": "very significant (p < 0.01), large effect size (d=-1.23)"}, {"cityName": "Ingolstadt", "timestamp": "2024-02", "value": 4.087173147127032e-05, "incidence": 7.10344827586207, "pValue": 0.008009650354179972, "interpretation": "very significant (p < 0.01), large effect size (d=-1.40)"}, {"cityName": "M\u00fcnchen", "timestamp": "2024-02", "value": 4.697350623945777e-05, "incidence": 5.451724137931034, "pValue": 0.011645286151103369, "interpretation": "significant (p = 0.012), large effect size (d=-0.96)"}, {"cityName": "Regensburg", "timestamp": "2024-02", "value": 4.8050916908929746e-05, "incidence": 6.948275862068967, "pValue": 0.03913330742319804, "interpretation": "significant (p = 0.039), large effect size (d=-1.11)"}, {"cityName": "Erlangen", "timestamp": "2024-02", "value": 4.136899536076401e-05, "incidence": 3.2551724137931046, "pValue": 0.07310977919611561, "interpretation": "not statistically significant (p = 0.073), large effect size (d=-1.20)"}, {"cityName": "F\u00fcrth", "timestamp": "2024-02", "value": 4.435267765074968e-05, "incidence": 2.196551724137931, "pValue": 0.07270691729577128, "interpretation": "not statistically significant (p = 0.073), large effect size (d=-1.17)"}, {"cityName": "N\u00fcrnberg", "timestamp": "2024-02", "value": 4.381510767747056e-05, "incidence": 6.027586206896552, "pValue": 0.01231926385192742, "interpretation": "significant (p = 0.012), large effect size (d=-1.26)"}, {"cityName": "W\u00fcrzburg", "timestamp": "2024-02", "value": 4.1160012187901884e-05, "incidence": 2.93103448275862, "pValue": 6.914653207999763e-05, "interpretation": "highly significant (p < 0.001), large effect size (d=-2.01)"}, {"cityName": "Augsburg", "timestamp": "2024-02", "value": 3.17317764991178e-05, "incidence": 5.544827586206897, "pValue": 0.0032886881676207503, "interpretation": "very significant (p < 0.01), large effect size (d=-1.39)"}, {"cityName": "Saarbr\u00fccken", "timestamp": "2024-02", "value": 4.315896658226848e-05, "incidence": 4.975862068965515, "pValue": 0.04580176452882077, "interpretation": "significant (p = 0.046), large effect size (d=-1.05)"}, {"cityName": "Berlin", "timestamp": "2024-02", "value": 3.6800831056586124e-05, "incidence": 0.0, "pValue": 0.0022194550303228735, "interpretation": "very significant (p < 0.01), large effect size (d=-1.50)"}, {"cityName": "Cottbus", "timestamp": "2024-02", "value": 4.1152825220846214e-05, "incidence": 1.8275862068965518, "pValue": 0.058809122466185054, "interpretation": "not statistically significant (p = 0.059), large effect size (d=-1.03)"}, {"cityName": "Potsdam", "timestamp": "2024-02", "value": 3.1493357656633156e-05, "incidence": 1.624137931034483, "pValue": 0.006991014168602958, "interpretation": "very significant (p < 0.01), large effect size (d=-1.35)"}, {"cityName": "Rostock", "timestamp": "2024-02", "value": 2.8382018420167945e-05, "incidence": 3.1931034482758625, "pValue": 0.03503637153482322, "interpretation": "significant (p = 0.035), large effect size (d=-0.96)"}, {"cityName": "Chemnitz", "timestamp": "2024-02", "value": 3.4057001424271883e-05, "incidence": 6.348275862068967, "pValue": 0.005552596528463218, "interpretation": "very significant (p < 0.01), large effect size (d=-1.47)"}, {"cityName": "Dresden", "timestamp": "2024-02", "value": 4.310868680477142e-05, "incidence": 4.3, "pValue": 0.07079450663373155, "interpretation": "not statistically significant (p = 0.071), large effect size (d=-0.86)"}, {"cityName": "Leipzig", "timestamp": "2024-02", "value": 5.10193024049787e-05, "incidence": 3.5413793103448272, "pValue": 0.003807432639744333, "interpretation": "very significant (p < 0.01), large effect size (d=-1.25)"}, {"cityName": "Halle (Saale)", "timestamp": "2024-02", "value": 4.2913355476533375e-05, "incidence": 7.317241379310344, "pValue": 0.00441186213905562, "interpretation": "very significant (p < 0.01), large effect size (d=-1.35)"}, {"cityName": "Magdeburg", "timestamp": "2024-02", "value": 3.618624453481875e-05, "incidence": 5.4655172413793105, "pValue": 0.005332692310096183, "interpretation": "very significant (p < 0.01), large effect size (d=-1.30)"}, {"cityName": "Erfurt", "timestamp": "2024-02", "value": 3.103487579984234e-05, "incidence": 3.5931034482758624, "pValue": 0.0030690969940150273, "interpretation": "very significant (p < 0.01), large effect size (d=-1.37)"}, {"cityName": "Jena", "timestamp": "2024-02", "value": 3.776011484054228e-05, "incidence": 4.531034482758621, "pValue": 0.06540048920276385, "interpretation": "not statistically significant (p = 0.065), large effect size (d=-0.87)"}]