[{"cityName": "Kiel", "timestamp": "2020-07", "value": 2.3242550447494502e-05, "incidence": 3.1387096774193552, "pValue": 0.25993795065699676, "interpretation": "not statistically significant (p = 0.260), medium effect size (d=-0.80)"}, {"cityName": "L\u00fcbeck", "timestamp": "2020-07", "value": 2.938746992084715e-05, "incidence": 1.1774193548387095, "pValue": 0.48501673329360384, "interpretation": "not statistically significant (p = 0.485), small effect size (d=0.40)"}, {"cityName": "Hamburg", "timestamp": "2020-07", "value": 5.018783526288139e-05, "incidence": 2.1129032258064515, "pValue": 0.8334743338368436, "interpretation": "not statistically significant (p = 0.833), negligible effect size (d=0.09)"}, {"cityName": "Braunschweig", "timestamp": "2020-07", "value": 3.2632337773547456e-05, "incidence": 1.6903225806451607, "pValue": 0.008090969767359206, "interpretation": "very significant (p < 0.01), large effect size (d=-1.77)"}, {"cityName": "Salzgitter", "timestamp": "2020-07", "value": 3.5470258444547655e-05, "incidence": 2.6677419354838716, "pValue": 0.463898981067845, "interpretation": "not statistically significant (p = 0.464), small effect size (d=-0.40)"}, {"cityName": "Wolfsburg", "timestamp": "2020-07", "value": 3.0576300464178386e-05, "incidence": 1.3161290322580645, "pValue": 0.5221267630924941, "interpretation": "not statistically significant (p = 0.522), small effect size (d=-0.35)"}, {"cityName": "G\u00f6ttingen", "timestamp": "2020-07", "value": 3.1603846721173755e-05, "incidence": 4.419354838709676, "pValue": 0.5538818837885389, "interpretation": "not statistically significant (p = 0.554), small effect size (d=0.31)"}, {"cityName": "Hannover", "timestamp": "2020-07", "value": 3.6069859848602824e-05, "incidence": 1.8774193548387095, "pValue": 0.008268361329259873, "interpretation": "very significant (p < 0.01), large effect size (d=-1.39)"}, {"cityName": "Hildesheim", "timestamp": "2020-07", "value": 2.336805439828073e-05, "incidence": 1.896774193548387, "pValue": 0.20790743522718869, "interpretation": "not statistically significant (p = 0.208), large effect size (d=-0.82)"}, {"cityName": "Oldenburg (Oldb)", "timestamp": "2020-07", "value": 2.4086919438559562e-05, "incidence": 2.4645161290322584, "pValue": 0.033411362499474684, "interpretation": "significant (p = 0.033), large effect size (d=-2.22)"}, {"cityName": "Osnabr\u00fcck", "timestamp": "2020-07", "value": 3.8205542792142793e-05, "incidence": 2.051612903225806, "pValue": 0.12670367382727704, "interpretation": "not statistically significant (p = 0.127), large effect size (d=-0.89)"}, {"cityName": "Bremen", "timestamp": "2020-07", "value": 3.724679213444718e-05, "incidence": 2.738709677419355, "pValue": 0.04415062092269725, "interpretation": "significant (p = 0.044), large effect size (d=-0.90)"}, {"cityName": "Bremerhaven", "timestamp": "2020-07", "value": 3.239094595690923e-05, "incidence": 5.380645161290321, "pValue": 0.4608580312001429, "interpretation": "not statistically significant (p = 0.461), small effect size (d=-0.37)"}, {"cityName": "D\u00fcsseldorf", "timestamp": "2020-07", "value": 9.688202337157435e-05, "incidence": 11.858064516129033, "pValue": 0.9035812610606744, "interpretation": "not statistically significant (p = 0.904), negligible effect size (d=-0.05)"}, {"cityName": "Duisburg", "timestamp": "2020-07", "value": 0.00010424989681595411, "incidence": 18.229032258064514, "pValue": 0.6307896210491328, "interpretation": "not statistically significant (p = 0.631), small effect size (d=-0.20)"}, {"cityName": "Essen", "timestamp": "2020-07", "value": 8.750267517872345e-05, "incidence": 8.1, "pValue": 0.780277473864599, "interpretation": "not statistically significant (p = 0.780), negligible effect size (d=0.13)"}, {"cityName": "Krefeld", "timestamp": "2020-07", "value": 7.510726125194476e-05, "incidence": 5.238709677419355, "pValue": 0.1933799266296565, "interpretation": "not statistically significant (p = 0.193), medium effect size (d=-0.58)"}, {"cityName": "M\u00f6nchengladbach", "timestamp": "2020-07", "value": 6.558890615043969e-05, "incidence": 8.13225806451613, "pValue": 0.10795602473120365, "interpretation": "not statistically significant (p = 0.108), medium effect size (d=-0.78)"}, {"cityName": "M\u00fclheim an der Ruhr", "timestamp": "2020-07", "value": 0.00010068570393034154, "incidence": 11.270967741935484, "pValue": 0.7799205508420275, "interpretation": "not statistically significant (p = 0.780), negligible effect size (d=0.13)"}, {"cityName": "Oberhausen", "timestamp": "2020-07", "value": 0.00011355870474989597, "incidence": 9.206451612903225, "pValue": 0.9226650351864475, "interpretation": "not statistically significant (p = 0.923), negligible effect size (d=0.05)"}, {"cityName": "Remscheid", "timestamp": "2020-07", "value": 5.994966486468911e-05, "incidence": 4.138709677419354, "pValue": 0.3182058543357145, "interpretation": "not statistically significant (p = 0.318), medium effect size (d=-0.61)"}, {"cityName": "Solingen", "timestamp": "2020-07", "value": 7.2678187279962e-05, "incidence": 9.683870967741935, "pValue": 0.2643698571934482, "interpretation": "not statistically significant (p = 0.264), medium effect size (d=-0.53)"}, {"cityName": "Wuppertal", "timestamp": "2020-07", "value": 6.913844306297876e-05, "incidence": 6.32258064516129, "pValue": 0.3167593340248266, "interpretation": "not statistically significant (p = 0.317), medium effect size (d=-0.50)"}, {"cityName": "Neuss", "timestamp": "2020-07", "value": 8.02384311100468e-05, "incidence": 5.922580645161291, "pValue": 0.1310908300247371, "interpretation": "not statistically significant (p = 0.131), medium effect size (d=-0.71)"}, {"cityName": "Moers", "timestamp": "2020-07", "value": 8.09302187657782e-05, "incidence": 7.199999999999998, "pValue": 0.4156043852260939, "interpretation": "not statistically significant (p = 0.416), small effect size (d=-0.37)"}, {"cityName": "Bonn", "timestamp": "2020-07", "value": 6.850131533362649e-05, "incidence": 3.996774193548388, "pValue": 0.6012225722329774, "interpretation": "not statistically significant (p = 0.601), small effect size (d=-0.24)"}, {"cityName": "K\u00f6ln", "timestamp": "2020-07", "value": 9.323602231840293e-05, "incidence": 6.741935483870968, "pValue": 0.09216588183831824, "interpretation": "not statistically significant (p = 0.092), medium effect size (d=-0.74)"}, {"cityName": "Leverkusen", "timestamp": "2020-07", "value": 8.402821064616243e-05, "incidence": 6.406451612903226, "pValue": 0.20820602907117147, "interpretation": "not statistically significant (p = 0.208), medium effect size (d=-0.62)"}, {"cityName": "Aachen", "timestamp": "2020-07", "value": 4.105970809428856e-05, "incidence": 2.967741935483871, "pValue": 0.012865823393525823, "interpretation": "significant (p = 0.013), large effect size (d=-1.23)"}, {"cityName": "Bergisch Gladbach", "timestamp": "2020-07", "value": 7.150586627955948e-05, "incidence": 3.135483870967742, "pValue": 0.28280702231536275, "interpretation": "not statistically significant (p = 0.283), medium effect size (d=-0.54)"}, {"cityName": "Bottrop", "timestamp": "2020-07", "value": 0.00010496174560531097, "incidence": 7.341935483870967, "pValue": 0.4765107264511518, "interpretation": "not statistically significant (p = 0.477), small effect size (d=0.39)"}, {"cityName": "Gelsenkirchen", "timestamp": "2020-07", "value": 0.00010450790389714872, "incidence": 9.567741935483872, "pValue": 0.9658341730148933, "interpretation": "not statistically significant (p = 0.966), negligible effect size (d=0.02)"}, {"cityName": "M\u00fcnster", "timestamp": "2020-07", "value": 3.567876359611227e-05, "incidence": 1.7741935483870968, "pValue": 0.009714687025498216, "interpretation": "very significant (p < 0.01), large effect size (d=-1.38)"}, {"cityName": "Recklinghausen", "timestamp": "2020-07", "value": 9.674141899897502e-05, "incidence": 4.806451612903225, "pValue": 0.25851371567233405, "interpretation": "not statistically significant (p = 0.259), medium effect size (d=0.68)"}, {"cityName": "Bielefeld", "timestamp": "2020-07", "value": 3.352343386116748e-05, "incidence": 8.461290322580647, "pValue": 0.12488589322295972, "interpretation": "not statistically significant (p = 0.125), medium effect size (d=-0.75)"}, {"cityName": "G\u00fctersloh", "timestamp": "2020-07", "value": 3.794417134486139e-05, "incidence": 26.538709677419355, "pValue": 0.14332233882282058, "interpretation": "not statistically significant (p = 0.143), large effect size (d=-0.81)"}, {"cityName": "Paderborn", "timestamp": "2020-07", "value": 3.620287057973685e-05, "incidence": 3.2612903225806456, "pValue": 0.3139067885033779, "interpretation": "not statistically significant (p = 0.314), medium effect size (d=-0.51)"}, {"cityName": "Bochum", "timestamp": "2020-07", "value": 7.917308539617807e-05, "incidence": 9.545161290322582, "pValue": 0.8866893509036308, "interpretation": "not statistically significant (p = 0.887), negligible effect size (d=-0.06)"}, {"cityName": "Dortmund", "timestamp": "2020-07", "value": 7.954232540785098e-05, "incidence": 9.974193548387097, "pValue": 0.4660021629734583, "interpretation": "not statistically significant (p = 0.466), small effect size (d=-0.35)"}, {"cityName": "Hagen", "timestamp": "2020-07", "value": 5.621059621074076e-05, "incidence": 10.316129032258065, "pValue": 0.09664344704932283, "interpretation": "not statistically significant (p = 0.097), large effect size (d=-0.90)"}, {"cityName": "Hamm", "timestamp": "2020-07", "value": 5.654976259739626e-05, "incidence": 5.748387096774193, "pValue": 0.8347967102263701, "interpretation": "not statistically significant (p = 0.835), negligible effect size (d=-0.10)"}, {"cityName": "Herne", "timestamp": "2020-07", "value": 9.601439232937991e-05, "incidence": 7.9967741935483865, "pValue": 0.29622353608292823, "interpretation": "not statistically significant (p = 0.296), medium effect size (d=0.55)"}, {"cityName": "Siegen", "timestamp": "2020-07", "value": 3.830141795333475e-05, "incidence": 4.603225806451613, "pValue": 0.5826139526505771, "interpretation": "not statistically significant (p = 0.583), small effect size (d=-0.27)"}, {"cityName": "Darmstadt", "timestamp": "2020-07", "value": 4.7213096298616044e-05, "incidence": 6.325806451612903, "pValue": 0.062131527310939294, "interpretation": "not statistically significant (p = 0.062), medium effect size (d=-0.72)"}, {"cityName": "Frankfurt am Main", "timestamp": "2020-07", "value": 5.8139176954599946e-05, "incidence": 5.451612903225805, "pValue": 0.01063370891382014, "interpretation": "significant (p = 0.011), large effect size (d=-1.05)"}, {"cityName": "Offenbach am Main", "timestamp": "2020-07", "value": 5.4465098814530805e-05, "incidence": 11.180645161290323, "pValue": 0.04434896137212921, "interpretation": "significant (p = 0.044), large effect size (d=-0.87)"}, {"cityName": "Wiesbaden", "timestamp": "2020-07", "value": 5.291636787458426e-05, "incidence": 4.561290322580645, "pValue": 0.5016025881062803, "interpretation": "not statistically significant (p = 0.502), small effect size (d=-0.27)"}, {"cityName": "Hanau", "timestamp": "2020-07", "value": 4.530526572265304e-05, "incidence": 4.345161290322581, "pValue": 0.09795104372758083, "interpretation": "not statistically significant (p = 0.098), medium effect size (d=-0.69)"}, {"cityName": "Kassel", "timestamp": "2020-07", "value": 3.3686745963576766e-05, "incidence": 2.7419354838709675, "pValue": 0.3068912391122832, "interpretation": "not statistically significant (p = 0.307), medium effect size (d=-0.56)"}, {"cityName": "Koblenz", "timestamp": "2020-07", "value": 6.0249934904277325e-05, "incidence": 1.8354838709677426, "pValue": 0.42918934671725717, "interpretation": "not statistically significant (p = 0.429), small effect size (d=0.33)"}, {"cityName": "Trier", "timestamp": "2020-07", "value": 3.4781312569975854e-05, "incidence": 4.490322580645162, "pValue": 0.5431999798170992, "interpretation": "not statistically significant (p = 0.543), small effect size (d=-0.23)"}, {"cityName": "Kaiserslautern", "timestamp": "2020-07", "value": 3.120273602410005e-05, "incidence": 7.074193548387098, "pValue": 0.1167641249384042, "interpretation": "not statistically significant (p = 0.117), medium effect size (d=-0.63)"}, {"cityName": "Ludwigshafen am Rhein", "timestamp": "2020-07", "value": 6.511118651057284e-05, "incidence": 3.225806451612903, "pValue": 0.43251556302934935, "interpretation": "not statistically significant (p = 0.433), small effect size (d=-0.30)"}, {"cityName": "Mainz", "timestamp": "2020-07", "value": 5.465881258714944e-05, "incidence": 2.7677419354838704, "pValue": 0.2480808420480276, "interpretation": "not statistically significant (p = 0.248), small effect size (d=-0.47)"}, {"cityName": "Stuttgart", "timestamp": "2020-07", "value": 3.6855528984839715e-05, "incidence": 4.290322580645161, "pValue": 0.02419620256451704, "interpretation": "significant (p = 0.024), large effect size (d=-0.94)"}, {"cityName": "Heilbronn", "timestamp": "2020-07", "value": 3.605970414355397e-05, "incidence": 2.370967741935484, "pValue": 0.07247075828737237, "interpretation": "not statistically significant (p = 0.072), medium effect size (d=-0.70)"}, {"cityName": "Karlsruhe", "timestamp": "2020-07", "value": 4.2019497292737167e-05, "incidence": 2.370967741935483, "pValue": 0.12401328986896631, "interpretation": "not statistically significant (p = 0.124), medium effect size (d=-0.51)"}, {"cityName": "Heidelberg", "timestamp": "2020-07", "value": 4.470084891899636e-05, "incidence": 0.5806451612903226, "pValue": 0.06520053252367781, "interpretation": "not statistically significant (p = 0.065), medium effect size (d=-0.71)"}, {"cityName": "Mannheim", "timestamp": "2020-07", "value": 5.9390729293227194e-05, "incidence": 2.7548387096774194, "pValue": 0.051093410096542634, "interpretation": "not statistically significant (p = 0.051), medium effect size (d=-0.73)"}, {"cityName": "Pforzheim", "timestamp": "2020-07", "value": 3.3107605607559286e-05, "incidence": 8.938709677419354, "pValue": 0.24353185512131859, "interpretation": "not statistically significant (p = 0.244), small effect size (d=-0.42)"}, {"cityName": "Freiburg im Breisgau", "timestamp": "2020-07", "value": 2.6975952399273712e-05, "incidence": 2.016129032258064, "pValue": 0.051396368697111824, "interpretation": "not statistically significant (p = 0.051), medium effect size (d=-0.65)"}, {"cityName": "Reutlingen", "timestamp": "2020-07", "value": 2.7454294468043372e-05, "incidence": 1.9258064516129028, "pValue": 0.07654290241741263, "interpretation": "not statistically significant (p = 0.077), medium effect size (d=-0.76)"}, {"cityName": "Ulm", "timestamp": "2020-07", "value": 3.463687914374628e-05, "incidence": 6.138709677419355, "pValue": 0.8151335208076079, "interpretation": "not statistically significant (p = 0.815), negligible effect size (d=-0.10)"}, {"cityName": "Ingolstadt", "timestamp": "2020-07", "value": 3.165463810243333e-05, "incidence": 5.893548387096774, "pValue": 0.6370246377902894, "interpretation": "not statistically significant (p = 0.637), small effect size (d=-0.20)"}, {"cityName": "M\u00fcnchen", "timestamp": "2020-07", "value": 3.848170252660146e-05, "incidence": 7.525806451612903, "pValue": 0.09626342942833438, "interpretation": "not statistically significant (p = 0.096), medium effect size (d=-0.77)"}, {"cityName": "Regensburg", "timestamp": "2020-07", "value": 3.4033510989199085e-05, "incidence": 5.258064516129032, "pValue": 0.886156232019932, "interpretation": "not statistically significant (p = 0.886), negligible effect size (d=-0.07)"}, {"cityName": "Erlangen", "timestamp": "2020-07", "value": 3.1204073041278336e-05, "incidence": 1.1935483870967742, "pValue": 0.23268331311844795, "interpretation": "not statistically significant (p = 0.233), medium effect size (d=-0.56)"}, {"cityName": "F\u00fcrth", "timestamp": "2020-07", "value": 3.2034883042797445e-05, "incidence": 4.16774193548387, "pValue": 0.05375830972510018, "interpretation": "not statistically significant (p = 0.054), large effect size (d=-0.96)"}, {"cityName": "N\u00fcrnberg", "timestamp": "2020-07", "value": 3.548338303737568e-05, "incidence": 3.148387096774194, "pValue": 0.02550740033241864, "interpretation": "significant (p = 0.026), large effect size (d=-1.06)"}, {"cityName": "W\u00fcrzburg", "timestamp": "2020-07", "value": 3.1066356314113364e-05, "incidence": 1.4935483870967745, "pValue": 0.0553087793817403, "interpretation": "not statistically significant (p = 0.055), large effect size (d=-0.81)"}, {"cityName": "Augsburg", "timestamp": "2020-07", "value": 3.4739079777724466e-05, "incidence": 9.419354838709678, "pValue": 0.3475413822482136, "interpretation": "not statistically significant (p = 0.348), small effect size (d=-0.40)"}, {"cityName": "Saarbr\u00fccken", "timestamp": "2020-07", "value": 2.9771206512426338e-05, "incidence": 1.1612903225806452, "pValue": 0.03258171924787453, "interpretation": "significant (p = 0.033), medium effect size (d=-0.73)"}, {"cityName": "Berlin", "timestamp": "2020-07", "value": 3.4410892645033395e-05, "incidence": 0.0, "pValue": 0.48042987133695425, "interpretation": "not statistically significant (p = 0.480), small effect size (d=-0.29)"}, {"cityName": "Cottbus", "timestamp": "2020-07", "value": 2.967478268636534e-05, "incidence": 0.9032258064516129, "pValue": 0.13188701373135114, "interpretation": "not statistically significant (p = 0.132), large effect size (d=-0.91)"}, {"cityName": "Potsdam", "timestamp": "2020-07", "value": 2.5789903969887426e-05, "incidence": 1.670967741935484, "pValue": 0.5060200890571829, "interpretation": "not statistically significant (p = 0.506), small effect size (d=-0.37)"}, {"cityName": "Rostock", "timestamp": "2020-07", "value": 2.7239278565640703e-05, "incidence": 1.3096774193548388, "pValue": 0.7839962830194571, "interpretation": "not statistically significant (p = 0.784), negligible effect size (d=-0.12)"}, {"cityName": "Chemnitz", "timestamp": "2020-07", "value": 2.5804975160920037e-05, "incidence": 0.8258064516129031, "pValue": 0.009794135328509165, "interpretation": "very significant (p < 0.01), large effect size (d=-1.44)"}, {"cityName": "Dresden", "timestamp": "2020-07", "value": 3.768231042406776e-05, "incidence": 0.4483870967741936, "pValue": 0.5073448893281645, "interpretation": "not statistically significant (p = 0.507), small effect size (d=-0.30)"}, {"cityName": "Leipzig", "timestamp": "2020-07", "value": 3.866015878670356e-05, "incidence": 1.290322580645161, "pValue": 0.04073112089355367, "interpretation": "significant (p = 0.041), large effect size (d=-0.99)"}, {"cityName": "Halle (Saale)", "timestamp": "2020-07", "value": 3.578081426288312e-05, "incidence": 0.593548387096774, "pValue": 0.5708525597920893, "interpretation": "not statistically significant (p = 0.571), small effect size (d=-0.27)"}, {"cityName": "Magdeburg", "timestamp": "2020-07", "value": 3.444235833165677e-05, "incidence": 4.048387096774193, "pValue": 0.4919888270275924, "interpretation": "not statistically significant (p = 0.492), small effect size (d=-0.33)"}, {"cityName": "Erfurt", "timestamp": "2020-07", "value": 2.806559403208976e-05, "incidence": 0.20000000000000004, "pValue": 0.12163448849735016, "interpretation": "not statistically significant (p = 0.122), medium effect size (d=-0.75)"}, {"cityName": "Jena", "timestamp": "2020-07", "value": 2.5528285833489564e-05, "incidence": 0.40645161290322585, "pValue": 0.20527278957289177, "interpretation": "not statistically significant (p = 0.205), medium effect size (d=-0.69)"}]