[{"cityName": "Kiel", "timestamp": "2020-06", "value": 2.593190653160924e-05, "incidence": 0.44, "pValue": 0.0008834217646184636, "interpretation": "highly significant (p < 0.001), large effect size (d=-1.62)"}, {"cityName": "L\u00fcbeck", "timestamp": "2020-06", "value": 2.836370064566533e-05, "incidence": 0.5233333333333333, "pValue": 0.14886896576283132, "interpretation": "not statistically significant (p = 0.149), medium effect size (d=-0.57)"}, {"cityName": "Hamburg", "timestamp": "2020-06", "value": 4.5143223057190575e-05, "incidence": 1.5933333333333333, "pValue": 0.10807862742217345, "interpretation": "not statistically significant (p = 0.108), medium effect size (d=-0.59)"}, {"cityName": "Braunschweig", "timestamp": "2020-06", "value": 3.375489305814399e-05, "incidence": 0.7200000000000001, "pValue": 0.6544754803662125, "interpretation": "not statistically significant (p = 0.654), negligible effect size (d=-0.18)"}, {"cityName": "Salzgitter", "timestamp": "2020-06", "value": 3.470712690614164e-05, "incidence": 2.3400000000000003, "pValue": 0.9161825286116325, "interpretation": "not statistically significant (p = 0.916), negligible effect size (d=-0.04)"}, {"cityName": "Wolfsburg", "timestamp": "2020-06", "value": 3.008939031707613e-05, "incidence": 12.919999999999998, "pValue": 0.06805478130733111, "interpretation": "not statistically significant (p = 0.068), medium effect size (d=-0.75)"}, {"cityName": "G\u00f6ttingen", "timestamp": "2020-06", "value": 2.6513492533316214e-05, "incidence": 29.786666666666665, "pValue": 0.01048635201849553, "interpretation": "significant (p = 0.010), large effect size (d=-1.18)"}, {"cityName": "Hannover", "timestamp": "2020-06", "value": 4.095524721043674e-05, "incidence": 8.656666666666666, "pValue": 0.5691988472168803, "interpretation": "not statistically significant (p = 0.569), small effect size (d=0.23)"}, {"cityName": "Hildesheim", "timestamp": "2020-06", "value": 3.35395589525647e-05, "incidence": 2.13, "pValue": 0.6661552068796591, "interpretation": "not statistically significant (p = 0.666), negligible effect size (d=-0.18)"}, {"cityName": "Oldenburg (Oldb)", "timestamp": "2020-06", "value": 3.8013624725863336e-05, "incidence": 0.8233333333333335, "pValue": 0.40051029013718775, "interpretation": "not statistically significant (p = 0.401), small effect size (d=-0.36)"}, {"cityName": "Osnabr\u00fcck", "timestamp": "2020-06", "value": 3.8136894793503664e-05, "incidence": 2.98, "pValue": 0.20886719593535202, "interpretation": "not statistically significant (p = 0.209), medium effect size (d=-0.53)"}, {"cityName": "Bremen", "timestamp": "2020-06", "value": 4.502834339977288e-05, "incidence": 8.2, "pValue": 0.42951067133827303, "interpretation": "not statistically significant (p = 0.430), small effect size (d=-0.28)"}, {"cityName": "Bremerhaven", "timestamp": "2020-06", "value": 3.71034797613642e-05, "incidence": 21.04666666666667, "pValue": 0.20051866765253745, "interpretation": "not statistically significant (p = 0.201), medium effect size (d=-0.53)"}, {"cityName": "D\u00fcsseldorf", "timestamp": "2020-06", "value": 6.324006244540215e-05, "incidence": 12.893333333333336, "pValue": 0.02033287346611577, "interpretation": "significant (p = 0.020), large effect size (d=-0.89)"}, {"cityName": "Duisburg", "timestamp": "2020-06", "value": 9.336387022183492e-05, "incidence": 16.119999999999997, "pValue": 0.8550720420719555, "interpretation": "not statistically significant (p = 0.855), negligible effect size (d=0.07)"}, {"cityName": "Essen", "timestamp": "2020-06", "value": 6.521548717640914e-05, "incidence": 4.9866666666666655, "pValue": 0.2799341289141256, "interpretation": "not statistically significant (p = 0.280), small effect size (d=-0.45)"}, {"cityName": "Krefeld", "timestamp": "2020-06", "value": 7.26360550078635e-05, "incidence": 3.0899999999999994, "pValue": 0.5989801655333309, "interpretation": "not statistically significant (p = 0.599), small effect size (d=-0.21)"}, {"cityName": "M\u00f6nchengladbach", "timestamp": "2020-06", "value": 5.384810782712081e-05, "incidence": 5.986666666666666, "pValue": 0.0835120678162643, "interpretation": "not statistically significant (p = 0.084), medium effect size (d=-0.67)"}, {"cityName": "M\u00fclheim an der Ruhr", "timestamp": "2020-06", "value": 6.540894456621673e-05, "incidence": 6.266666666666666, "pValue": 0.2617151033387538, "interpretation": "not statistically significant (p = 0.262), small effect size (d=-0.46)"}, {"cityName": "Oberhausen", "timestamp": "2020-06", "value": 9.19913067124211e-05, "incidence": 3.706666666666666, "pValue": 0.7033584138498403, "interpretation": "not statistically significant (p = 0.703), negligible effect size (d=-0.16)"}, {"cityName": "Remscheid", "timestamp": "2020-06", "value": 4.125040334959825e-05, "incidence": 1.1366666666666667, "pValue": 0.05402427661571295, "interpretation": "not statistically significant (p = 0.054), medium effect size (d=-0.79)"}, {"cityName": "Solingen", "timestamp": "2020-06", "value": 5.231146133155562e-05, "incidence": 6.326666666666666, "pValue": 0.14843022529772681, "interpretation": "not statistically significant (p = 0.148), medium effect size (d=-0.57)"}, {"cityName": "Wuppertal", "timestamp": "2020-06", "value": 4.56413426608951e-05, "incidence": 4.496666666666667, "pValue": 0.040556814158600844, "interpretation": "significant (p = 0.041), large effect size (d=-0.81)"}, {"cityName": "Neuss", "timestamp": "2020-06", "value": 6.334122736006975e-05, "incidence": 3.6066666666666674, "pValue": 0.07170184269887693, "interpretation": "not statistically significant (p = 0.072), medium effect size (d=-0.74)"}, {"cityName": "Moers", "timestamp": "2020-06", "value": 9.005103493109345e-05, "incidence": 6.6000000000000005, "pValue": 0.7098682808712499, "interpretation": "not statistically significant (p = 0.710), negligible effect size (d=0.14)"}, {"cityName": "Bonn", "timestamp": "2020-06", "value": 4.5345334166830234e-05, "incidence": 2.249999999999999, "pValue": 0.10440060888110264, "interpretation": "not statistically significant (p = 0.104), medium effect size (d=-0.69)"}, {"cityName": "K\u00f6ln", "timestamp": "2020-06", "value": 6.126776699804598e-05, "incidence": 2.793333333333334, "pValue": 0.06171345115193106, "interpretation": "not statistically significant (p = 0.062), medium effect size (d=-0.75)"}, {"cityName": "Leverkusen", "timestamp": "2020-06", "value": 5.5646858527325094e-05, "incidence": 1.78, "pValue": 0.03570032932887051, "interpretation": "significant (p = 0.036), large effect size (d=-0.94)"}, {"cityName": "Aachen", "timestamp": "2020-06", "value": 4.451752415504949e-05, "incidence": 1.4466666666666668, "pValue": 0.49293159567640366, "interpretation": "not statistically significant (p = 0.493), small effect size (d=-0.27)"}, {"cityName": "Bergisch Gladbach", "timestamp": "2020-06", "value": 4.6951904161168e-05, "incidence": 0.7166666666666667, "pValue": 0.1111792988790661, "interpretation": "not statistically significant (p = 0.111), medium effect size (d=-0.68)"}, {"cityName": "Bottrop", "timestamp": "2020-06", "value": 7.714744766845423e-05, "incidence": 3.2566666666666664, "pValue": 0.5041016139665249, "interpretation": "not statistically significant (p = 0.504), small effect size (d=-0.29)"}, {"cityName": "Gelsenkirchen", "timestamp": "2020-06", "value": 8.090823779211325e-05, "incidence": 9.186666666666667, "pValue": 0.525027201044669, "interpretation": "not statistically significant (p = 0.525), small effect size (d=-0.26)"}, {"cityName": "M\u00fcnster", "timestamp": "2020-06", "value": 4.1690050509938025e-05, "incidence": 2.0099999999999993, "pValue": 0.13875803439315934, "interpretation": "not statistically significant (p = 0.139), medium effect size (d=-0.55)"}, {"cityName": "Recklinghausen", "timestamp": "2020-06", "value": 7.078374843471326e-05, "incidence": 4.166666666666666, "pValue": 0.5226002951563558, "interpretation": "not statistically significant (p = 0.523), small effect size (d=-0.29)"}, {"cityName": "Bielefeld", "timestamp": "2020-06", "value": 3.393906323860089e-05, "incidence": 2.6933333333333334, "pValue": 0.014126757766497341, "interpretation": "significant (p = 0.014), large effect size (d=-1.15)"}, {"cityName": "G\u00fctersloh", "timestamp": "2020-06", "value": 3.681096131913364e-05, "incidence": 96.21999999999998, "pValue": 0.006105901612018113, "interpretation": "very significant (p < 0.01), large effect size (d=-1.26)"}, {"cityName": "Paderborn", "timestamp": "2020-06", "value": 3.388525557614142e-05, "incidence": 4.783333333333332, "pValue": 0.4097061264275196, "interpretation": "not statistically significant (p = 0.410), small effect size (d=-0.34)"}, {"cityName": "Bochum", "timestamp": "2020-06", "value": 5.597059013477216e-05, "incidence": 6.4466666666666645, "pValue": 0.1777760946384041, "interpretation": "not statistically significant (p = 0.178), medium effect size (d=-0.56)"}, {"cityName": "Dortmund", "timestamp": "2020-06", "value": 5.956172176143702e-05, "incidence": 8.226666666666667, "pValue": 0.2770485049792405, "interpretation": "not statistically significant (p = 0.277), small effect size (d=-0.40)"}, {"cityName": "Hagen", "timestamp": "2020-06", "value": 4.859692577658028e-05, "incidence": 7.936666666666668, "pValue": 0.27086094408525446, "interpretation": "not statistically significant (p = 0.271), small effect size (d=-0.45)"}, {"cityName": "Hamm", "timestamp": "2020-06", "value": 4.3981223522375025e-05, "incidence": 8.680000000000001, "pValue": 0.207285449021197, "interpretation": "not statistically significant (p = 0.207), small effect size (d=-0.48)"}, {"cityName": "Herne", "timestamp": "2020-06", "value": 6.262034294195473e-05, "incidence": 6.540000000000001, "pValue": 0.37324261330484443, "interpretation": "not statistically significant (p = 0.373), small effect size (d=-0.37)"}, {"cityName": "Siegen", "timestamp": "2020-06", "value": 2.854344784282148e-05, "incidence": 0.3266666666666667, "pValue": 0.00495945374304637, "interpretation": "very significant (p < 0.01), large effect size (d=-1.50)"}, {"cityName": "Darmstadt", "timestamp": "2020-06", "value": 3.450387686660344e-05, "incidence": 0.7533333333333334, "pValue": 0.013232597602070129, "interpretation": "significant (p = 0.013), large effect size (d=-1.06)"}, {"cityName": "Frankfurt am Main", "timestamp": "2020-06", "value": 5.1132043484937064e-05, "incidence": 5.336666666666667, "pValue": 0.03170303780805788, "interpretation": "significant (p = 0.032), large effect size (d=-0.92)"}, {"cityName": "Offenbach am Main", "timestamp": "2020-06", "value": 5.072607679969885e-05, "incidence": 5.4866666666666655, "pValue": 0.12566868926457356, "interpretation": "not statistically significant (p = 0.126), medium effect size (d=-0.73)"}, {"cityName": "Wiesbaden", "timestamp": "2020-06", "value": 4.398269164893362e-05, "incidence": 2.5500000000000003, "pValue": 0.21893153331180193, "interpretation": "not statistically significant (p = 0.219), medium effect size (d=-0.52)"}, {"cityName": "Hanau", "timestamp": "2020-06", "value": 4.104583506257488e-05, "incidence": 2.13, "pValue": 0.009131170936266985, "interpretation": "very significant (p < 0.01), large effect size (d=-1.34)"}, {"cityName": "Kassel", "timestamp": "2020-06", "value": 2.9318959503952e-05, "incidence": 6.6366666666666685, "pValue": 0.011270605333149532, "interpretation": "significant (p = 0.011), large effect size (d=-1.38)"}, {"cityName": "Koblenz", "timestamp": "2020-06", "value": 3.1124923326489e-05, "incidence": 0.6099999999999999, "pValue": 0.028879009406996028, "interpretation": "significant (p = 0.029), large effect size (d=-1.11)"}, {"cityName": "Trier", "timestamp": "2020-06", "value": 3.3332133898511526e-05, "incidence": 0.21000000000000002, "pValue": 0.8091519999527559, "interpretation": "not statistically significant (p = 0.809), negligible effect size (d=-0.10)"}, {"cityName": "Kaiserslautern", "timestamp": "2020-06", "value": 2.9455843524864085e-05, "incidence": 5.320000000000001, "pValue": 0.2838652258591769, "interpretation": "not statistically significant (p = 0.284), small effect size (d=-0.41)"}, {"cityName": "Ludwigshafen am Rhein", "timestamp": "2020-06", "value": 5.9989761211909354e-05, "incidence": 2.506666666666667, "pValue": 0.4463890463342598, "interpretation": "not statistically significant (p = 0.446), small effect size (d=-0.32)"}, {"cityName": "Mainz", "timestamp": "2020-06", "value": 4.2431915062479675e-05, "incidence": 6.436666666666667, "pValue": 0.03471125242884041, "interpretation": "significant (p = 0.035), large effect size (d=-0.92)"}, {"cityName": "Stuttgart", "timestamp": "2020-06", "value": 3.861354262981978e-05, "incidence": 2.3833333333333333, "pValue": 0.0739195092548417, "interpretation": "not statistically significant (p = 0.074), medium effect size (d=-0.77)"}, {"cityName": "Heilbronn", "timestamp": "2020-06", "value": 3.481023142942124e-05, "incidence": 6.873333333333334, "pValue": 0.3930327003690949, "interpretation": "not statistically significant (p = 0.393), small effect size (d=-0.34)"}, {"cityName": "Karlsruhe", "timestamp": "2020-06", "value": 3.5294110421091315e-05, "incidence": 1.9333333333333333, "pValue": 0.002318673676333053, "interpretation": "very significant (p < 0.01), large effect size (d=-1.26)"}, {"cityName": "Heidelberg", "timestamp": "2020-06", "value": 4.170828891035757e-05, "incidence": 2.9199999999999995, "pValue": 0.8222215884095396, "interpretation": "not statistically significant (p = 0.822), negligible effect size (d=0.10)"}, {"cityName": "Mannheim", "timestamp": "2020-06", "value": 5.19668310880661e-05, "incidence": 1.5133333333333339, "pValue": 0.059858753189670835, "interpretation": "not statistically significant (p = 0.060), medium effect size (d=-0.76)"}, {"cityName": "Pforzheim", "timestamp": "2020-06", "value": 3.096460325953861e-05, "incidence": 3.7133333333333325, "pValue": 0.024755170901870602, "interpretation": "significant (p = 0.025), large effect size (d=-0.93)"}, {"cityName": "Freiburg im Breisgau", "timestamp": "2020-06", "value": 2.933756439705138e-05, "incidence": 0.9866666666666667, "pValue": 0.19462421077764291, "interpretation": "not statistically significant (p = 0.195), small effect size (d=-0.49)"}, {"cityName": "Reutlingen", "timestamp": "2020-06", "value": 3.2148374884855e-05, "incidence": 1.0266666666666666, "pValue": 0.5773422733653695, "interpretation": "not statistically significant (p = 0.577), small effect size (d=-0.26)"}, {"cityName": "Ulm", "timestamp": "2020-06", "value": 3.104501305834243e-05, "incidence": 2.153333333333333, "pValue": 0.09725198950357009, "interpretation": "not statistically significant (p = 0.097), large effect size (d=-0.90)"}, {"cityName": "Ingolstadt", "timestamp": "2020-06", "value": 2.904813300119713e-05, "incidence": 4.036666666666667, "pValue": 0.0004952170081354016, "interpretation": "highly significant (p < 0.001), large effect size (d=-1.90)"}, {"cityName": "M\u00fcnchen", "timestamp": "2020-06", "value": 3.712296333665458e-05, "incidence": 5.140000000000001, "pValue": 0.01923287425386163, "interpretation": "significant (p = 0.019), large effect size (d=-1.03)"}, {"cityName": "Regensburg", "timestamp": "2020-06", "value": 2.6095045420030753e-05, "incidence": 6.466666666666666, "pValue": 0.02960917469800704, "interpretation": "significant (p = 0.030), large effect size (d=-1.00)"}, {"cityName": "Erlangen", "timestamp": "2020-06", "value": 2.9293283919936846e-05, "incidence": 0.5999999999999999, "pValue": 0.0013708837684764151, "interpretation": "very significant (p < 0.01), large effect size (d=-1.77)"}, {"cityName": "F\u00fcrth", "timestamp": "2020-06", "value": 3.4081493504345416e-05, "incidence": 4.383333333333334, "pValue": 0.01584528930997326, "interpretation": "significant (p = 0.016), large effect size (d=-1.20)"}, {"cityName": "N\u00fcrnberg", "timestamp": "2020-06", "value": 3.521631570589362e-05, "incidence": 2.6233333333333344, "pValue": 0.03174018924034957, "interpretation": "significant (p = 0.032), large effect size (d=-1.06)"}, {"cityName": "W\u00fcrzburg", "timestamp": "2020-06", "value": 3.540104808053002e-05, "incidence": 1.6300000000000001, "pValue": 0.8884759901845782, "interpretation": "not statistically significant (p = 0.888), negligible effect size (d=-0.07)"}, {"cityName": "Augsburg", "timestamp": "2020-06", "value": 3.645221854989918e-05, "incidence": 2.5433333333333334, "pValue": 0.35109105626671655, "interpretation": "not statistically significant (p = 0.351), small effect size (d=-0.39)"}, {"cityName": "Saarbr\u00fccken", "timestamp": "2020-06", "value": 3.06609474743406e-05, "incidence": 0.8800000000000001, "pValue": 0.21116321143336023, "interpretation": "not statistically significant (p = 0.211), medium effect size (d=-0.55)"}, {"cityName": "Berlin", "timestamp": "2020-06", "value": 3.724757343439794e-05, "incidence": 0.0, "pValue": 0.07527724075944518, "interpretation": "not statistically significant (p = 0.075), medium effect size (d=-0.78)"}, {"cityName": "Cottbus", "timestamp": "2020-06", "value": 3.214194797552549e-05, "incidence": 0.0, "pValue": 0.1187199402655998, "interpretation": "not statistically significant (p = 0.119), large effect size (d=-0.90)"}, {"cityName": "Potsdam", "timestamp": "2020-06", "value": 3.215331611607005e-05, "incidence": 1.3433333333333337, "pValue": 0.30296509889458484, "interpretation": "not statistically significant (p = 0.303), small effect size (d=-0.50)"}, {"cityName": "Rostock", "timestamp": "2020-06", "value": 2.5441028728065167e-05, "incidence": 0.6233333333333333, "pValue": 0.07136836680962458, "interpretation": "not statistically significant (p = 0.071), medium effect size (d=-0.73)"}, {"cityName": "Chemnitz", "timestamp": "2020-06", "value": 3.0116831156902195e-05, "incidence": 1.0933333333333335, "pValue": 0.03720254457843954, "interpretation": "significant (p = 0.037), large effect size (d=-1.01)"}, {"cityName": "Dresden", "timestamp": "2020-06", "value": 2.842867662283507e-05, "incidence": 0.32000000000000006, "pValue": 0.07092655995779222, "interpretation": "not statistically significant (p = 0.071), large effect size (d=-0.97)"}, {"cityName": "Leipzig", "timestamp": "2020-06", "value": 3.407459806504787e-05, "incidence": 0.7733333333333334, "pValue": 0.09677311151905292, "interpretation": "not statistically significant (p = 0.097), medium effect size (d=-0.66)"}, {"cityName": "Halle (Saale)", "timestamp": "2020-06", "value": 3.244112303946167e-05, "incidence": 1.2866666666666666, "pValue": 0.11344830342150852, "interpretation": "not statistically significant (p = 0.113), medium effect size (d=-0.64)"}, {"cityName": "Magdeburg", "timestamp": "2020-06", "value": 3.2848905232784e-05, "incidence": 11.976666666666667, "pValue": 0.17762890938086465, "interpretation": "not statistically significant (p = 0.178), medium effect size (d=-0.53)"}, {"cityName": "Erfurt", "timestamp": "2020-06", "value": 2.9004763494780723e-05, "incidence": 0.28, "pValue": 0.517851501066826, "interpretation": "not statistically significant (p = 0.518), small effect size (d=-0.27)"}, {"cityName": "Jena", "timestamp": "2020-06", "value": 2.9764526213208835e-05, "incidence": 0.39, "pValue": 0.24548636001388766, "interpretation": "not statistically significant (p = 0.245), medium effect size (d=-0.55)"}]