[{"cityName": "Kiel", "timestamp": "2024-05", "value": 3.349932099115991e-05, "incidence": 2.012903225806452, "pValue": 0.6778695945509904, "interpretation": "not statistically significant (p = 0.678), negligible effect size (d=-0.17)"}, {"cityName": "L\u00fcbeck", "timestamp": "2024-05", "value": 3.355972391242782e-05, "incidence": 0.6516129032258063, "pValue": 0.39572221093462945, "interpretation": "not statistically significant (p = 0.396), small effect size (d=-0.37)"}, {"cityName": "Hamburg", "timestamp": "2024-05", "value": 4.262274338139428e-05, "incidence": 2.3032258064516125, "pValue": 0.09693242204803244, "interpretation": "not statistically significant (p = 0.097), medium effect size (d=-0.62)"}, {"cityName": "Braunschweig", "timestamp": "2024-05", "value": 3.099461045006619e-05, "incidence": 0.28387096774193554, "pValue": 0.010254426605096997, "interpretation": "significant (p = 0.010), large effect size (d=-1.68)"}, {"cityName": "Salzgitter", "timestamp": "2024-05", "value": 3.4174960455857216e-05, "incidence": 0.45161290322580644, "pValue": 0.2457782530374458, "interpretation": "not statistically significant (p = 0.246), medium effect size (d=-0.55)"}, {"cityName": "Wolfsburg", "timestamp": "2024-05", "value": 2.8751919193095282e-05, "incidence": 0.5161290322580646, "pValue": 0.07844212394110077, "interpretation": "not statistically significant (p = 0.078), large effect size (d=-1.08)"}, {"cityName": "G\u00f6ttingen", "timestamp": "2024-05", "value": 2.9712419269517775e-05, "incidence": 0.7741935483870965, "pValue": 0.03284571400623064, "interpretation": "significant (p = 0.033), large effect size (d=-1.61)"}, {"cityName": "Hannover", "timestamp": "2024-05", "value": 3.9965870152962835e-05, "incidence": 0.8612903225806454, "pValue": 0.23769662223402482, "interpretation": "not statistically significant (p = 0.238), medium effect size (d=-0.53)"}, {"cityName": "Hildesheim", "timestamp": "2024-05", "value": 3.291883588056354e-05, "incidence": 0.44516129032258067, "pValue": 0.06580074140332491, "interpretation": "not statistically significant (p = 0.066), large effect size (d=-1.13)"}, {"cityName": "Oldenburg (Oldb)", "timestamp": "2024-05", "value": 3.360431583132595e-05, "incidence": 0.8516129032258064, "pValue": 0.04285118888306253, "interpretation": "significant (p = 0.043), large effect size (d=-0.86)"}, {"cityName": "Osnabr\u00fcck", "timestamp": "2024-05", "value": 3.690069372003729e-05, "incidence": 1.2193548387096775, "pValue": 0.014782566186415786, "interpretation": "significant (p = 0.015), large effect size (d=-1.32)"}, {"cityName": "Bremen", "timestamp": "2024-05", "value": 3.934635963962704e-05, "incidence": 0.9483870967741933, "pValue": 0.24238179792669948, "interpretation": "not statistically significant (p = 0.242), small effect size (d=-0.43)"}, {"cityName": "Bremerhaven", "timestamp": "2024-05", "value": 4.119582341185638e-05, "incidence": 0.17419354838709677, "pValue": 0.7509862636965421, "interpretation": "not statistically significant (p = 0.751), negligible effect size (d=0.13)"}, {"cityName": "D\u00fcsseldorf", "timestamp": "2024-05", "value": 6.584489218345502e-05, "incidence": 1.5677419354838709, "pValue": 0.04194754960531731, "interpretation": "significant (p = 0.042), large effect size (d=-0.98)"}, {"cityName": "Duisburg", "timestamp": "2024-05", "value": 8.503969710988876e-05, "incidence": 1.0, "pValue": 0.017272033743419856, "interpretation": "significant (p = 0.017), large effect size (d=-1.14)"}, {"cityName": "Essen", "timestamp": "2024-05", "value": 5.4216322799523674e-05, "incidence": 0.8290322580645159, "pValue": 0.04044778751593627, "interpretation": "significant (p = 0.040), large effect size (d=-1.28)"}, {"cityName": "Krefeld", "timestamp": "2024-05", "value": 9.060016152663872e-05, "incidence": 2.1354838709677417, "pValue": 0.19799465335871852, "interpretation": "not statistically significant (p = 0.198), medium effect size (d=-0.60)"}, {"cityName": "M\u00f6nchengladbach", "timestamp": "2024-05", "value": 7.886365698329334e-05, "incidence": 1.1483870967741936, "pValue": 0.22801719328723902, "interpretation": "not statistically significant (p = 0.228), medium effect size (d=-0.56)"}, {"cityName": "M\u00fclheim an der Ruhr", "timestamp": "2024-05", "value": 6.521382601931691e-05, "incidence": 1.032258064516129, "pValue": 0.02656557271019082, "interpretation": "significant (p = 0.027), large effect size (d=-1.36)"}, {"cityName": "Oberhausen", "timestamp": "2024-05", "value": 6.72024146367151e-05, "incidence": 0.6903225806451612, "pValue": 0.10081271868610593, "interpretation": "not statistically significant (p = 0.101), large effect size (d=-1.15)"}, {"cityName": "Remscheid", "timestamp": "2024-05", "value": 3.9395713247358796e-05, "incidence": 0.9870967741935482, "pValue": 0.004306012747712553, "interpretation": "very significant (p < 0.01), large effect size (d=-1.79)"}, {"cityName": "Solingen", "timestamp": "2024-05", "value": 4.7248235205188394e-05, "incidence": 0.5225806451612903, "pValue": 0.03859858791399213, "interpretation": "significant (p = 0.039), large effect size (d=-1.15)"}, {"cityName": "Wuppertal", "timestamp": "2024-05", "value": 4.1174504009109956e-05, "incidence": 1.1290322580645162, "pValue": 0.0016626873424072039, "interpretation": "very significant (p < 0.01), large effect size (d=-2.04)"}, {"cityName": "Neuss", "timestamp": "2024-05", "value": 7.1253307396546e-05, "incidence": 1.4193548387096773, "pValue": 0.07331398056345641, "interpretation": "not statistically significant (p = 0.073), large effect size (d=-1.10)"}, {"cityName": "Moers", "timestamp": "2024-05", "value": 9.242181632933872e-05, "incidence": 1.1161290322580646, "pValue": 0.1614047372488899, "interpretation": "not statistically significant (p = 0.161), medium effect size (d=-0.71)"}, {"cityName": "Bonn", "timestamp": "2024-05", "value": 4.8582579686560415e-05, "incidence": 4.977419354838711, "pValue": 0.0024596506607668387, "interpretation": "very significant (p < 0.01), large effect size (d=-1.65)"}, {"cityName": "K\u00f6ln", "timestamp": "2024-05", "value": 6.315872047303451e-05, "incidence": 0.9580645161290322, "pValue": 0.00056159693595308, "interpretation": "highly significant (p < 0.001), large effect size (d=-1.61)"}, {"cityName": "Leverkusen", "timestamp": "2024-05", "value": 5.474041487711171e-05, "incidence": 2.2451612903225806, "pValue": 0.004691474330414935, "interpretation": "very significant (p < 0.01), large effect size (d=-1.61)"}, {"cityName": "Aachen", "timestamp": "2024-05", "value": 5.215273945239084e-05, "incidence": 0.9838709677419354, "pValue": 0.059817407083471934, "interpretation": "not statistically significant (p = 0.060), large effect size (d=-0.93)"}, {"cityName": "Bergisch Gladbach", "timestamp": "2024-05", "value": 4.4454928554062333e-05, "incidence": 0.5870967741935482, "pValue": 0.002703183375583862, "interpretation": "very significant (p < 0.01), large effect size (d=-1.82)"}, {"cityName": "Bottrop", "timestamp": "2024-05", "value": 5.6463896351702075e-05, "incidence": 1.9999999999999998, "pValue": 0.020155860509904987, "interpretation": "significant (p = 0.020), large effect size (d=-1.43)"}, {"cityName": "Gelsenkirchen", "timestamp": "2024-05", "value": 4.945371491724954e-05, "incidence": 1.7806451612903225, "pValue": 0.013926034327629826, "interpretation": "significant (p = 0.014), large effect size (d=-1.54)"}, {"cityName": "M\u00fcnster", "timestamp": "2024-05", "value": 3.95869607465309e-05, "incidence": 1.6612903225806452, "pValue": 0.03182314161879771, "interpretation": "significant (p = 0.032), large effect size (d=-0.99)"}, {"cityName": "Recklinghausen", "timestamp": "2024-05", "value": 4.742982295843271e-05, "incidence": 1.5419354838709673, "pValue": 0.030999255285544675, "interpretation": "significant (p = 0.031), large effect size (d=-1.38)"}, {"cityName": "Bielefeld", "timestamp": "2024-05", "value": 3.416923815772558e-05, "incidence": 1.1419354838709679, "pValue": 0.01677343526192748, "interpretation": "significant (p = 0.017), large effect size (d=-1.18)"}, {"cityName": "G\u00fctersloh", "timestamp": "2024-05", "value": 3.4195795888081196e-05, "incidence": 0.5419354838709679, "pValue": 0.011575458614222461, "interpretation": "significant (p = 0.012), large effect size (d=-1.31)"}, {"cityName": "Paderborn", "timestamp": "2024-05", "value": 3.1583251491669685e-05, "incidence": 0.6419354838709677, "pValue": 0.011964216628424017, "interpretation": "significant (p = 0.012), large effect size (d=-1.23)"}, {"cityName": "Bochum", "timestamp": "2024-05", "value": 4.823878892542174e-05, "incidence": 1.3225806451612903, "pValue": 0.021136908857130328, "interpretation": "significant (p = 0.021), large effect size (d=-1.36)"}, {"cityName": "Dortmund", "timestamp": "2024-05", "value": 4.4877426333579365e-05, "incidence": 1.7580645161290323, "pValue": 0.0002000467062378795, "interpretation": "highly significant (p < 0.001), large effect size (d=-2.27)"}, {"cityName": "Hagen", "timestamp": "2024-05", "value": 3.12407962688855e-05, "incidence": 2.874193548387096, "pValue": 0.00012172913274808157, "interpretation": "highly significant (p < 0.001), large effect size (d=-3.01)"}, {"cityName": "Hamm", "timestamp": "2024-05", "value": 3.6584293758053155e-05, "incidence": 1.1161290322580646, "pValue": 0.002059049190898428, "interpretation": "very significant (p < 0.01), large effect size (d=-1.93)"}, {"cityName": "Herne", "timestamp": "2024-05", "value": 4.927589325234294e-05, "incidence": 2.222580645161291, "pValue": 0.00571508401375637, "interpretation": "very significant (p < 0.01), large effect size (d=-1.90)"}, {"cityName": "Siegen", "timestamp": "2024-05", "value": 2.68726609647274e-05, "incidence": 0.6935483870967742, "pValue": 0.020233490341708616, "interpretation": "significant (p = 0.020), large effect size (d=-1.37)"}, {"cityName": "Darmstadt", "timestamp": "2024-05", "value": 4.181089091368697e-05, "incidence": 1.503225806451613, "pValue": 2.029302666680352e-05, "interpretation": "highly significant (p < 0.001), large effect size (d=-2.28)"}, {"cityName": "Frankfurt am Main", "timestamp": "2024-05", "value": 5.446606188673865e-05, "incidence": 1.1096774193548387, "pValue": 0.08097053344774596, "interpretation": "not statistically significant (p = 0.081), medium effect size (d=-0.71)"}, {"cityName": "Offenbach am Main", "timestamp": "2024-05", "value": 4.827895794402469e-05, "incidence": 1.7161290322580651, "pValue": 0.04700917304306674, "interpretation": "significant (p = 0.047), large effect size (d=-1.02)"}, {"cityName": "Wiesbaden", "timestamp": "2024-05", "value": 4.9448287528422144e-05, "incidence": 1.425806451612903, "pValue": 0.18232862549158965, "interpretation": "not statistically significant (p = 0.182), medium effect size (d=-0.59)"}, {"cityName": "Hanau", "timestamp": "2024-05", "value": 3.9371630499282706e-05, "incidence": 1.3741935483870968, "pValue": 0.024129361527346602, "interpretation": "significant (p = 0.024), large effect size (d=-1.27)"}, {"cityName": "Kassel", "timestamp": "2024-05", "value": 3.0053824755466645e-05, "incidence": 0.7096774193548387, "pValue": 0.09253136124327634, "interpretation": "not statistically significant (p = 0.093), large effect size (d=-0.91)"}, {"cityName": "Koblenz", "timestamp": "2024-05", "value": 3.7437579723902876e-05, "incidence": 1.2451612903225804, "pValue": 0.004376222829005316, "interpretation": "very significant (p < 0.01), large effect size (d=-1.43)"}, {"cityName": "Trier", "timestamp": "2024-05", "value": 3.426680050324649e-05, "incidence": 2.2064516129032268, "pValue": 0.0304789133731317, "interpretation": "significant (p = 0.030), large effect size (d=-1.28)"}, {"cityName": "Kaiserslautern", "timestamp": "2024-05", "value": 3.313352667296735e-05, "incidence": 1.5806451612903225, "pValue": 0.011742962054086089, "interpretation": "significant (p = 0.012), large effect size (d=-1.68)"}, {"cityName": "Ludwigshafen am Rhein", "timestamp": "2024-05", "value": 5.851636039248357e-05, "incidence": 0.3548387096774193, "pValue": 0.05498485068600854, "interpretation": "not statistically significant (p = 0.055), large effect size (d=-1.06)"}, {"cityName": "Mainz", "timestamp": "2024-05", "value": 4.781862662639469e-05, "incidence": 0.9483870967741935, "pValue": 0.01122642306899802, "interpretation": "significant (p = 0.011), large effect size (d=-1.20)"}, {"cityName": "Stuttgart", "timestamp": "2024-05", "value": 3.8544039448930155e-05, "incidence": 1.4225806451612903, "pValue": 0.047540557382791525, "interpretation": "significant (p = 0.048), large effect size (d=-1.13)"}, {"cityName": "Heilbronn", "timestamp": "2024-05", "value": 3.5046072702647914e-05, "incidence": 1.0612903225806452, "pValue": 0.00021814142909197296, "interpretation": "highly significant (p < 0.001), large effect size (d=-1.81)"}, {"cityName": "Karlsruhe", "timestamp": "2024-05", "value": 3.970144704605142e-05, "incidence": 0.6419354838709678, "pValue": 0.0523429473780532, "interpretation": "not statistically significant (p = 0.052), large effect size (d=-0.89)"}, {"cityName": "Heidelberg", "timestamp": "2024-05", "value": 3.6743604332992906e-05, "incidence": 0.6774193548387099, "pValue": 0.07059345349864372, "interpretation": "not statistically significant (p = 0.071), large effect size (d=-1.07)"}, {"cityName": "Mannheim", "timestamp": "2024-05", "value": 4.9605881795287136e-05, "incidence": 0.438709677419355, "pValue": 0.02029181283014415, "interpretation": "significant (p = 0.020), large effect size (d=-1.35)"}, {"cityName": "Pforzheim", "timestamp": "2024-05", "value": 3.509882824598915e-05, "incidence": 0.18064516129032257, "pValue": 0.0034016169093604434, "interpretation": "very significant (p < 0.01), large effect size (d=-2.23)"}, {"cityName": "Freiburg im Breisgau", "timestamp": "2024-05", "value": 3.223957200707109e-05, "incidence": 0.9193548387096772, "pValue": 0.04379330607724401, "interpretation": "significant (p = 0.044), large effect size (d=-0.89)"}, {"cityName": "Reutlingen", "timestamp": "2024-05", "value": 3.30914044752717e-05, "incidence": 0.8677419354838709, "pValue": 0.9716813407847512, "interpretation": "not statistically significant (p = 0.972), negligible effect size (d=-0.02)"}, {"cityName": "Ulm", "timestamp": "2024-05", "value": 3.5166960993879717e-05, "incidence": 3.0354838709677416, "pValue": 0.025902231019865433, "interpretation": "significant (p = 0.026), large effect size (d=-1.69)"}, {"cityName": "Ingolstadt", "timestamp": "2024-05", "value": 3.485396640220036e-05, "incidence": 0.6548387096774192, "pValue": 0.15432614532401875, "interpretation": "not statistically significant (p = 0.154), medium effect size (d=-0.72)"}, {"cityName": "M\u00fcnchen", "timestamp": "2024-05", "value": 3.4092462066417705e-05, "incidence": 1.351612903225807, "pValue": 2.97076535149165e-08, "interpretation": "highly significant (p < 0.001), large effect size (d=-4.18)"}, {"cityName": "Regensburg", "timestamp": "2024-05", "value": 2.96868112248679e-05, "incidence": 1.2548387096774192, "pValue": 0.0962264413185228, "interpretation": "not statistically significant (p = 0.096), large effect size (d=1.16)"}, {"cityName": "Erlangen", "timestamp": "2024-05", "value": 3.3123449871449596e-05, "incidence": 0.8677419354838709, "pValue": 0.37777901102378153, "interpretation": "not statistically significant (p = 0.378), medium effect size (d=-0.50)"}, {"cityName": "F\u00fcrth", "timestamp": "2024-05", "value": 3.772747004404664e-05, "incidence": 0.6225806451612903, "pValue": 0.10237773852158145, "interpretation": "not statistically significant (p = 0.102), large effect size (d=-0.96)"}, {"cityName": "N\u00fcrnberg", "timestamp": "2024-05", "value": 3.4942044735406384e-05, "incidence": 0.8709677419354838, "pValue": 0.11244259986485157, "interpretation": "not statistically significant (p = 0.112), medium effect size (d=-0.80)"}, {"cityName": "W\u00fcrzburg", "timestamp": "2024-05", "value": 3.323969940538518e-05, "incidence": 0.9064516129032258, "pValue": 0.868241359611999, "interpretation": "not statistically significant (p = 0.868), negligible effect size (d=-0.10)"}, {"cityName": "Augsburg", "timestamp": "2024-05", "value": 3.4319185383188036e-05, "incidence": 1.483870967741936, "pValue": 0.025802742032270277, "interpretation": "significant (p = 0.026), large effect size (d=-1.16)"}, {"cityName": "Saarbr\u00fccken", "timestamp": "2024-05", "value": 3.0212566101302704e-05, "incidence": 0.9096774193548389, "pValue": 0.003976644765385024, "interpretation": "very significant (p < 0.01), large effect size (d=-1.81)"}, {"cityName": "Berlin", "timestamp": "2024-05", "value": 3.544434836906631e-05, "incidence": 0.0, "pValue": 0.005272769080929537, "interpretation": "very significant (p < 0.01), large effect size (d=-1.56)"}, {"cityName": "Cottbus", "timestamp": "2024-05", "value": 3.175396705046296e-05, "incidence": 0.25806451612903225, "pValue": 0.05340842114494412, "interpretation": "not statistically significant (p = 0.053), large effect size (d=-1.04)"}, {"cityName": "Potsdam", "timestamp": "2024-05", "value": 3.5155328291961376e-05, "incidence": 0.03225806451612903, "pValue": 0.7928527237563451, "interpretation": "not statistically significant (p = 0.793), negligible effect size (d=-0.15)"}, {"cityName": "Rostock", "timestamp": "2024-05", "value": 3.057788126170635e-05, "incidence": 1.832258064516129, "pValue": 0.2166638172048456, "interpretation": "not statistically significant (p = 0.217), medium effect size (d=0.51)"}, {"cityName": "Chemnitz", "timestamp": "2024-05", "value": 3.140904690797736e-05, "incidence": 0.8129032258064517, "pValue": 0.7044758230857864, "interpretation": "not statistically significant (p = 0.704), small effect size (d=-0.22)"}, {"cityName": "Dresden", "timestamp": "2024-05", "value": 3.621434284882112e-05, "incidence": 0.9580645161290323, "pValue": 0.7667427190778057, "interpretation": "not statistically significant (p = 0.767), negligible effect size (d=0.15)"}, {"cityName": "Leipzig", "timestamp": "2024-05", "value": 3.309484215124565e-05, "incidence": 1.1741935483870969, "pValue": 0.16878905367862687, "interpretation": "not statistically significant (p = 0.169), medium effect size (d=-0.67)"}, {"cityName": "Halle (Saale)", "timestamp": "2024-05", "value": 3.422539399859185e-05, "incidence": 0.9129032258064513, "pValue": 0.44417145276766956, "interpretation": "not statistically significant (p = 0.444), small effect size (d=-0.39)"}, {"cityName": "Magdeburg", "timestamp": "2024-05", "value": 3.288785534861841e-05, "incidence": 1.0838709677419356, "pValue": 0.6116358032193663, "interpretation": "not statistically significant (p = 0.612), small effect size (d=-0.23)"}, {"cityName": "Erfurt", "timestamp": "2024-05", "value": 3.025688706560338e-05, "incidence": 1.025806451612903, "pValue": 0.8975675560533346, "interpretation": "not statistically significant (p = 0.898), negligible effect size (d=0.07)"}, {"cityName": "Jena", "timestamp": "2024-05", "value": 2.9519850310559075e-05, "incidence": 0.9580645161290322, "pValue": 0.9824439352278076, "interpretation": "not statistically significant (p = 0.982), negligible effect size (d=-0.01)"}]