[{"cityName": "Kiel", "timestamp": "2023-07", "value": 3.336926567412558e-05, "incidence": 2.116129032258064, "pValue": 0.33640953563437503, "interpretation": "not statistically significant (p = 0.336), medium effect size (d=0.56)"}, {"cityName": "L\u00fcbeck", "timestamp": "2023-07", "value": 3.0689494451507926e-05, "incidence": 1.6903225806451607, "pValue": 0.4603382465132917, "interpretation": "not statistically significant (p = 0.460), small effect size (d=0.37)"}, {"cityName": "Hamburg", "timestamp": "2023-07", "value": 3.628573483890957e-05, "incidence": 3.148387096774194, "pValue": 0.4118168529050711, "interpretation": "not statistically significant (p = 0.412), small effect size (d=-0.36)"}, {"cityName": "Braunschweig", "timestamp": "2023-07", "value": 3.250088090734447e-05, "incidence": 1.8451612903225802, "pValue": 0.032162034655902984, "interpretation": "significant (p = 0.032), large effect size (d=-1.07)"}, {"cityName": "Salzgitter", "timestamp": "2023-07", "value": 3.1068635871633886e-05, "incidence": 0.667741935483871, "pValue": 0.00983829294501536, "interpretation": "very significant (p < 0.01), large effect size (d=-1.34)"}, {"cityName": "Wolfsburg", "timestamp": "2023-07", "value": 3.347960974727022e-05, "incidence": 1.4709677419354843, "pValue": 0.2596873334372024, "interpretation": "not statistically significant (p = 0.260), medium effect size (d=-0.54)"}, {"cityName": "G\u00f6ttingen", "timestamp": "2023-07", "value": 2.8073965083985102e-05, "incidence": 2.229032258064516, "pValue": 0.47963726960762365, "interpretation": "not statistically significant (p = 0.480), small effect size (d=-0.35)"}, {"cityName": "Hannover", "timestamp": "2023-07", "value": 3.507901840892277e-05, "incidence": 1.3806451612903226, "pValue": 0.05671180065233376, "interpretation": "not statistically significant (p = 0.057), large effect size (d=-0.89)"}, {"cityName": "Hildesheim", "timestamp": "2023-07", "value": 2.9673121924347736e-05, "incidence": 1.096774193548387, "pValue": 0.31494397174636257, "interpretation": "not statistically significant (p = 0.315), medium effect size (d=0.61)"}, {"cityName": "Oldenburg (Oldb)", "timestamp": "2023-07", "value": 3.436607075855136e-05, "incidence": 1.809677419354839, "pValue": 0.2757089926712538, "interpretation": "not statistically significant (p = 0.276), large effect size (d=-0.81)"}, {"cityName": "Osnabr\u00fcck", "timestamp": "2023-07", "value": 4.365731729194522e-05, "incidence": 1.0064516129032257, "pValue": 0.6344948324383146, "interpretation": "not statistically significant (p = 0.634), small effect size (d=-0.25)"}, {"cityName": "Bremen", "timestamp": "2023-07", "value": 4.0596530421591194e-05, "incidence": 0.8709677419354838, "pValue": 0.15150464160335367, "interpretation": "not statistically significant (p = 0.152), medium effect size (d=-0.63)"}, {"cityName": "Bremerhaven", "timestamp": "2023-07", "value": 3.487233022627022e-05, "incidence": 0.6741935483870969, "pValue": 0.3995251226751124, "interpretation": "not statistically significant (p = 0.400), small effect size (d=-0.43)"}, {"cityName": "D\u00fcsseldorf", "timestamp": "2023-07", "value": 5.323768638801284e-05, "incidence": 2.2258064516129035, "pValue": 0.00040179831443719707, "interpretation": "highly significant (p < 0.001), large effect size (d=-1.75)"}, {"cityName": "Duisburg", "timestamp": "2023-07", "value": 5.5244735752542816e-05, "incidence": 1.006451612903226, "pValue": 0.00034288987999887285, "interpretation": "highly significant (p < 0.001), large effect size (d=-2.07)"}, {"cityName": "Essen", "timestamp": "2023-07", "value": 5.16719734057402e-05, "incidence": 2.3516129032258073, "pValue": 0.0019414694826639233, "interpretation": "very significant (p < 0.01), large effect size (d=-1.76)"}, {"cityName": "Krefeld", "timestamp": "2023-07", "value": 4.656469592681298e-05, "incidence": 1.1483870967741934, "pValue": 0.013292797793249359, "interpretation": "significant (p = 0.013), large effect size (d=-1.27)"}, {"cityName": "M\u00f6nchengladbach", "timestamp": "2023-07", "value": 4.881319332996319e-05, "incidence": 0.5, "pValue": 0.013377674929996657, "interpretation": "significant (p = 0.013), large effect size (d=-1.31)"}, {"cityName": "M\u00fclheim an der Ruhr", "timestamp": "2023-07", "value": 5.020494831518995e-05, "incidence": 4.438709677419354, "pValue": 0.005007646405696066, "interpretation": "very significant (p < 0.01), large effect size (d=-1.68)"}, {"cityName": "Oberhausen", "timestamp": "2023-07", "value": 6.418879358814313e-05, "incidence": 1.5999999999999996, "pValue": 0.003442279696249147, "interpretation": "very significant (p < 0.01), large effect size (d=-2.03)"}, {"cityName": "Remscheid", "timestamp": "2023-07", "value": 4.871243145316839e-05, "incidence": 0.6096774193548388, "pValue": 0.13040662050535012, "interpretation": "not statistically significant (p = 0.130), large effect size (d=-0.95)"}, {"cityName": "Solingen", "timestamp": "2023-07", "value": 5.206773494137451e-05, "incidence": 0.629032258064516, "pValue": 0.050287821271528664, "interpretation": "not statistically significant (p = 0.050), large effect size (d=-1.03)"}, {"cityName": "Wuppertal", "timestamp": "2023-07", "value": 4.53897993321772e-05, "incidence": 0.970967741935484, "pValue": 0.0017672588624863838, "interpretation": "very significant (p < 0.01), large effect size (d=-1.67)"}, {"cityName": "Neuss", "timestamp": "2023-07", "value": 4.9819009291240945e-05, "incidence": 1.3161290322580645, "pValue": 0.014372532209629448, "interpretation": "significant (p = 0.014), large effect size (d=-1.29)"}, {"cityName": "Moers", "timestamp": "2023-07", "value": 5.0340932960222873e-05, "incidence": 1.2161290322580647, "pValue": 0.005154804900152839, "interpretation": "very significant (p < 0.01), large effect size (d=-1.42)"}, {"cityName": "Bonn", "timestamp": "2023-07", "value": 4.238301401280544e-05, "incidence": 0.9290322580645161, "pValue": 0.07121016810271126, "interpretation": "not statistically significant (p = 0.071), large effect size (d=-0.92)"}, {"cityName": "K\u00f6ln", "timestamp": "2023-07", "value": 5.237922434591585e-05, "incidence": 1.2, "pValue": 0.0007799714000962879, "interpretation": "highly significant (p < 0.001), large effect size (d=-1.65)"}, {"cityName": "Leverkusen", "timestamp": "2023-07", "value": 6.0576703011368714e-05, "incidence": 1.87741935483871, "pValue": 0.02473883587970626, "interpretation": "significant (p = 0.025), large effect size (d=-1.39)"}, {"cityName": "Aachen", "timestamp": "2023-07", "value": 3.537090479171482e-05, "incidence": 1.2322580645161294, "pValue": 0.05600457014395295, "interpretation": "not statistically significant (p = 0.056), large effect size (d=-0.98)"}, {"cityName": "Bergisch Gladbach", "timestamp": "2023-07", "value": 4.399588630933847e-05, "incidence": 0.829032258064516, "pValue": 0.02395043220684124, "interpretation": "significant (p = 0.024), large effect size (d=-1.32)"}, {"cityName": "Bottrop", "timestamp": "2023-07", "value": 6.255358183646903e-05, "incidence": 3.4387096774193546, "pValue": 0.0002868130162803988, "interpretation": "highly significant (p < 0.001), large effect size (d=-2.18)"}, {"cityName": "Gelsenkirchen", "timestamp": "2023-07", "value": 6.15324140252436e-05, "incidence": 1.0387096774193547, "pValue": 0.000275581596030429, "interpretation": "highly significant (p < 0.001), large effect size (d=-2.18)"}, {"cityName": "M\u00fcnster", "timestamp": "2023-07", "value": 4.263188722625113e-05, "incidence": 1.590322580645161, "pValue": 0.030800491967962463, "interpretation": "significant (p = 0.031), large effect size (d=-0.97)"}, {"cityName": "Recklinghausen", "timestamp": "2023-07", "value": 5.879179717829594e-05, "incidence": 2.1, "pValue": 0.08518269477892873, "interpretation": "not statistically significant (p = 0.085), large effect size (d=-0.90)"}, {"cityName": "Bielefeld", "timestamp": "2023-07", "value": 3.8334505613117166e-05, "incidence": 1.5870967741935482, "pValue": 0.19940696285489037, "interpretation": "not statistically significant (p = 0.199), medium effect size (d=-0.60)"}, {"cityName": "G\u00fctersloh", "timestamp": "2023-07", "value": 4.066466062795371e-05, "incidence": 0.6774193548387097, "pValue": 0.9188417870590995, "interpretation": "not statistically significant (p = 0.919), negligible effect size (d=-0.05)"}, {"cityName": "Paderborn", "timestamp": "2023-07", "value": 3.357876783176776e-05, "incidence": 1.003225806451613, "pValue": 0.16784294722773613, "interpretation": "not statistically significant (p = 0.168), medium effect size (d=-0.69)"}, {"cityName": "Bochum", "timestamp": "2023-07", "value": 5.025274488919725e-05, "incidence": 2.148387096774193, "pValue": 0.0005106802765051454, "interpretation": "highly significant (p < 0.001), large effect size (d=-1.83)"}, {"cityName": "Dortmund", "timestamp": "2023-07", "value": 5.0604927773569144e-05, "incidence": 2.274193548387097, "pValue": 0.00023843295900343426, "interpretation": "highly significant (p < 0.001), large effect size (d=-1.81)"}, {"cityName": "Hagen", "timestamp": "2023-07", "value": 4.307095539467088e-05, "incidence": 1.3161290322580645, "pValue": 0.003000624490787593, "interpretation": "very significant (p < 0.01), large effect size (d=-1.65)"}, {"cityName": "Hamm", "timestamp": "2023-07", "value": 4.831542970523948e-05, "incidence": 1.270967741935484, "pValue": 0.04414691584159352, "interpretation": "significant (p = 0.044), large effect size (d=-0.97)"}, {"cityName": "Herne", "timestamp": "2023-07", "value": 6.165744853205978e-05, "incidence": 2.1419354838709674, "pValue": 0.04560981661178741, "interpretation": "significant (p = 0.046), large effect size (d=-1.00)"}, {"cityName": "Siegen", "timestamp": "2023-07", "value": 3.576685558073223e-05, "incidence": 1.0161290322580645, "pValue": 0.2554774011260736, "interpretation": "not statistically significant (p = 0.255), medium effect size (d=-0.59)"}, {"cityName": "Darmstadt", "timestamp": "2023-07", "value": 4.0831401499665596e-05, "incidence": 0.8903225806451612, "pValue": 0.0028379897419723668, "interpretation": "very significant (p < 0.01), large effect size (d=-1.36)"}, {"cityName": "Frankfurt am Main", "timestamp": "2023-07", "value": 6.177175303243779e-05, "incidence": 1.7580645161290323, "pValue": 0.047499077776591285, "interpretation": "significant (p = 0.047), large effect size (d=-0.82)"}, {"cityName": "Offenbach am Main", "timestamp": "2023-07", "value": 5.39878700775179e-05, "incidence": 1.2548387096774196, "pValue": 0.10040657758508914, "interpretation": "not statistically significant (p = 0.100), medium effect size (d=-0.75)"}, {"cityName": "Wiesbaden", "timestamp": "2023-07", "value": 4.9275304061464136e-05, "incidence": 0.8935483870967743, "pValue": 0.07158184320391482, "interpretation": "not statistically significant (p = 0.072), medium effect size (d=-0.77)"}, {"cityName": "Hanau", "timestamp": "2023-07", "value": 5.1273471819093596e-05, "incidence": 1.9322580645161291, "pValue": 0.5163907406655561, "interpretation": "not statistically significant (p = 0.516), small effect size (d=-0.28)"}, {"cityName": "Kassel", "timestamp": "2023-07", "value": 3.214983735233545e-05, "incidence": 2.98709677419355, "pValue": 0.20480594630346158, "interpretation": "not statistically significant (p = 0.205), medium effect size (d=-0.61)"}, {"cityName": "Koblenz", "timestamp": "2023-07", "value": 3.607834999759992e-05, "incidence": 3.974193548387097, "pValue": 0.0664831806067839, "interpretation": "not statistically significant (p = 0.066), large effect size (d=-0.81)"}, {"cityName": "Trier", "timestamp": "2023-07", "value": 3.6918907426297665e-05, "incidence": 0.0, "pValue": 0.8420979385237414, "interpretation": "not statistically significant (p = 0.842), negligible effect size (d=-0.08)"}, {"cityName": "Kaiserslautern", "timestamp": "2023-07", "value": 2.9470706627202722e-05, "incidence": 0.6451612903225806, "pValue": 0.11484035180948896, "interpretation": "not statistically significant (p = 0.115), medium effect size (d=-0.80)"}, {"cityName": "Ludwigshafen am Rhein", "timestamp": "2023-07", "value": 4.633333689222733e-05, "incidence": 0.48709677419354835, "pValue": 0.0012803820411888362, "interpretation": "very significant (p < 0.01), large effect size (d=-1.38)"}, {"cityName": "Mainz", "timestamp": "2023-07", "value": 4.6639455831609666e-05, "incidence": 1.2322580645161287, "pValue": 0.032902788866814595, "interpretation": "significant (p = 0.033), large effect size (d=-0.96)"}, {"cityName": "Stuttgart", "timestamp": "2023-07", "value": 4.0101424221777255e-05, "incidence": 1.0129032258064514, "pValue": 0.1565533345318868, "interpretation": "not statistically significant (p = 0.157), medium effect size (d=-0.55)"}, {"cityName": "Heilbronn", "timestamp": "2023-07", "value": 3.9833138645109204e-05, "incidence": 1.3548387096774195, "pValue": 0.36403381086299014, "interpretation": "not statistically significant (p = 0.364), small effect size (d=-0.36)"}, {"cityName": "Karlsruhe", "timestamp": "2023-07", "value": 4.0102800509581965e-05, "incidence": 0.5935483870967744, "pValue": 0.059913876622912615, "interpretation": "not statistically significant (p = 0.060), medium effect size (d=-0.67)"}, {"cityName": "Heidelberg", "timestamp": "2023-07", "value": 4.12995455247399e-05, "incidence": 1.0806451612903227, "pValue": 0.07882077868405223, "interpretation": "not statistically significant (p = 0.079), large effect size (d=-0.81)"}, {"cityName": "Mannheim", "timestamp": "2023-07", "value": 5.0942092202603816e-05, "incidence": 1.4806451612903229, "pValue": 0.0059619064384011135, "interpretation": "very significant (p < 0.01), large effect size (d=-1.22)"}, {"cityName": "Pforzheim", "timestamp": "2023-07", "value": 3.4486050329481564e-05, "incidence": 0.5419354838709679, "pValue": 0.16141600898266142, "interpretation": "not statistically significant (p = 0.161), medium effect size (d=-0.52)"}, {"cityName": "Freiburg im Breisgau", "timestamp": "2023-07", "value": 2.975087543880498e-05, "incidence": 1.5, "pValue": 0.499438798874169, "interpretation": "not statistically significant (p = 0.499), small effect size (d=-0.24)"}, {"cityName": "Reutlingen", "timestamp": "2023-07", "value": 2.9786750019411556e-05, "incidence": 1.6741935483870969, "pValue": 0.11779497145298325, "interpretation": "not statistically significant (p = 0.118), medium effect size (d=-0.70)"}, {"cityName": "Ulm", "timestamp": "2023-07", "value": 3.064922240905856e-05, "incidence": 1.5, "pValue": 0.05896041346780344, "interpretation": "not statistically significant (p = 0.059), large effect size (d=-0.96)"}, {"cityName": "Ingolstadt", "timestamp": "2023-07", "value": 3.178251790814102e-05, "incidence": 0.31612903225806444, "pValue": 0.5650275479622232, "interpretation": "not statistically significant (p = 0.565), small effect size (d=-0.25)"}, {"cityName": "M\u00fcnchen", "timestamp": "2023-07", "value": 3.726622582269976e-05, "incidence": 2.5419354838709682, "pValue": 0.026933183133489802, "interpretation": "significant (p = 0.027), large effect size (d=-1.13)"}, {"cityName": "Regensburg", "timestamp": "2023-07", "value": 3.648494215061267e-05, "incidence": 2.27741935483871, "pValue": 0.886136710471563, "interpretation": "not statistically significant (p = 0.886), negligible effect size (d=-0.07)"}, {"cityName": "Erlangen", "timestamp": "2023-07", "value": 3.411002814703222e-05, "incidence": 1.9451612903225806, "pValue": 0.9647583302191497, "interpretation": "not statistically significant (p = 0.965), negligible effect size (d=-0.02)"}, {"cityName": "F\u00fcrth", "timestamp": "2023-07", "value": 3.5567482700571415e-05, "incidence": 1.0483870967741935, "pValue": 0.6042293666662217, "interpretation": "not statistically significant (p = 0.604), small effect size (d=-0.27)"}, {"cityName": "N\u00fcrnberg", "timestamp": "2023-07", "value": 3.396936297190912e-05, "incidence": 2.2161290322580642, "pValue": 0.008336151613972043, "interpretation": "very significant (p < 0.01), large effect size (d=-1.29)"}, {"cityName": "W\u00fcrzburg", "timestamp": "2023-07", "value": 3.7237787182675675e-05, "incidence": 0.8806451612903227, "pValue": 0.5980880356183669, "interpretation": "not statistically significant (p = 0.598), small effect size (d=-0.23)"}, {"cityName": "Augsburg", "timestamp": "2023-07", "value": 3.516606879062377e-05, "incidence": 1.4129032258064516, "pValue": 0.5462272506290478, "interpretation": "not statistically significant (p = 0.546), small effect size (d=-0.25)"}, {"cityName": "Saarbr\u00fccken", "timestamp": "2023-07", "value": 3.116576311488946e-05, "incidence": 1.3645161290322583, "pValue": 0.16892912001777166, "interpretation": "not statistically significant (p = 0.169), medium effect size (d=-0.51)"}, {"cityName": "Berlin", "timestamp": "2023-07", "value": 3.691449784105871e-05, "incidence": 0.0, "pValue": 0.21388950210994706, "interpretation": "not statistically significant (p = 0.214), small effect size (d=-0.48)"}, {"cityName": "Cottbus", "timestamp": "2023-07", "value": 3.650073463527056e-05, "incidence": 1.096774193548387, "pValue": 0.2848247847155325, "interpretation": "not statistically significant (p = 0.285), medium effect size (d=-0.53)"}, {"cityName": "Potsdam", "timestamp": "2023-07", "value": 2.9252249720122883e-05, "incidence": 2.429032258064517, "pValue": 0.39310227939011777, "interpretation": "not statistically significant (p = 0.393), small effect size (d=-0.39)"}, {"cityName": "Rostock", "timestamp": "2023-07", "value": 3.180972822574955e-05, "incidence": 2.090322580645161, "pValue": 0.6174280536578605, "interpretation": "not statistically significant (p = 0.617), negligible effect size (d=-0.20)"}, {"cityName": "Chemnitz", "timestamp": "2023-07", "value": 3.287614118762133e-05, "incidence": 0.8516129032258065, "pValue": 0.1201152562045512, "interpretation": "not statistically significant (p = 0.120), medium effect size (d=-0.75)"}, {"cityName": "Dresden", "timestamp": "2023-07", "value": 3.62181274051016e-05, "incidence": 0.9935483870967738, "pValue": 0.10371697239517882, "interpretation": "not statistically significant (p = 0.104), medium effect size (d=-0.71)"}, {"cityName": "Leipzig", "timestamp": "2023-07", "value": 3.5500021505297396e-05, "incidence": 1.7258064516129035, "pValue": 0.003987409297192738, "interpretation": "very significant (p < 0.01), large effect size (d=-1.31)"}, {"cityName": "Halle (Saale)", "timestamp": "2023-07", "value": 3.686228592414409e-05, "incidence": 0.5161290322580646, "pValue": 0.7966942662936398, "interpretation": "not statistically significant (p = 0.797), negligible effect size (d=-0.12)"}, {"cityName": "Magdeburg", "timestamp": "2023-07", "value": 3.283452794053837e-05, "incidence": 2.1548387096774198, "pValue": 0.35450162161283516, "interpretation": "not statistically significant (p = 0.355), small effect size (d=-0.36)"}, {"cityName": "Erfurt", "timestamp": "2023-07", "value": 3.1258574033037146e-05, "incidence": 1.816129032258064, "pValue": 0.490256781733879, "interpretation": "not statistically significant (p = 0.490), small effect size (d=-0.32)"}, {"cityName": "Jena", "timestamp": "2023-07", "value": 3.1180886758698354e-05, "incidence": 2.003225806451612, "pValue": 0.7988386746195879, "interpretation": "not statistically significant (p = 0.799), negligible effect size (d=0.14)"}]