[{"cityName": "Kiel", "timestamp": "2022-03", "value": 5.727730846653382e-05, "incidence": 1386.41935483871, "pValue": 0.0784485900928813, "interpretation": "not statistically significant (p = 0.078), large effect size (d=0.94)"}, {"cityName": "L\u00fcbeck", "timestamp": "2022-03", "value": 4.875397038025161e-05, "incidence": 1271.31935483871, "pValue": 0.42232795158359515, "interpretation": "not statistically significant (p = 0.422), small effect size (d=-0.36)"}, {"cityName": "Hamburg", "timestamp": "2022-03", "value": 7.990079207552804e-05, "incidence": 1100.6000000000001, "pValue": 0.4545680849341588, "interpretation": "not statistically significant (p = 0.455), small effect size (d=0.32)"}, {"cityName": "Braunschweig", "timestamp": "2022-03", "value": 6.654610693016472e-05, "incidence": 1731.7161290322579, "pValue": 0.7843415359381275, "interpretation": "not statistically significant (p = 0.784), negligible effect size (d=-0.13)"}, {"cityName": "Salzgitter", "timestamp": "2022-03", "value": 7.703423034399748e-05, "incidence": 1637.183870967742, "pValue": 0.49201508978231046, "interpretation": "not statistically significant (p = 0.492), small effect size (d=0.33)"}, {"cityName": "Wolfsburg", "timestamp": "2022-03", "value": 5.9080542996525764e-05, "incidence": 1941.0225806451615, "pValue": 0.7330936858202692, "interpretation": "not statistically significant (p = 0.733), negligible effect size (d=-0.16)"}, {"cityName": "G\u00f6ttingen", "timestamp": "2022-03", "value": 5.869222583160514e-05, "incidence": 1823.2967741935483, "pValue": 0.6711703637133548, "interpretation": "not statistically significant (p = 0.671), negligible effect size (d=-0.19)"}, {"cityName": "Hannover", "timestamp": "2022-03", "value": 8.069809011526798e-05, "incidence": 1789.148387096774, "pValue": 0.945394488432497, "interpretation": "not statistically significant (p = 0.945), negligible effect size (d=-0.03)"}, {"cityName": "Hildesheim", "timestamp": "2022-03", "value": 6.93780808326076e-05, "incidence": 1891.4548387096777, "pValue": 0.7972819782788907, "interpretation": "not statistically significant (p = 0.797), negligible effect size (d=-0.14)"}, {"cityName": "Oldenburg (Oldb)", "timestamp": "2022-03", "value": 7.418588502332568e-05, "incidence": 1424.9129032258063, "pValue": 0.5432136883490208, "interpretation": "not statistically significant (p = 0.543), small effect size (d=0.29)"}, {"cityName": "Osnabr\u00fcck", "timestamp": "2022-03", "value": 7.652634204449978e-05, "incidence": 1882.4709677419355, "pValue": 0.2440807696243941, "interpretation": "not statistically significant (p = 0.244), medium effect size (d=-0.59)"}, {"cityName": "Bremen", "timestamp": "2022-03", "value": 8.319005309069743e-05, "incidence": 1083.2806451612905, "pValue": 0.2493506526219601, "interpretation": "not statistically significant (p = 0.249), small effect size (d=0.45)"}, {"cityName": "Bremerhaven", "timestamp": "2022-03", "value": 6.909170354317342e-05, "incidence": 1372.6161290322582, "pValue": 0.3205544340700866, "interpretation": "not statistically significant (p = 0.321), small effect size (d=0.39)"}, {"cityName": "D\u00fcsseldorf", "timestamp": "2022-03", "value": 0.00015310068592065717, "incidence": 1329.925806451613, "pValue": 0.32066628024438265, "interpretation": "not statistically significant (p = 0.321), small effect size (d=-0.39)"}, {"cityName": "Duisburg", "timestamp": "2022-03", "value": 0.00021899138123561174, "incidence": 742.0774193548386, "pValue": 0.27504453577200977, "interpretation": "not statistically significant (p = 0.275), small effect size (d=0.42)"}, {"cityName": "Essen", "timestamp": "2022-03", "value": 0.00017400350994788684, "incidence": 1035.5645161290322, "pValue": 0.9410926244487516, "interpretation": "not statistically significant (p = 0.941), negligible effect size (d=-0.03)"}, {"cityName": "Krefeld", "timestamp": "2022-03", "value": 0.00019827823584469466, "incidence": 1285.4193548387095, "pValue": 0.009071040811378075, "interpretation": "very significant (p < 0.01), large effect size (d=0.94)"}, {"cityName": "M\u00f6nchengladbach", "timestamp": "2022-03", "value": 0.000174695850703223, "incidence": 1347.5387096774193, "pValue": 0.20897448896969023, "interpretation": "not statistically significant (p = 0.209), small effect size (d=0.50)"}, {"cityName": "M\u00fclheim an der Ruhr", "timestamp": "2022-03", "value": 0.00017909757379028533, "incidence": 888.158064516129, "pValue": 0.8892499694837424, "interpretation": "not statistically significant (p = 0.889), negligible effect size (d=0.06)"}, {"cityName": "Oberhausen", "timestamp": "2022-03", "value": 0.0002093456255701872, "incidence": 873.7870967741934, "pValue": 0.9831548598101827, "interpretation": "not statistically significant (p = 0.983), negligible effect size (d=0.01)"}, {"cityName": "Remscheid", "timestamp": "2022-03", "value": 8.834325708448887e-05, "incidence": 1150.8451612903227, "pValue": 0.22754536986378254, "interpretation": "not statistically significant (p = 0.228), medium effect size (d=-0.51)"}, {"cityName": "Solingen", "timestamp": "2022-03", "value": 0.00011213806283194572, "incidence": 1496.4322580645162, "pValue": 0.493023708901671, "interpretation": "not statistically significant (p = 0.493), small effect size (d=-0.27)"}, {"cityName": "Wuppertal", "timestamp": "2022-03", "value": 0.00010283615578103948, "incidence": 1178.083870967742, "pValue": 0.19827682944142913, "interpretation": "not statistically significant (p = 0.198), medium effect size (d=-0.56)"}, {"cityName": "Neuss", "timestamp": "2022-03", "value": 0.00015987030928954482, "incidence": 1392.98064516129, "pValue": 0.931288268279462, "interpretation": "not statistically significant (p = 0.931), negligible effect size (d=0.03)"}, {"cityName": "Moers", "timestamp": "2022-03", "value": 0.00022977420927158425, "incidence": 1344.5612903225813, "pValue": 0.17923250749948152, "interpretation": "not statistically significant (p = 0.179), medium effect size (d=0.56)"}, {"cityName": "Bonn", "timestamp": "2022-03", "value": 0.00012238665526224807, "incidence": 1575.0258064516127, "pValue": 0.7230466814838077, "interpretation": "not statistically significant (p = 0.723), negligible effect size (d=0.15)"}, {"cityName": "K\u00f6ln", "timestamp": "2022-03", "value": 0.0001364158233627677, "incidence": 1931.5161290322583, "pValue": 0.6399852658931475, "interpretation": "not statistically significant (p = 0.640), negligible effect size (d=-0.17)"}, {"cityName": "Leverkusen", "timestamp": "2022-03", "value": 0.00012142870885630448, "incidence": 1664.6580645161291, "pValue": 0.40594404196576006, "interpretation": "not statistically significant (p = 0.406), small effect size (d=-0.34)"}, {"cityName": "Aachen", "timestamp": "2022-03", "value": 0.0001279748173366333, "incidence": 1358.441935483871, "pValue": 0.6423166563397971, "interpretation": "not statistically significant (p = 0.642), small effect size (d=0.22)"}, {"cityName": "Bergisch Gladbach", "timestamp": "2022-03", "value": 9.697717281856708e-05, "incidence": 1608.8741935483872, "pValue": 0.769785232781044, "interpretation": "not statistically significant (p = 0.770), negligible effect size (d=-0.13)"}, {"cityName": "Bottrop", "timestamp": "2022-03", "value": 0.00018974667524590213, "incidence": 1185.2193548387097, "pValue": 0.5440410163665059, "interpretation": "not statistically significant (p = 0.544), small effect size (d=-0.28)"}, {"cityName": "Gelsenkirchen", "timestamp": "2022-03", "value": 0.0001757803701740854, "incidence": 990.8161290322581, "pValue": 0.3174502964550366, "interpretation": "not statistically significant (p = 0.317), small effect size (d=-0.44)"}, {"cityName": "M\u00fcnster", "timestamp": "2022-03", "value": 8.693889698438477e-05, "incidence": 1774.4612903225805, "pValue": 0.5973598424372473, "interpretation": "not statistically significant (p = 0.597), small effect size (d=-0.20)"}, {"cityName": "Recklinghausen", "timestamp": "2022-03", "value": 0.00014192842018718904, "incidence": 1083.7064516129033, "pValue": 0.06850680580269776, "interpretation": "not statistically significant (p = 0.069), large effect size (d=-0.83)"}, {"cityName": "Bielefeld", "timestamp": "2022-03", "value": 7.179273719278474e-05, "incidence": 1667.3870967741939, "pValue": 0.9985455303094269, "interpretation": "not statistically significant (p = 0.999), negligible effect size (d=-0.00)"}, {"cityName": "G\u00fctersloh", "timestamp": "2022-03", "value": 7.480501662939786e-05, "incidence": 1758.11935483871, "pValue": 0.43197856196483053, "interpretation": "not statistically significant (p = 0.432), small effect size (d=-0.37)"}, {"cityName": "Paderborn", "timestamp": "2022-03", "value": 5.963457477909904e-05, "incidence": 1168.5032258064516, "pValue": 0.2971164818792545, "interpretation": "not statistically significant (p = 0.297), medium effect size (d=-0.53)"}, {"cityName": "Bochum", "timestamp": "2022-03", "value": 0.00014966524516542753, "incidence": 1097.8612903225803, "pValue": 0.5867820933877146, "interpretation": "not statistically significant (p = 0.587), small effect size (d=-0.23)"}, {"cityName": "Dortmund", "timestamp": "2022-03", "value": 0.00011496002986734988, "incidence": 1187.7032258064517, "pValue": 0.14740917719951405, "interpretation": "not statistically significant (p = 0.147), medium effect size (d=-0.52)"}, {"cityName": "Hagen", "timestamp": "2022-03", "value": 9.818707496441644e-05, "incidence": 1027.058064516129, "pValue": 0.10121362087426962, "interpretation": "not statistically significant (p = 0.101), medium effect size (d=-0.78)"}, {"cityName": "Hamm", "timestamp": "2022-03", "value": 7.853354327380657e-05, "incidence": 1354.1935483870966, "pValue": 0.02130028898979793, "interpretation": "significant (p = 0.021), large effect size (d=-0.96)"}, {"cityName": "Herne", "timestamp": "2022-03", "value": 0.0001535615068860352, "incidence": 1150.7483870967744, "pValue": 0.3714080865403787, "interpretation": "not statistically significant (p = 0.371), small effect size (d=-0.38)"}, {"cityName": "Siegen", "timestamp": "2022-03", "value": 6.015275721438229e-05, "incidence": 1579.9161290322577, "pValue": 0.28303904619921116, "interpretation": "not statistically significant (p = 0.283), medium effect size (d=-0.51)"}, {"cityName": "Darmstadt", "timestamp": "2022-03", "value": 9.497276253320955e-05, "incidence": 1084.5096774193546, "pValue": 0.03732534868362227, "interpretation": "significant (p = 0.037), large effect size (d=-0.90)"}, {"cityName": "Frankfurt am Main", "timestamp": "2022-03", "value": 0.00012074271216988564, "incidence": 1085.1774193548385, "pValue": 0.06530158772310372, "interpretation": "not statistically significant (p = 0.065), medium effect size (d=-0.70)"}, {"cityName": "Offenbach am Main", "timestamp": "2022-03", "value": 0.00010807257653637366, "incidence": 1078.5064516129034, "pValue": 0.18697938058602703, "interpretation": "not statistically significant (p = 0.187), medium effect size (d=-0.54)"}, {"cityName": "Wiesbaden", "timestamp": "2022-03", "value": 0.00011936990388979514, "incidence": 1288.109677419355, "pValue": 0.1260837480003033, "interpretation": "not statistically significant (p = 0.126), medium effect size (d=-0.73)"}, {"cityName": "Hanau", "timestamp": "2022-03", "value": 8.791347499936819e-05, "incidence": 1316.2419354838707, "pValue": 0.07578965552255842, "interpretation": "not statistically significant (p = 0.076), medium effect size (d=-0.77)"}, {"cityName": "Kassel", "timestamp": "2022-03", "value": 6.992444266668624e-05, "incidence": 860.1516129032258, "pValue": 0.7976113706919084, "interpretation": "not statistically significant (p = 0.798), negligible effect size (d=-0.12)"}, {"cityName": "Koblenz", "timestamp": "2022-03", "value": 9.364876637442244e-05, "incidence": 1761.474193548387, "pValue": 0.1524356994005564, "interpretation": "not statistically significant (p = 0.152), medium effect size (d=-0.72)"}, {"cityName": "Trier", "timestamp": "2022-03", "value": 6.914123077876866e-05, "incidence": 1543.6838709677422, "pValue": 0.6509338154190266, "interpretation": "not statistically significant (p = 0.651), negligible effect size (d=-0.17)"}, {"cityName": "Kaiserslautern", "timestamp": "2022-03", "value": 8.713985936572918e-05, "incidence": 1566.1999999999998, "pValue": 0.5043044804688069, "interpretation": "not statistically significant (p = 0.504), small effect size (d=0.26)"}, {"cityName": "Ludwigshafen am Rhein", "timestamp": "2022-03", "value": 0.00016149492391074696, "incidence": 1266.9548387096775, "pValue": 0.5913464538700949, "interpretation": "not statistically significant (p = 0.591), small effect size (d=0.20)"}, {"cityName": "Mainz", "timestamp": "2022-03", "value": 0.0001308994833379984, "incidence": 1712.2354838709675, "pValue": 0.08219487047119885, "interpretation": "not statistically significant (p = 0.082), medium effect size (d=-0.78)"}, {"cityName": "Stuttgart", "timestamp": "2022-03", "value": 0.00010237351913625996, "incidence": 1346.6193548387096, "pValue": 0.5664210460933571, "interpretation": "not statistically significant (p = 0.566), small effect size (d=0.21)"}, {"cityName": "Heilbronn", "timestamp": "2022-03", "value": 9.28378560476833e-05, "incidence": 1725.4032258064515, "pValue": 0.34765057548381306, "interpretation": "not statistically significant (p = 0.348), small effect size (d=0.38)"}, {"cityName": "Karlsruhe", "timestamp": "2022-03", "value": 0.00011804900132119655, "incidence": 1765.8548387096778, "pValue": 0.3754417390239425, "interpretation": "not statistically significant (p = 0.375), small effect size (d=0.32)"}, {"cityName": "Heidelberg", "timestamp": "2022-03", "value": 0.00011065837584043805, "incidence": 1630.2129032258067, "pValue": 0.8964776508280332, "interpretation": "not statistically significant (p = 0.896), negligible effect size (d=0.05)"}, {"cityName": "Mannheim", "timestamp": "2022-03", "value": 0.0001339288242161274, "incidence": 1907.7870967741933, "pValue": 0.9949301735054863, "interpretation": "not statistically significant (p = 0.995), negligible effect size (d=0.00)"}, {"cityName": "Pforzheim", "timestamp": "2022-03", "value": 9.959595303775536e-05, "incidence": 1614.4258064516132, "pValue": 0.8403419587741687, "interpretation": "not statistically significant (p = 0.840), negligible effect size (d=0.08)"}, {"cityName": "Freiburg im Breisgau", "timestamp": "2022-03", "value": 9.197420958015654e-05, "incidence": 1811.464516129032, "pValue": 0.17189955996553333, "interpretation": "not statistically significant (p = 0.172), medium effect size (d=0.54)"}, {"cityName": "Reutlingen", "timestamp": "2022-03", "value": 7.470369746442884e-05, "incidence": 1783.7806451612903, "pValue": 0.8269130696680291, "interpretation": "not statistically significant (p = 0.827), negligible effect size (d=-0.09)"}, {"cityName": "Ulm", "timestamp": "2022-03", "value": 8.249595320146335e-05, "incidence": 1690.9870967741936, "pValue": 0.9683633403675311, "interpretation": "not statistically significant (p = 0.968), negligible effect size (d=0.02)"}, {"cityName": "Ingolstadt", "timestamp": "2022-03", "value": 7.348734652623534e-05, "incidence": 1734.1193548387098, "pValue": 0.8832936624244845, "interpretation": "not statistically significant (p = 0.883), negligible effect size (d=-0.07)"}, {"cityName": "M\u00fcnchen", "timestamp": "2022-03", "value": 9.370480592434223e-05, "incidence": 1657.2129032258067, "pValue": 0.6385903267606905, "interpretation": "not statistically significant (p = 0.639), negligible effect size (d=0.18)"}, {"cityName": "Regensburg", "timestamp": "2022-03", "value": 5.599197077875336e-05, "incidence": 1970.0483870967746, "pValue": 0.275812473663717, "interpretation": "not statistically significant (p = 0.276), small effect size (d=-0.50)"}, {"cityName": "Erlangen", "timestamp": "2022-03", "value": 6.126974143886141e-05, "incidence": 1762.125806451613, "pValue": 0.17217455978633897, "interpretation": "not statistically significant (p = 0.172), medium effect size (d=-0.60)"}, {"cityName": "F\u00fcrth", "timestamp": "2022-03", "value": 7.213681237772107e-05, "incidence": 1757.8935483870969, "pValue": 0.29629268662932357, "interpretation": "not statistically significant (p = 0.296), small effect size (d=-0.45)"}, {"cityName": "N\u00fcrnberg", "timestamp": "2022-03", "value": 6.592671640894629e-05, "incidence": 1703.6806451612906, "pValue": 0.30691572537388334, "interpretation": "not statistically significant (p = 0.307), small effect size (d=-0.43)"}, {"cityName": "W\u00fcrzburg", "timestamp": "2022-03", "value": 7.193826604634523e-05, "incidence": 2306.151612903226, "pValue": 0.211281939033041, "interpretation": "not statistically significant (p = 0.211), medium effect size (d=-0.52)"}, {"cityName": "Augsburg", "timestamp": "2022-03", "value": 7.669380507790126e-05, "incidence": 1656.2806451612903, "pValue": 0.9370540739265455, "interpretation": "not statistically significant (p = 0.937), negligible effect size (d=0.03)"}, {"cityName": "Saarbr\u00fccken", "timestamp": "2022-03", "value": 8.2881065706412e-05, "incidence": 1834.390322580645, "pValue": 0.4405743803128235, "interpretation": "not statistically significant (p = 0.441), small effect size (d=-0.30)"}, {"cityName": "Berlin", "timestamp": "2022-03", "value": 7.266046411198814e-05, "incidence": 0.0, "pValue": 0.4267063332704918, "interpretation": "not statistically significant (p = 0.427), small effect size (d=0.34)"}, {"cityName": "Cottbus", "timestamp": "2022-03", "value": 7.370895652387005e-05, "incidence": 1828.2548387096776, "pValue": 0.7396798400859184, "interpretation": "not statistically significant (p = 0.740), negligible effect size (d=-0.18)"}, {"cityName": "Potsdam", "timestamp": "2022-03", "value": 7.318015045979443e-05, "incidence": 1385.667741935484, "pValue": 0.3220535374706752, "interpretation": "not statistically significant (p = 0.322), small effect size (d=0.47)"}, {"cityName": "Rostock", "timestamp": "2022-03", "value": 4.4312610319166474e-05, "incidence": 2213.990322580645, "pValue": 0.7816956240709869, "interpretation": "not statistically significant (p = 0.782), negligible effect size (d=0.12)"}, {"cityName": "Chemnitz", "timestamp": "2022-03", "value": 7.786056617411172e-05, "incidence": 1998.2483870967744, "pValue": 0.15053921444970406, "interpretation": "not statistically significant (p = 0.151), medium effect size (d=0.64)"}, {"cityName": "Dresden", "timestamp": "2022-03", "value": 7.072137668728828e-05, "incidence": 2079.845161290323, "pValue": 0.4469752189282552, "interpretation": "not statistically significant (p = 0.447), small effect size (d=-0.35)"}, {"cityName": "Leipzig", "timestamp": "2022-03", "value": 7.824544959208545e-05, "incidence": 2100.5032258064516, "pValue": 0.8687268088928375, "interpretation": "not statistically significant (p = 0.869), negligible effect size (d=0.08)"}, {"cityName": "Halle (Saale)", "timestamp": "2022-03", "value": 7.88797769928351e-05, "incidence": 1850.4451612903224, "pValue": 0.7507304742645211, "interpretation": "not statistically significant (p = 0.751), negligible effect size (d=-0.17)"}, {"cityName": "Magdeburg", "timestamp": "2022-03", "value": 5.566273619861979e-05, "incidence": 1343.81935483871, "pValue": 0.08177016038769712, "interpretation": "not statistically significant (p = 0.082), large effect size (d=-0.81)"}, {"cityName": "Erfurt", "timestamp": "2022-03", "value": 6.767820586707997e-05, "incidence": 872.0516129032258, "pValue": 0.385865963204545, "interpretation": "not statistically significant (p = 0.386), small effect size (d=-0.41)"}, {"cityName": "Jena", "timestamp": "2022-03", "value": 6.869714707136154e-05, "incidence": 2405.4193548387098, "pValue": 0.7763514254671718, "interpretation": "not statistically significant (p = 0.776), negligible effect size (d=0.13)"}]