[{"cityName": "Kiel", "timestamp": "2019-12", "value": 5.7506824045309e-05, "incidence": 0.0, "pValue": 1.0, "interpretation": "Precovid baseline"}, {"cityName": "L\u00fcbeck", "timestamp": "2019-12", "value": 6.40688231214881e-05, "incidence": 0.0, "pValue": 1.0, "interpretation": "Precovid baseline"}, {"cityName": "Hamburg", "timestamp": "2019-12", "value": 7.555526853711517e-05, "incidence": 0.0, "pValue": 1.0, "interpretation": "Precovid baseline"}, {"cityName": "Braunschweig", "timestamp": "2019-12", "value": 7.167976240024847e-05, "incidence": 0.0, "pValue": 1.0, "interpretation": "Precovid baseline"}, {"cityName": "Salzgitter", "timestamp": "2019-12", "value": 5.6392187252640726e-05, "incidence": 0.0, "pValue": 1.0, "interpretation": "Precovid baseline"}, {"cityName": "Wolfsburg", "timestamp": "2019-12", "value": 6.96966277533456e-05, "incidence": 0.0, "pValue": 1.0, "interpretation": "Precovid baseline"}, {"cityName": "G\u00f6ttingen", "timestamp": "2019-12", "value": 6.687653339689686e-05, "incidence": 0.0, "pValue": 1.0, "interpretation": "Precovid baseline"}, {"cityName": "Hannover", "timestamp": "2019-12", "value": 7.943358076246161e-05, "incidence": 0.0, "pValue": 1.0, "interpretation": "Precovid baseline"}, {"cityName": "Hildesheim", "timestamp": "2019-12", "value": 5.735276157365126e-05, "incidence": 0.0, "pValue": 1.0, "interpretation": "Precovid baseline"}, {"cityName": "Oldenburg (Oldb)", "timestamp": "2019-12", "value": 7.534571341238916e-05, "incidence": 0.0, "pValue": 1.0, "interpretation": "Precovid baseline"}, {"cityName": "Osnabr\u00fcck", "timestamp": "2019-12", "value": 9.90620306269689e-05, "incidence": 0.0, "pValue": 1.0, "interpretation": "Precovid baseline"}, {"cityName": "Bremen", "timestamp": "2019-12", "value": 8.258423538970166e-05, "incidence": 0.0, "pValue": 1.0, "interpretation": "Precovid baseline"}, {"cityName": "Bremerhaven", "timestamp": "2019-12", "value": 7.964657353503364e-05, "incidence": 0.0, "pValue": 1.0, "interpretation": "Precovid baseline"}, {"cityName": "D\u00fcsseldorf", "timestamp": "2019-12", "value": 0.00014470494920160713, "incidence": 0.0, "pValue": 1.0, "interpretation": "Precovid baseline"}, {"cityName": "Duisburg", "timestamp": "2019-12", "value": 0.00013841650424859463, "incidence": 0.0, "pValue": 1.0, "interpretation": "Precovid baseline"}, {"cityName": "Essen", "timestamp": "2019-12", "value": 0.00014212655906493848, "incidence": 0.0, "pValue": 1.0, "interpretation": "Precovid baseline"}, {"cityName": "Krefeld", "timestamp": "2019-12", "value": 0.00011597791364273199, "incidence": 0.0, "pValue": 1.0, "interpretation": "Precovid baseline"}, {"cityName": "M\u00f6nchengladbach", "timestamp": "2019-12", "value": 0.00011550452046353242, "incidence": 0.0, "pValue": 1.0, "interpretation": "Precovid baseline"}, {"cityName": "M\u00fclheim an der Ruhr", "timestamp": "2019-12", "value": 0.0001283422914437122, "incidence": 0.0, "pValue": 1.0, "interpretation": "Precovid baseline"}, {"cityName": "Oberhausen", "timestamp": "2019-12", "value": 0.00013648727550529517, "incidence": 0.0, "pValue": 1.0, "interpretation": "Precovid baseline"}, {"cityName": "Remscheid", "timestamp": "2019-12", "value": 9.695792881151041e-05, "incidence": 0.0, "pValue": 1.0, "interpretation": "Precovid baseline"}, {"cityName": "Solingen", "timestamp": "2019-12", "value": 0.00013922207290306687, "incidence": 0.0, "pValue": 1.0, "interpretation": "Precovid baseline"}, {"cityName": "Wuppertal", "timestamp": "2019-12", "value": 0.00011911739043339535, "incidence": 0.0, "pValue": 1.0, "interpretation": "Precovid baseline"}, {"cityName": "Neuss", "timestamp": "2019-12", "value": 0.00014692317927256227, "incidence": 0.0, "pValue": 1.0, "interpretation": "Precovid baseline"}, {"cityName": "Moers", "timestamp": "2019-12", "value": 0.00013346589236919369, "incidence": 0.0, "pValue": 1.0, "interpretation": "Precovid baseline"}, {"cityName": "Bonn", "timestamp": "2019-12", "value": 7.581981216472658e-05, "incidence": 0.0, "pValue": 1.0, "interpretation": "Precovid baseline"}, {"cityName": "K\u00f6ln", "timestamp": "2019-12", "value": 0.0001196238315767712, "incidence": 0.0, "pValue": 1.0, "interpretation": "Precovid baseline"}, {"cityName": "Leverkusen", "timestamp": "2019-12", "value": 0.00011920209120338161, "incidence": 0.0, "pValue": 1.0, "interpretation": "Precovid baseline"}, {"cityName": "Aachen", "timestamp": "2019-12", "value": 5.597613976690276e-05, "incidence": 0.0, "pValue": 1.0, "interpretation": "Precovid baseline"}, {"cityName": "Bergisch Gladbach", "timestamp": "2019-12", "value": 9.739429723205311e-05, "incidence": 0.0, "pValue": 1.0, "interpretation": "Precovid baseline"}, {"cityName": "Bottrop", "timestamp": "2019-12", "value": 0.0001399711541393224, "incidence": 0.0, "pValue": 1.0, "interpretation": "Precovid baseline"}, {"cityName": "Gelsenkirchen", "timestamp": "2019-12", "value": 0.0001580340596025481, "incidence": 0.0, "pValue": 1.0, "interpretation": "Precovid baseline"}, {"cityName": "M\u00fcnster", "timestamp": "2019-12", "value": 0.00010545491322613599, "incidence": 0.0, "pValue": 1.0, "interpretation": "Precovid baseline"}, {"cityName": "Recklinghausen", "timestamp": "2019-12", "value": 0.00012951156196112817, "incidence": 0.0, "pValue": 1.0, "interpretation": "Precovid baseline"}, {"cityName": "Bielefeld", "timestamp": "2019-12", "value": 9.567141144846876e-05, "incidence": 0.0, "pValue": 1.0, "interpretation": "Precovid baseline"}, {"cityName": "G\u00fctersloh", "timestamp": "2019-12", "value": 7.76985427364707e-05, "incidence": 0.0, "pValue": 1.0, "interpretation": "Precovid baseline"}, {"cityName": "Paderborn", "timestamp": "2019-12", "value": 7.849751460936761e-05, "incidence": 0.0, "pValue": 1.0, "interpretation": "Precovid baseline"}, {"cityName": "Bochum", "timestamp": "2019-12", "value": 0.00016063353784071902, "incidence": 0.0, "pValue": 1.0, "interpretation": "Precovid baseline"}, {"cityName": "Dortmund", "timestamp": "2019-12", "value": 0.00013837116021735995, "incidence": 0.0, "pValue": 1.0, "interpretation": "Precovid baseline"}, {"cityName": "Hagen", "timestamp": "2019-12", "value": 9.914779842927538e-05, "incidence": 0.0, "pValue": 1.0, "interpretation": "Precovid baseline"}, {"cityName": "Hamm", "timestamp": "2019-12", "value": 0.00010458134957367466, "incidence": 0.0, "pValue": 1.0, "interpretation": "Precovid baseline"}, {"cityName": "Herne", "timestamp": "2019-12", "value": 0.00017666704952716826, "incidence": 0.0, "pValue": 1.0, "interpretation": "Precovid baseline"}, {"cityName": "Siegen", "timestamp": "2019-12", "value": 6.54534436762333e-05, "incidence": 0.0, "pValue": 1.0, "interpretation": "Precovid baseline"}, {"cityName": "Darmstadt", "timestamp": "2019-12", "value": 9.542214684188366e-05, "incidence": 0.0, "pValue": 1.0, "interpretation": "Precovid baseline"}, {"cityName": "Frankfurt am Main", "timestamp": "2019-12", "value": 0.00011620322369377722, "incidence": 0.0, "pValue": 1.0, "interpretation": "Precovid baseline"}, {"cityName": "Offenbach am Main", "timestamp": "2019-12", "value": 9.906682482158595e-05, "incidence": 0.0, "pValue": 1.0, "interpretation": "Precovid baseline"}, {"cityName": "Wiesbaden", "timestamp": "2019-12", "value": 9.254403671042787e-05, "incidence": 0.0, "pValue": 1.0, "interpretation": "Precovid baseline"}, {"cityName": "Hanau", "timestamp": "2019-12", "value": 7.789157545910432e-05, "incidence": 0.0, "pValue": 1.0, "interpretation": "Precovid baseline"}, {"cityName": "Kassel", "timestamp": "2019-12", "value": 5.951790889311168e-05, "incidence": 0.0, "pValue": 1.0, "interpretation": "Precovid baseline"}, {"cityName": "Koblenz", "timestamp": "2019-12", "value": 8.364555995083517e-05, "incidence": 0.0, "pValue": 1.0, "interpretation": "Precovid baseline"}, {"cityName": "Trier", "timestamp": "2019-12", "value": 8.802649099379778e-05, "incidence": 0.0, "pValue": 1.0, "interpretation": "Precovid baseline"}, {"cityName": "Kaiserslautern", "timestamp": "2019-12", "value": 8.294126018881798e-05, "incidence": 0.0, "pValue": 1.0, "interpretation": "Precovid baseline"}, {"cityName": "Ludwigshafen am Rhein", "timestamp": "2019-12", "value": 0.00012110280416284998, "incidence": 0.0, "pValue": 1.0, "interpretation": "Precovid baseline"}, {"cityName": "Mainz", "timestamp": "2019-12", "value": 9.273288742406294e-05, "incidence": 0.0, "pValue": 1.0, "interpretation": "Precovid baseline"}, {"cityName": "Stuttgart", "timestamp": "2019-12", "value": 0.00010462091692412893, "incidence": 0.0, "pValue": 1.0, "interpretation": "Precovid baseline"}, {"cityName": "Heilbronn", "timestamp": "2019-12", "value": 0.0001080922730680969, "incidence": 0.0, "pValue": 1.0, "interpretation": "Precovid baseline"}, {"cityName": "Karlsruhe", "timestamp": "2019-12", "value": 0.00011086801532655954, "incidence": 0.0, "pValue": 1.0, "interpretation": "Precovid baseline"}, {"cityName": "Heidelberg", "timestamp": "2019-12", "value": 0.00011294727262697721, "incidence": 0.0, "pValue": 1.0, "interpretation": "Precovid baseline"}, {"cityName": "Mannheim", "timestamp": "2019-12", "value": 0.00013776792213320731, "incidence": 0.0, "pValue": 1.0, "interpretation": "Precovid baseline"}, {"cityName": "Pforzheim", "timestamp": "2019-12", "value": 7.248933090724879e-05, "incidence": 0.0, "pValue": 1.0, "interpretation": "Precovid baseline"}, {"cityName": "Freiburg im Breisgau", "timestamp": "2019-12", "value": 7.557328273024823e-05, "incidence": 0.0, "pValue": 1.0, "interpretation": "Precovid baseline"}, {"cityName": "Reutlingen", "timestamp": "2019-12", "value": 8.487240120302886e-05, "incidence": 0.0, "pValue": 1.0, "interpretation": "Precovid baseline"}, {"cityName": "Ulm", "timestamp": "2019-12", "value": 7.90730915277412e-05, "incidence": 0.0, "pValue": 1.0, "interpretation": "Precovid baseline"}, {"cityName": "Ingolstadt", "timestamp": "2019-12", "value": 9.253666697380443e-05, "incidence": 0.0, "pValue": 1.0, "interpretation": "Precovid baseline"}, {"cityName": "M\u00fcnchen", "timestamp": "2019-12", "value": 8.610113022419122e-05, "incidence": 0.0, "pValue": 1.0, "interpretation": "Precovid baseline"}, {"cityName": "Regensburg", "timestamp": "2019-12", "value": 7.059634663164616e-05, "incidence": 0.0, "pValue": 1.0, "interpretation": "Precovid baseline"}, {"cityName": "Erlangen", "timestamp": "2019-12", "value": 7.077008818409272e-05, "incidence": 0.0, "pValue": 1.0, "interpretation": "Precovid baseline"}, {"cityName": "F\u00fcrth", "timestamp": "2019-12", "value": 6.450909422710538e-05, "incidence": 0.0, "pValue": 1.0, "interpretation": "Precovid baseline"}, {"cityName": "N\u00fcrnberg", "timestamp": "2019-12", "value": 7.513684051280671e-05, "incidence": 0.0, "pValue": 1.0, "interpretation": "Precovid baseline"}, {"cityName": "W\u00fcrzburg", "timestamp": "2019-12", "value": 8.65348702063784e-05, "incidence": 0.0, "pValue": 1.0, "interpretation": "Precovid baseline"}, {"cityName": "Augsburg", "timestamp": "2019-12", "value": 6.784619136641805e-05, "incidence": 0.0, "pValue": 1.0, "interpretation": "Precovid baseline"}, {"cityName": "Saarbr\u00fccken", "timestamp": "2019-12", "value": 9.14321281015873e-05, "incidence": 0.0, "pValue": 1.0, "interpretation": "Precovid baseline"}, {"cityName": "Berlin", "timestamp": "2019-12", "value": 7.450024074897533e-05, "incidence": 0.0, "pValue": 1.0, "interpretation": "Precovid baseline"}, {"cityName": "Cottbus", "timestamp": "2019-12", "value": 5.945187205305466e-05, "incidence": 0.0, "pValue": 1.0, "interpretation": "Precovid baseline"}, {"cityName": "Potsdam", "timestamp": "2019-12", "value": 5.8282741948085674e-05, "incidence": 0.0, "pValue": 1.0, "interpretation": "Precovid baseline"}, {"cityName": "Rostock", "timestamp": "2019-12", "value": 6.244308315217495e-05, "incidence": 0.0, "pValue": 1.0, "interpretation": "Precovid baseline"}, {"cityName": "Chemnitz", "timestamp": "2019-12", "value": 5.5688592355425764e-05, "incidence": 0.0, "pValue": 1.0, "interpretation": "Precovid baseline"}, {"cityName": "Dresden", "timestamp": "2019-12", "value": 7.083085788921877e-05, "incidence": 0.0, "pValue": 1.0, "interpretation": "Precovid baseline"}, {"cityName": "Leipzig", "timestamp": "2019-12", "value": 7.072013492385547e-05, "incidence": 0.0, "pValue": 1.0, "interpretation": "Precovid baseline"}, {"cityName": "Halle (Saale)", "timestamp": "2019-12", "value": 5.431769144100448e-05, "incidence": 0.0, "pValue": 1.0, "interpretation": "Precovid baseline"}, {"cityName": "Magdeburg", "timestamp": "2019-12", "value": 5.888247151712054e-05, "incidence": 0.0, "pValue": 1.0, "interpretation": "Precovid baseline"}, {"cityName": "Erfurt", "timestamp": "2019-12", "value": 5.266949673123816e-05, "incidence": 0.0, "pValue": 1.0, "interpretation": "Precovid baseline"}, {"cityName": "Jena", "timestamp": "2019-12", "value": 5.2793468866083356e-05, "incidence": 0.0, "pValue": 1.0, "interpretation": "Precovid baseline"}]