[{"cityName": "Kiel", "timestamp": "2021-12", "value": 2.8074680206676323e-05, "incidence": 160.55161290322582, "pValue": 0.20959535891887993, "interpretation": "not statistically significant (p = 0.210), medium effect size (d=-0.72)"}, {"cityName": "L\u00fcbeck", "timestamp": "2021-12", "value": 5.100683322072857e-05, "incidence": 193.37419354838707, "pValue": 0.43474403472832035, "interpretation": "not statistically significant (p = 0.435), small effect size (d=-0.44)"}, {"cityName": "Hamburg", "timestamp": "2021-12", "value": 6.994760284821193e-05, "incidence": 296.2322580645161, "pValue": 0.9524426347755012, "interpretation": "not statistically significant (p = 0.952), negligible effect size (d=-0.03)"}, {"cityName": "Braunschweig", "timestamp": "2021-12", "value": 5.4066473453798716e-05, "incidence": 197.4548387096774, "pValue": 0.33578215141983525, "interpretation": "not statistically significant (p = 0.336), medium effect size (d=-0.65)"}, {"cityName": "Salzgitter", "timestamp": "2021-12", "value": 8.21970053948462e-05, "incidence": 273.92903225806447, "pValue": 0.4965183507018266, "interpretation": "not statistically significant (p = 0.497), small effect size (d=0.35)"}, {"cityName": "Wolfsburg", "timestamp": "2021-12", "value": 3.8481087693454406e-05, "incidence": 234.09354838709677, "pValue": 0.34240625291851057, "interpretation": "not statistically significant (p = 0.342), medium effect size (d=-0.64)"}, {"cityName": "G\u00f6ttingen", "timestamp": "2021-12", "value": 7.404956323582501e-05, "incidence": 207.70645161290324, "pValue": 0.6528903363303666, "interpretation": "not statistically significant (p = 0.653), small effect size (d=0.28)"}, {"cityName": "Hannover", "timestamp": "2021-12", "value": 7.450863057257313e-05, "incidence": 200.5096774193549, "pValue": 0.5986534887746815, "interpretation": "not statistically significant (p = 0.599), small effect size (d=-0.26)"}, {"cityName": "Hildesheim", "timestamp": "2021-12", "value": 6.600528928067754e-05, "incidence": 178.79999999999993, "pValue": 0.7701624121869719, "interpretation": "not statistically significant (p = 0.770), negligible effect size (d=0.14)"}, {"cityName": "Oldenburg (Oldb)", "timestamp": "2021-12", "value": 8.23969894554466e-05, "incidence": 139.06451612903226, "pValue": 0.8236772992560577, "interpretation": "not statistically significant (p = 0.824), negligible effect size (d=0.12)"}, {"cityName": "Osnabr\u00fcck", "timestamp": "2021-12", "value": 8.229639867997982e-05, "incidence": 186.88387096774198, "pValue": 0.6478282217505886, "interpretation": "not statistically significant (p = 0.648), small effect size (d=-0.27)"}, {"cityName": "Bremen", "timestamp": "2021-12", "value": 7.880264587822507e-05, "incidence": 257.7, "pValue": 0.9906713430609287, "interpretation": "not statistically significant (p = 0.991), negligible effect size (d=-0.01)"}, {"cityName": "Bremerhaven", "timestamp": "2021-12", "value": 5.673634586855769e-05, "incidence": 198.5741935483871, "pValue": 0.4090750448937631, "interpretation": "not statistically significant (p = 0.409), small effect size (d=-0.39)"}, {"cityName": "D\u00fcsseldorf", "timestamp": "2021-12", "value": 0.00013189735572512556, "incidence": 277.25806451612897, "pValue": 0.7384373089492522, "interpretation": "not statistically significant (p = 0.738), negligible effect size (d=-0.17)"}, {"cityName": "Duisburg", "timestamp": "2021-12", "value": 0.0001391480820110211, "incidence": 225.07741935483872, "pValue": 0.5984835902387127, "interpretation": "not statistically significant (p = 0.598), small effect size (d=-0.24)"}, {"cityName": "Essen", "timestamp": "2021-12", "value": 0.0001249638123390002, "incidence": 264.2032258064516, "pValue": 0.4616027173491152, "interpretation": "not statistically significant (p = 0.462), small effect size (d=-0.36)"}, {"cityName": "Krefeld", "timestamp": "2021-12", "value": 0.00012902956670866563, "incidence": 303.9193548387097, "pValue": 0.5332362262336429, "interpretation": "not statistically significant (p = 0.533), small effect size (d=0.33)"}, {"cityName": "M\u00f6nchengladbach", "timestamp": "2021-12", "value": 0.00013742592699568848, "incidence": 220.8387096774194, "pValue": 0.757435076146635, "interpretation": "not statistically significant (p = 0.757), negligible effect size (d=0.16)"}, {"cityName": "M\u00fclheim an der Ruhr", "timestamp": "2021-12", "value": 0.00013151537213060592, "incidence": 207.35483870967744, "pValue": 0.6434020752858595, "interpretation": "not statistically significant (p = 0.643), small effect size (d=0.26)"}, {"cityName": "Oberhausen", "timestamp": "2021-12", "value": 0.00014348562735204512, "incidence": 244.51290322580644, "pValue": 0.890315015715505, "interpretation": "not statistically significant (p = 0.890), negligible effect size (d=0.07)"}, {"cityName": "Remscheid", "timestamp": "2021-12", "value": 8.832051729162534e-05, "incidence": 310.79999999999995, "pValue": 0.7016220918318616, "interpretation": "not statistically significant (p = 0.702), small effect size (d=-0.22)"}, {"cityName": "Solingen", "timestamp": "2021-12", "value": 0.00010501830547582358, "incidence": 272.49677419354845, "pValue": 0.6713066468981832, "interpretation": "not statistically significant (p = 0.671), small effect size (d=-0.25)"}, {"cityName": "Wuppertal", "timestamp": "2021-12", "value": 0.00010274556741394379, "incidence": 332.3064516129032, "pValue": 0.6465307581408422, "interpretation": "not statistically significant (p = 0.647), small effect size (d=-0.23)"}, {"cityName": "Neuss", "timestamp": "2021-12", "value": 0.0001503629464423284, "incidence": 234.9806451612903, "pValue": 0.78708222751114, "interpretation": "not statistically significant (p = 0.787), negligible effect size (d=0.16)"}, {"cityName": "Moers", "timestamp": "2021-12", "value": 0.0001406048291495868, "incidence": 216.35161290322577, "pValue": 0.7567741303391015, "interpretation": "not statistically significant (p = 0.757), negligible effect size (d=0.16)"}, {"cityName": "Bonn", "timestamp": "2021-12", "value": 7.406738586723804e-05, "incidence": 242.79999999999995, "pValue": 0.9498304667319089, "interpretation": "not statistically significant (p = 0.950), negligible effect size (d=-0.03)"}, {"cityName": "K\u00f6ln", "timestamp": "2021-12", "value": 9.750153791780274e-05, "incidence": 359.0612903225806, "pValue": 0.3237379367549612, "interpretation": "not statistically significant (p = 0.324), medium effect size (d=-0.52)"}, {"cityName": "Leverkusen", "timestamp": "2021-12", "value": 9.681364948240419e-05, "incidence": 273.3258064516129, "pValue": 0.8487294382087305, "interpretation": "not statistically significant (p = 0.849), negligible effect size (d=-0.11)"}, {"cityName": "Aachen", "timestamp": "2021-12", "value": 8.354152167408631e-05, "incidence": 238.9483870967742, "pValue": 0.3366933960758365, "interpretation": "not statistically significant (p = 0.337), small effect size (d=0.50)"}, {"cityName": "Bergisch Gladbach", "timestamp": "2021-12", "value": 8.333981635847263e-05, "incidence": 266.49032258064517, "pValue": 0.7038151650039985, "interpretation": "not statistically significant (p = 0.704), small effect size (d=-0.22)"}, {"cityName": "Bottrop", "timestamp": "2021-12", "value": 0.00015224776614238233, "incidence": 206.28709677419357, "pValue": 0.7843522046137774, "interpretation": "not statistically significant (p = 0.784), negligible effect size (d=0.14)"}, {"cityName": "Gelsenkirchen", "timestamp": "2021-12", "value": 0.00013751062728902872, "incidence": 244.43548387096774, "pValue": 0.608517470483843, "interpretation": "not statistically significant (p = 0.609), small effect size (d=-0.26)"}, {"cityName": "M\u00fcnster", "timestamp": "2021-12", "value": 6.733179141424204e-05, "incidence": 161.1677419354839, "pValue": 0.18415765117007551, "interpretation": "not statistically significant (p = 0.184), medium effect size (d=-0.75)"}, {"cityName": "Recklinghausen", "timestamp": "2021-12", "value": 0.0001263050720668756, "incidence": 206.24193548387098, "pValue": 0.9528943894826334, "interpretation": "not statistically significant (p = 0.953), negligible effect size (d=0.03)"}, {"cityName": "Bielefeld", "timestamp": "2021-12", "value": 6.944112828932703e-05, "incidence": 309.12580645161296, "pValue": 0.21695928649536242, "interpretation": "not statistically significant (p = 0.217), medium effect size (d=-0.76)"}, {"cityName": "G\u00fctersloh", "timestamp": "2021-12", "value": 4.900959320366383e-05, "incidence": 338.6645161290323, "pValue": 0.11274542499886209, "interpretation": "not statistically significant (p = 0.113), large effect size (d=-1.19)"}, {"cityName": "Paderborn", "timestamp": "2021-12", "value": 4.2898062195989395e-05, "incidence": 312.15806451612906, "pValue": 0.35105521892989255, "interpretation": "not statistically significant (p = 0.351), medium effect size (d=-0.54)"}, {"cityName": "Bochum", "timestamp": "2021-12", "value": 0.0001269255008082837, "incidence": 215.79032258064518, "pValue": 0.9968339479651067, "interpretation": "not statistically significant (p = 0.997), negligible effect size (d=0.00)"}, {"cityName": "Dortmund", "timestamp": "2021-12", "value": 0.0001002692380080036, "incidence": 252.56129032258065, "pValue": 0.4567205096057867, "interpretation": "not statistically significant (p = 0.457), small effect size (d=-0.37)"}, {"cityName": "Hagen", "timestamp": "2021-12", "value": 8.21714578517552e-05, "incidence": 295.3032258064516, "pValue": 0.4905495615336094, "interpretation": "not statistically significant (p = 0.491), small effect size (d=-0.37)"}, {"cityName": "Hamm", "timestamp": "2021-12", "value": 7.60498722749097e-05, "incidence": 267.53548387096777, "pValue": 0.7472449946814886, "interpretation": "not statistically significant (p = 0.747), negligible effect size (d=-0.16)"}, {"cityName": "Herne", "timestamp": "2021-12", "value": 0.0001337796333245933, "incidence": 287.3161290322581, "pValue": 0.4447472598945743, "interpretation": "not statistically significant (p = 0.445), small effect size (d=-0.41)"}, {"cityName": "Siegen", "timestamp": "2021-12", "value": 7.364306948147714e-05, "incidence": 188.741935483871, "pValue": 1.0, "interpretation": "Insufficient data for this month for a statistical test."}, {"cityName": "Darmstadt", "timestamp": "2021-12", "value": 7.768077987500213e-05, "incidence": 233.43870967741933, "pValue": 0.2475239953007814, "interpretation": "not statistically significant (p = 0.248), medium effect size (d=-0.68)"}, {"cityName": "Frankfurt am Main", "timestamp": "2021-12", "value": 0.00010272974825718187, "incidence": 281.8354838709677, "pValue": 0.7960740355298914, "interpretation": "not statistically significant (p = 0.796), negligible effect size (d=-0.12)"}, {"cityName": "Offenbach am Main", "timestamp": "2021-12", "value": 9.080373936078765e-05, "incidence": 379.65483870967745, "pValue": 0.8681138540112082, "interpretation": "not statistically significant (p = 0.868), negligible effect size (d=0.11)"}, {"cityName": "Wiesbaden", "timestamp": "2021-12", "value": 8.686586645328336e-05, "incidence": 294.40645161290325, "pValue": 0.6216834210741835, "interpretation": "not statistically significant (p = 0.622), small effect size (d=0.28)"}, {"cityName": "Hanau", "timestamp": "2021-12", "value": 7.962780252385598e-05, "incidence": 260.77096774193546, "pValue": 0.7913266378342103, "interpretation": "not statistically significant (p = 0.791), negligible effect size (d=-0.14)"}, {"cityName": "Kassel", "timestamp": "2021-12", "value": 8.118719172974427e-05, "incidence": 213.19354838709674, "pValue": 0.03622718371720555, "interpretation": "significant (p = 0.036), large effect size (d=1.25)"}, {"cityName": "Koblenz", "timestamp": "2021-12", "value": 0.00010294264130708244, "incidence": 219.1548387096774, "pValue": 0.8804603109539655, "interpretation": "not statistically significant (p = 0.880), negligible effect size (d=0.09)"}, {"cityName": "Trier", "timestamp": "2021-12", "value": 8.800330106168985e-05, "incidence": 165.6709677419355, "pValue": 0.4623124920228724, "interpretation": "not statistically significant (p = 0.462), small effect size (d=0.45)"}, {"cityName": "Kaiserslautern", "timestamp": "2021-12", "value": 7.451726392341348e-05, "incidence": 371.8483870967742, "pValue": 0.9418772165982693, "interpretation": "not statistically significant (p = 0.942), negligible effect size (d=-0.04)"}, {"cityName": "Ludwigshafen am Rhein", "timestamp": "2021-12", "value": 0.00012444255601925155, "incidence": 354.4129032258064, "pValue": 0.7867608105224017, "interpretation": "not statistically significant (p = 0.787), negligible effect size (d=0.14)"}, {"cityName": "Mainz", "timestamp": "2021-12", "value": 9.100294118979946e-05, "incidence": 189.86774193548385, "pValue": 0.8321090642485334, "interpretation": "not statistically significant (p = 0.832), negligible effect size (d=0.13)"}, {"cityName": "Stuttgart", "timestamp": "2021-12", "value": 7.344878071712123e-05, "incidence": 397.64193548387095, "pValue": 0.1290116399229877, "interpretation": "not statistically significant (p = 0.129), medium effect size (d=-0.77)"}, {"cityName": "Heilbronn", "timestamp": "2021-12", "value": 7.560767699033022e-05, "incidence": 527.8290322580644, "pValue": 0.27413051899205815, "interpretation": "not statistically significant (p = 0.274), medium effect size (d=-0.67)"}, {"cityName": "Karlsruhe", "timestamp": "2021-12", "value": 8.591910979400078e-05, "incidence": 303.1, "pValue": 0.5093645392881679, "interpretation": "not statistically significant (p = 0.509), small effect size (d=-0.31)"}, {"cityName": "Heidelberg", "timestamp": "2021-12", "value": 8.435699304467754e-05, "incidence": 259.43225806451613, "pValue": 0.5551289376058908, "interpretation": "not statistically significant (p = 0.555), small effect size (d=-0.31)"}, {"cityName": "Mannheim", "timestamp": "2021-12", "value": 0.00010914647951722145, "incidence": 351.02903225806443, "pValue": 0.3826599459422937, "interpretation": "not statistically significant (p = 0.383), small effect size (d=-0.45)"}, {"cityName": "Pforzheim", "timestamp": "2021-12", "value": 7.20555738856395e-05, "incidence": 604.4741935483872, "pValue": 0.9967502312422658, "interpretation": "not statistically significant (p = 0.997), negligible effect size (d=-0.00)"}, {"cityName": "Freiburg im Breisgau", "timestamp": "2021-12", "value": 7.198368958025067e-05, "incidence": 343.57741935483875, "pValue": 0.7830554978924296, "interpretation": "not statistically significant (p = 0.783), negligible effect size (d=0.13)"}, {"cityName": "Reutlingen", "timestamp": "2021-12", "value": 5.810424772789702e-05, "incidence": 391.2322580645162, "pValue": 0.20288227922138885, "interpretation": "not statistically significant (p = 0.203), medium effect size (d=-0.56)"}, {"cityName": "Ulm", "timestamp": "2021-12", "value": 4.870241422108129e-05, "incidence": 343.17419354838717, "pValue": 0.3418266833207936, "interpretation": "not statistically significant (p = 0.342), medium effect size (d=-0.57)"}, {"cityName": "Ingolstadt", "timestamp": "2021-12", "value": 7.955204152191679e-05, "incidence": 406.87419354838704, "pValue": 0.5977628623639221, "interpretation": "not statistically significant (p = 0.598), small effect size (d=-0.29)"}, {"cityName": "M\u00fcnchen", "timestamp": "2021-12", "value": 6.466975005773398e-05, "incidence": 290.75483870967736, "pValue": 0.34654017937008985, "interpretation": "not statistically significant (p = 0.347), small effect size (d=-0.42)"}, {"cityName": "Regensburg", "timestamp": "2021-12", "value": 7.017025879273812e-05, "incidence": 323.2129032258065, "pValue": 0.9821243374138093, "interpretation": "not statistically significant (p = 0.982), negligible effect size (d=-0.01)"}, {"cityName": "Erlangen", "timestamp": "2021-12", "value": 8.066737791523337e-05, "incidence": 219.93548387096774, "pValue": 0.4447639422829399, "interpretation": "not statistically significant (p = 0.445), small effect size (d=0.47)"}, {"cityName": "F\u00fcrth", "timestamp": "2021-12", "value": 6.541118491441012e-05, "incidence": 338.5741935483872, "pValue": 0.8640353726276223, "interpretation": "not statistically significant (p = 0.864), negligible effect size (d=0.12)"}, {"cityName": "N\u00fcrnberg", "timestamp": "2021-12", "value": 6.985505619509654e-05, "incidence": 380.01290322580644, "pValue": 0.6346285802403049, "interpretation": "not statistically significant (p = 0.635), small effect size (d=-0.28)"}, {"cityName": "W\u00fcrzburg", "timestamp": "2021-12", "value": 5.978617264190689e-05, "incidence": 266.11290322580646, "pValue": 0.5989931455303488, "interpretation": "not statistically significant (p = 0.599), small effect size (d=-0.32)"}, {"cityName": "Augsburg", "timestamp": "2021-12", "value": 6.534566189377353e-05, "incidence": 326.7064516129033, "pValue": 0.97022197591056, "interpretation": "not statistically significant (p = 0.970), negligible effect size (d=-0.02)"}, {"cityName": "Saarbr\u00fccken", "timestamp": "2021-12", "value": 9.061683279772599e-05, "incidence": 306.36451612903215, "pValue": 0.6783353987809847, "interpretation": "not statistically significant (p = 0.678), small effect size (d=0.24)"}, {"cityName": "Berlin", "timestamp": "2021-12", "value": 4.5356232809220873e-05, "incidence": 0.0, "pValue": 0.5365784339765296, "interpretation": "not statistically significant (p = 0.537), small effect size (d=-0.31)"}, {"cityName": "Cottbus", "timestamp": "2021-12", "value": 3.714561283301849e-05, "incidence": 1101.8677419354842, "pValue": 0.806906633008707, "interpretation": "not statistically significant (p = 0.807), negligible effect size (d=-0.14)"}, {"cityName": "Potsdam", "timestamp": "2021-12", "value": 2.9317000606919036e-05, "incidence": 343.40645161290325, "pValue": 0.29201748117533305, "interpretation": "not statistically significant (p = 0.292), medium effect size (d=-0.67)"}, {"cityName": "Rostock", "timestamp": "2021-12", "value": 6.259608816242579e-05, "incidence": 350.81290322580645, "pValue": 0.8164360143667032, "interpretation": "not statistically significant (p = 0.816), negligible effect size (d=-0.13)"}, {"cityName": "Chemnitz", "timestamp": "2021-12", "value": 5.891840768659987e-05, "incidence": 804.3290322580646, "pValue": 1.0, "interpretation": "Insufficient data for this month for a statistical test."}, {"cityName": "Dresden", "timestamp": "2021-12", "value": 2.081413668665019e-05, "incidence": 823.8, "pValue": 0.16748929705251606, "interpretation": "not statistically significant (p = 0.167), large effect size (d=-0.96)"}, {"cityName": "Leipzig", "timestamp": "2021-12", "value": 5.9013999085508144e-05, "incidence": 499.69677419354844, "pValue": 0.9319978927665968, "interpretation": "not statistically significant (p = 0.932), negligible effect size (d=0.04)"}, {"cityName": "Halle (Saale)", "timestamp": "2021-12", "value": 5.019453237764537e-05, "incidence": 619.8838709677422, "pValue": 0.36823625119928416, "interpretation": "not statistically significant (p = 0.368), small effect size (d=-0.46)"}, {"cityName": "Magdeburg", "timestamp": "2021-12", "value": 4.82883555569539e-05, "incidence": 574.0903225806452, "pValue": 0.5942922801150956, "interpretation": "not statistically significant (p = 0.594), small effect size (d=-0.27)"}, {"cityName": "Erfurt", "timestamp": "2021-12", "value": 4.788365294324591e-05, "incidence": 750.7225806451612, "pValue": 0.7934804887720134, "interpretation": "not statistically significant (p = 0.793), negligible effect size (d=-0.14)"}, {"cityName": "Jena", "timestamp": "2021-12", "value": 5.165786973925101e-05, "incidence": 654.7935483870967, "pValue": 0.9070725526709205, "interpretation": "not statistically significant (p = 0.907), negligible effect size (d=-0.07)"}]