[{"cityName": "Kiel", "timestamp": "2023-02", "value": 4.167349765165931e-05, "incidence": 66.4, "pValue": 0.25423639651966556, "interpretation": "not statistically significant (p = 0.254), small effect size (d=-0.49)"}, {"cityName": "L\u00fcbeck", "timestamp": "2023-02", "value": 4.018342588096857e-05, "incidence": 44.01785714285715, "pValue": 0.02143124213595767, "interpretation": "significant (p = 0.021), large effect size (d=-1.06)"}, {"cityName": "Hamburg", "timestamp": "2023-02", "value": 8.426780502001445e-05, "incidence": 47.56785714285714, "pValue": 0.391496183927988, "interpretation": "not statistically significant (p = 0.391), small effect size (d=-0.31)"}, {"cityName": "Braunschweig", "timestamp": "2023-02", "value": 5.648278644965852e-05, "incidence": 106.78571428571432, "pValue": 0.03930478356910209, "interpretation": "significant (p = 0.039), large effect size (d=-0.84)"}, {"cityName": "Salzgitter", "timestamp": "2023-02", "value": 6.521325558423996e-05, "incidence": 135.75000000000003, "pValue": 0.6746310461618732, "interpretation": "not statistically significant (p = 0.675), negligible effect size (d=-0.16)"}, {"cityName": "Wolfsburg", "timestamp": "2023-02", "value": 5.515245720744133e-05, "incidence": 106.17857142857142, "pValue": 0.06785428986098953, "interpretation": "not statistically significant (p = 0.068), medium effect size (d=-0.74)"}, {"cityName": "G\u00f6ttingen", "timestamp": "2023-02", "value": 5.725843809722435e-05, "incidence": 146.80357142857142, "pValue": 0.017271200547932297, "interpretation": "significant (p = 0.017), large effect size (d=-0.96)"}, {"cityName": "Hannover", "timestamp": "2023-02", "value": 6.863426441620839e-05, "incidence": 123.63928571428572, "pValue": 0.08921730218805293, "interpretation": "not statistically significant (p = 0.089), medium effect size (d=-0.64)"}, {"cityName": "Hildesheim", "timestamp": "2023-02", "value": 5.6467577130259835e-05, "incidence": 144.14642857142854, "pValue": 0.19093341862619437, "interpretation": "not statistically significant (p = 0.191), medium effect size (d=-0.51)"}, {"cityName": "Oldenburg (Oldb)", "timestamp": "2023-02", "value": 5.967727629467845e-05, "incidence": 128.29285714285712, "pValue": 0.01928318495234002, "interpretation": "significant (p = 0.019), large effect size (d=-0.91)"}, {"cityName": "Osnabr\u00fcck", "timestamp": "2023-02", "value": 8.236355444585735e-05, "incidence": 156.26785714285714, "pValue": 0.26552999869339644, "interpretation": "not statistically significant (p = 0.266), small effect size (d=-0.43)"}, {"cityName": "Bremen", "timestamp": "2023-02", "value": 6.415856025013767e-05, "incidence": 104.27142857142856, "pValue": 0.0447844721545267, "interpretation": "significant (p = 0.045), medium effect size (d=-0.69)"}, {"cityName": "Bremerhaven", "timestamp": "2023-02", "value": 6.871298371282007e-05, "incidence": 63.62142857142857, "pValue": 0.28287563235718416, "interpretation": "not statistically significant (p = 0.283), small effect size (d=-0.42)"}, {"cityName": "D\u00fcsseldorf", "timestamp": "2023-02", "value": 0.00014073865079298253, "incidence": 130.91785714285714, "pValue": 0.2636597796482498, "interpretation": "not statistically significant (p = 0.264), small effect size (d=-0.42)"}, {"cityName": "Duisburg", "timestamp": "2023-02", "value": 0.00016516848252369807, "incidence": 107.3142857142857, "pValue": 0.29125757177954636, "interpretation": "not statistically significant (p = 0.291), small effect size (d=-0.39)"}, {"cityName": "Essen", "timestamp": "2023-02", "value": 0.00011865892566931553, "incidence": 128.12500000000003, "pValue": 0.08625210792351469, "interpretation": "not statistically significant (p = 0.086), medium effect size (d=-0.70)"}, {"cityName": "Krefeld", "timestamp": "2023-02", "value": 0.00015382773171250636, "incidence": 143.34285714285713, "pValue": 0.5586958140720586, "interpretation": "not statistically significant (p = 0.559), small effect size (d=-0.23)"}, {"cityName": "M\u00f6nchengladbach", "timestamp": "2023-02", "value": 0.00013063202515758318, "incidence": 156.0142857142857, "pValue": 0.7619961014128249, "interpretation": "not statistically significant (p = 0.762), negligible effect size (d=-0.11)"}, {"cityName": "M\u00fclheim an der Ruhr", "timestamp": "2023-02", "value": 0.00011992373038083315, "incidence": 167.0142857142857, "pValue": 0.0579967138451366, "interpretation": "not statistically significant (p = 0.058), medium effect size (d=-0.79)"}, {"cityName": "Oberhausen", "timestamp": "2023-02", "value": 0.0001629547824939856, "incidence": 126.88571428571431, "pValue": 0.18197064527593068, "interpretation": "not statistically significant (p = 0.182), medium effect size (d=-0.56)"}, {"cityName": "Remscheid", "timestamp": "2023-02", "value": 8.897065805892149e-05, "incidence": 196.5642857142857, "pValue": 0.22226622320647754, "interpretation": "not statistically significant (p = 0.222), medium effect size (d=-0.52)"}, {"cityName": "Solingen", "timestamp": "2023-02", "value": 0.00011122793512186036, "incidence": 187.29285714285717, "pValue": 0.16756040263679775, "interpretation": "not statistically significant (p = 0.168), medium effect size (d=-0.57)"}, {"cityName": "Wuppertal", "timestamp": "2023-02", "value": 0.00010649128644554703, "incidence": 148.78928571428574, "pValue": 0.1091995077151791, "interpretation": "not statistically significant (p = 0.109), medium effect size (d=-0.67)"}, {"cityName": "Neuss", "timestamp": "2023-02", "value": 0.0001373587583657354, "incidence": 162.11071428571427, "pValue": 0.4882217290058636, "interpretation": "not statistically significant (p = 0.488), small effect size (d=-0.25)"}, {"cityName": "Moers", "timestamp": "2023-02", "value": 0.00015868314741445438, "incidence": 118.525, "pValue": 0.6294704945355294, "interpretation": "not statistically significant (p = 0.629), negligible effect size (d=-0.18)"}, {"cityName": "Bonn", "timestamp": "2023-02", "value": 8.908639111640778e-05, "incidence": 130.21785714285713, "pValue": 0.7304587531241128, "interpretation": "not statistically significant (p = 0.730), negligible effect size (d=-0.12)"}, {"cityName": "K\u00f6ln", "timestamp": "2023-02", "value": 0.00010423910700612598, "incidence": 211.12857142857143, "pValue": 0.15183579509096407, "interpretation": "not statistically significant (p = 0.152), medium effect size (d=-0.50)"}, {"cityName": "Leverkusen", "timestamp": "2023-02", "value": 9.888412508492668e-05, "incidence": 240.46428571428564, "pValue": 0.1034069622675127, "interpretation": "not statistically significant (p = 0.103), medium effect size (d=-0.69)"}, {"cityName": "Aachen", "timestamp": "2023-02", "value": 9.845825040648724e-05, "incidence": 185.45, "pValue": 0.9580660467782296, "interpretation": "not statistically significant (p = 0.958), negligible effect size (d=-0.02)"}, {"cityName": "Bergisch Gladbach", "timestamp": "2023-02", "value": 7.080509593444211e-05, "incidence": 164.04999999999998, "pValue": 0.06212643748422794, "interpretation": "not statistically significant (p = 0.062), large effect size (d=-0.85)"}, {"cityName": "Bottrop", "timestamp": "2023-02", "value": 0.00015845683896366288, "incidence": 137.09285714285713, "pValue": 0.26781178177948717, "interpretation": "not statistically significant (p = 0.268), small effect size (d=-0.45)"}, {"cityName": "Gelsenkirchen", "timestamp": "2023-02", "value": 0.0001591243233312579, "incidence": 135.47142857142856, "pValue": 0.3921240175154701, "interpretation": "not statistically significant (p = 0.392), small effect size (d=-0.34)"}, {"cityName": "M\u00fcnster", "timestamp": "2023-02", "value": 9.537003770993467e-05, "incidence": 124.01428571428572, "pValue": 0.18622396066383629, "interpretation": "not statistically significant (p = 0.186), small effect size (d=-0.48)"}, {"cityName": "Recklinghausen", "timestamp": "2023-02", "value": 0.00014419502650315946, "incidence": 129.63214285714287, "pValue": 0.19101653876253827, "interpretation": "not statistically significant (p = 0.191), medium effect size (d=-0.53)"}, {"cityName": "Bielefeld", "timestamp": "2023-02", "value": 6.896291354981561e-05, "incidence": 129.69642857142856, "pValue": 0.2757787177353028, "interpretation": "not statistically significant (p = 0.276), small effect size (d=-0.41)"}, {"cityName": "G\u00fctersloh", "timestamp": "2023-02", "value": 7.055019377730787e-05, "incidence": 100.99642857142858, "pValue": 0.20098283015073712, "interpretation": "not statistically significant (p = 0.201), medium effect size (d=-0.55)"}, {"cityName": "Paderborn", "timestamp": "2023-02", "value": 6.287643355467628e-05, "incidence": 97.43214285714285, "pValue": 0.06211508817292564, "interpretation": "not statistically significant (p = 0.062), medium effect size (d=-0.73)"}, {"cityName": "Bochum", "timestamp": "2023-02", "value": 0.00012085972897087534, "incidence": 181.57142857142853, "pValue": 0.17251011202249944, "interpretation": "not statistically significant (p = 0.173), medium effect size (d=-0.54)"}, {"cityName": "Dortmund", "timestamp": "2023-02", "value": 0.00011584694113801507, "incidence": 122.27857142857144, "pValue": 0.1321985851214628, "interpretation": "not statistically significant (p = 0.132), medium effect size (d=-0.61)"}, {"cityName": "Hagen", "timestamp": "2023-02", "value": 8.813886710538946e-05, "incidence": 129.70357142857145, "pValue": 0.09652865232287794, "interpretation": "not statistically significant (p = 0.097), medium effect size (d=-0.69)"}, {"cityName": "Hamm", "timestamp": "2023-02", "value": 7.757356035567465e-05, "incidence": 114.2, "pValue": 0.15942785786054056, "interpretation": "not statistically significant (p = 0.159), medium effect size (d=-0.59)"}, {"cityName": "Herne", "timestamp": "2023-02", "value": 0.00014472042676061392, "incidence": 141.97857142857146, "pValue": 0.3259414252944671, "interpretation": "not statistically significant (p = 0.326), small effect size (d=-0.40)"}, {"cityName": "Siegen", "timestamp": "2023-02", "value": 6.424535531550646e-05, "incidence": 109.01428571428572, "pValue": 0.0824907792671358, "interpretation": "not statistically significant (p = 0.082), medium effect size (d=-0.73)"}, {"cityName": "Darmstadt", "timestamp": "2023-02", "value": 8.578932928768072e-05, "incidence": 132.21071428571426, "pValue": 0.013563726085420232, "interpretation": "significant (p = 0.014), large effect size (d=-0.96)"}, {"cityName": "Frankfurt am Main", "timestamp": "2023-02", "value": 0.00011082031679424372, "incidence": 97.99999999999999, "pValue": 0.02218709299599699, "interpretation": "significant (p = 0.022), large effect size (d=-0.91)"}, {"cityName": "Offenbach am Main", "timestamp": "2023-02", "value": 9.256403427571058e-05, "incidence": 118.26071428571429, "pValue": 0.015520358117270013, "interpretation": "significant (p = 0.016), large effect size (d=-1.02)"}, {"cityName": "Wiesbaden", "timestamp": "2023-02", "value": 9.96314209058053e-05, "incidence": 145.5, "pValue": 0.020243006112618745, "interpretation": "significant (p = 0.020), large effect size (d=-0.96)"}, {"cityName": "Hanau", "timestamp": "2023-02", "value": 8.491261933858578e-05, "incidence": 155.93928571428572, "pValue": 0.11953901845961769, "interpretation": "not statistically significant (p = 0.120), medium effect size (d=-0.62)"}, {"cityName": "Kassel", "timestamp": "2023-02", "value": 6.609569795222746e-05, "incidence": 92.78214285714289, "pValue": 0.17085301680719336, "interpretation": "not statistically significant (p = 0.171), medium effect size (d=-0.53)"}, {"cityName": "Koblenz", "timestamp": "2023-02", "value": 7.420339776823918e-05, "incidence": 154.9, "pValue": 0.008601483066111547, "interpretation": "very significant (p < 0.01), large effect size (d=-1.07)"}, {"cityName": "Trier", "timestamp": "2023-02", "value": 6.815175875090063e-05, "incidence": 204.17500000000004, "pValue": 0.11337250621975929, "interpretation": "not statistically significant (p = 0.113), medium effect size (d=-0.61)"}, {"cityName": "Kaiserslautern", "timestamp": "2023-02", "value": 7.396485083378278e-05, "incidence": 150.82857142857142, "pValue": 0.3464385050807923, "interpretation": "not statistically significant (p = 0.346), small effect size (d=-0.35)"}, {"cityName": "Ludwigshafen am Rhein", "timestamp": "2023-02", "value": 0.00012391453492455184, "incidence": 72.2, "pValue": 0.14910418491011607, "interpretation": "not statistically significant (p = 0.149), medium effect size (d=-0.53)"}, {"cityName": "Mainz", "timestamp": "2023-02", "value": 0.0001096610794775188, "incidence": 127.05357142857142, "pValue": 0.04674332080785984, "interpretation": "significant (p = 0.047), medium effect size (d=-0.80)"}, {"cityName": "Stuttgart", "timestamp": "2023-02", "value": 0.00011589062503642506, "incidence": 69.88928571428572, "pValue": 0.40774956467117107, "interpretation": "not statistically significant (p = 0.408), small effect size (d=0.27)"}, {"cityName": "Heilbronn", "timestamp": "2023-02", "value": 9.102401478836934e-05, "incidence": 96.88214285714285, "pValue": 0.3775983850643009, "interpretation": "not statistically significant (p = 0.378), small effect size (d=-0.29)"}, {"cityName": "Karlsruhe", "timestamp": "2023-02", "value": 9.639134320120017e-05, "incidence": 74.30357142857144, "pValue": 0.12498202054648422, "interpretation": "not statistically significant (p = 0.125), medium effect size (d=-0.52)"}, {"cityName": "Heidelberg", "timestamp": "2023-02", "value": 8.269061800092459e-05, "incidence": 109.32142857142857, "pValue": 0.01850894173450001, "interpretation": "significant (p = 0.019), large effect size (d=-0.88)"}, {"cityName": "Mannheim", "timestamp": "2023-02", "value": 0.00012361953034996986, "incidence": 73.375, "pValue": 0.23182699544618104, "interpretation": "not statistically significant (p = 0.232), small effect size (d=-0.43)"}, {"cityName": "Pforzheim", "timestamp": "2023-02", "value": 7.440753203506271e-05, "incidence": 72.975, "pValue": 0.03232520660662892, "interpretation": "significant (p = 0.032), medium effect size (d=-0.79)"}, {"cityName": "Freiburg im Breisgau", "timestamp": "2023-02", "value": 8.11824057665136e-05, "incidence": 119.96428571428574, "pValue": 0.506017155349644, "interpretation": "not statistically significant (p = 0.506), small effect size (d=-0.23)"}, {"cityName": "Reutlingen", "timestamp": "2023-02", "value": 5.67562019568868e-05, "incidence": 78.22142857142858, "pValue": 0.07763818266744388, "interpretation": "not statistically significant (p = 0.078), medium effect size (d=-0.65)"}, {"cityName": "Ulm", "timestamp": "2023-02", "value": 6.703898849848069e-05, "incidence": 137.37857142857143, "pValue": 0.563634446560077, "interpretation": "not statistically significant (p = 0.564), small effect size (d=-0.24)"}, {"cityName": "Ingolstadt", "timestamp": "2023-02", "value": 9.133788989856839e-05, "incidence": 155.83571428571426, "pValue": 0.43371614708676887, "interpretation": "not statistically significant (p = 0.434), small effect size (d=0.31)"}, {"cityName": "M\u00fcnchen", "timestamp": "2023-02", "value": 7.287298257534321e-05, "incidence": 100.43571428571431, "pValue": 0.10376040407261765, "interpretation": "not statistically significant (p = 0.104), medium effect size (d=-0.57)"}, {"cityName": "Regensburg", "timestamp": "2023-02", "value": 8.207077626138925e-05, "incidence": 146.60357142857143, "pValue": 0.32201126124000506, "interpretation": "not statistically significant (p = 0.322), small effect size (d=-0.40)"}, {"cityName": "Erlangen", "timestamp": "2023-02", "value": 7.35681304442031e-05, "incidence": 138.55357142857142, "pValue": 0.1514203164166009, "interpretation": "not statistically significant (p = 0.151), medium effect size (d=-0.60)"}, {"cityName": "F\u00fcrth", "timestamp": "2023-02", "value": 8.46921349875629e-05, "incidence": 152.60000000000005, "pValue": 0.35223597835139686, "interpretation": "not statistically significant (p = 0.352), small effect size (d=-0.38)"}, {"cityName": "N\u00fcrnberg", "timestamp": "2023-02", "value": 8.236245731964256e-05, "incidence": 137.5142857142857, "pValue": 0.6342229717414097, "interpretation": "not statistically significant (p = 0.634), negligible effect size (d=-0.18)"}, {"cityName": "W\u00fcrzburg", "timestamp": "2023-02", "value": 7.223457942018285e-05, "incidence": 169.15714285714284, "pValue": 0.004046305494122125, "interpretation": "very significant (p < 0.01), large effect size (d=-1.28)"}, {"cityName": "Augsburg", "timestamp": "2023-02", "value": 5.9336647749520264e-05, "incidence": 100.16071428571426, "pValue": 0.07500032228340169, "interpretation": "not statistically significant (p = 0.075), medium effect size (d=-0.64)"}, {"cityName": "Saarbr\u00fccken", "timestamp": "2023-02", "value": 8.236008385817209e-05, "incidence": 113.7214285714286, "pValue": 0.47814134592487445, "interpretation": "not statistically significant (p = 0.478), small effect size (d=0.25)"}, {"cityName": "Berlin", "timestamp": "2023-02", "value": 8.775177979614677e-05, "incidence": 0.0, "pValue": 0.5059476980495292, "interpretation": "not statistically significant (p = 0.506), small effect size (d=-0.25)"}, {"cityName": "Cottbus", "timestamp": "2023-02", "value": 6.032787048472808e-05, "incidence": 96.72142857142856, "pValue": 0.1876560608578635, "interpretation": "not statistically significant (p = 0.188), medium effect size (d=-0.64)"}, {"cityName": "Potsdam", "timestamp": "2023-02", "value": 7.434585816500818e-05, "incidence": 179.6714285714286, "pValue": 0.992828151810675, "interpretation": "not statistically significant (p = 0.993), negligible effect size (d=-0.00)"}, {"cityName": "Rostock", "timestamp": "2023-02", "value": 3.4173181506268904e-05, "incidence": 62.38928571428571, "pValue": 0.10397103538711353, "interpretation": "not statistically significant (p = 0.104), medium effect size (d=-0.63)"}, {"cityName": "Chemnitz", "timestamp": "2023-02", "value": 0.00011456513595653744, "incidence": 47.84285714285715, "pValue": 0.08546353568966242, "interpretation": "not statistically significant (p = 0.085), large effect size (d=0.89)"}, {"cityName": "Dresden", "timestamp": "2023-02", "value": 8.051831444556063e-05, "incidence": 57.29999999999999, "pValue": 0.6916935513679456, "interpretation": "not statistically significant (p = 0.692), negligible effect size (d=-0.17)"}, {"cityName": "Leipzig", "timestamp": "2023-02", "value": 7.378540056593279e-05, "incidence": 85.64642857142859, "pValue": 0.18968144175971055, "interpretation": "not statistically significant (p = 0.190), medium effect size (d=-0.53)"}, {"cityName": "Halle (Saale)", "timestamp": "2023-02", "value": 7.263260098018993e-05, "incidence": 75.57142857142857, "pValue": 0.7705221042420343, "interpretation": "not statistically significant (p = 0.771), negligible effect size (d=-0.12)"}, {"cityName": "Magdeburg", "timestamp": "2023-02", "value": 6.302257411574062e-05, "incidence": 54.160714285714285, "pValue": 0.8229494741745187, "interpretation": "not statistically significant (p = 0.823), negligible effect size (d=-0.08)"}, {"cityName": "Erfurt", "timestamp": "2023-02", "value": 5.963515054355276e-05, "incidence": 57.74285714285714, "pValue": 0.6609060168731167, "interpretation": "not statistically significant (p = 0.661), negligible effect size (d=-0.17)"}, {"cityName": "Jena", "timestamp": "2023-02", "value": 5.7633177170323004e-05, "incidence": 57.17500000000001, "pValue": 0.40687325338655667, "interpretation": "not statistically significant (p = 0.407), small effect size (d=-0.33)"}]