[{"cityName": "Kiel", "timestamp": "2022-02", "value": 4.389841065165543e-05, "incidence": 761.0214285714285, "pValue": 0.22857596556960516, "interpretation": "not statistically significant (p = 0.229), medium effect size (d=-0.54)"}, {"cityName": "L\u00fcbeck", "timestamp": "2022-02", "value": 5.3635219551829825e-05, "incidence": 947.9535714285714, "pValue": 0.1310833091907832, "interpretation": "not statistically significant (p = 0.131), medium effect size (d=-0.77)"}, {"cityName": "Hamburg", "timestamp": "2022-02", "value": 6.077317865910353e-05, "incidence": 1353.2214285714288, "pValue": 0.05521614900511524, "interpretation": "not statistically significant (p = 0.055), medium effect size (d=-0.80)"}, {"cityName": "Braunschweig", "timestamp": "2022-02", "value": 5.5017011404475744e-05, "incidence": 1055.9142857142856, "pValue": 0.08820978459985537, "interpretation": "not statistically significant (p = 0.088), large effect size (d=-0.80)"}, {"cityName": "Salzgitter", "timestamp": "2022-02", "value": 5.221853498369455e-05, "incidence": 1542.267857142857, "pValue": 0.004342047110912483, "interpretation": "very significant (p < 0.01), large effect size (d=-1.25)"}, {"cityName": "Wolfsburg", "timestamp": "2022-02", "value": 5.4586231463441725e-05, "incidence": 1552.892857142857, "pValue": 0.04578776740171776, "interpretation": "significant (p = 0.046), large effect size (d=-0.97)"}, {"cityName": "G\u00f6ttingen", "timestamp": "2022-02", "value": 5.1657042820893583e-05, "incidence": 1277.1392857142857, "pValue": 0.005910939503267509, "interpretation": "very significant (p < 0.01), large effect size (d=-1.30)"}, {"cityName": "Hannover", "timestamp": "2022-02", "value": 7.024922065044705e-05, "incidence": 1483.3, "pValue": 0.06564307376109324, "interpretation": "not statistically significant (p = 0.066), medium effect size (d=-0.77)"}, {"cityName": "Hildesheim", "timestamp": "2022-02", "value": 6.539643029956256e-05, "incidence": 1198.6357142857144, "pValue": 0.5483802368862282, "interpretation": "not statistically significant (p = 0.548), small effect size (d=-0.28)"}, {"cityName": "Oldenburg (Oldb)", "timestamp": "2022-02", "value": 5.04729337990284e-05, "incidence": 887.3928571428572, "pValue": 0.010227428839162741, "interpretation": "significant (p = 0.010), large effect size (d=-1.26)"}, {"cityName": "Osnabr\u00fcck", "timestamp": "2022-02", "value": 6.923029749569568e-05, "incidence": 1311.1357142857141, "pValue": 0.13284332679788177, "interpretation": "not statistically significant (p = 0.133), medium effect size (d=-0.67)"}, {"cityName": "Bremen", "timestamp": "2022-02", "value": 6.449769907554642e-05, "incidence": 969.0464285714286, "pValue": 0.07477583157794096, "interpretation": "not statistically significant (p = 0.075), medium effect size (d=-0.68)"}, {"cityName": "Bremerhaven", "timestamp": "2022-02", "value": 5.324011934655053e-05, "incidence": 1553.3964285714285, "pValue": 0.04968334730337073, "interpretation": "significant (p = 0.050), large effect size (d=-0.82)"}, {"cityName": "D\u00fcsseldorf", "timestamp": "2022-02", "value": 9.783877559551379e-05, "incidence": 1510.9214285714284, "pValue": 0.008472971173040123, "interpretation": "very significant (p < 0.01), large effect size (d=-1.05)"}, {"cityName": "Duisburg", "timestamp": "2022-02", "value": 0.00012068971036336361, "incidence": 1161.0214285714287, "pValue": 0.0347032959691431, "interpretation": "significant (p = 0.035), large effect size (d=-0.83)"}, {"cityName": "Essen", "timestamp": "2022-02", "value": 0.00010290718040405176, "incidence": 1377.7392857142856, "pValue": 0.05277285487725312, "interpretation": "not statistically significant (p = 0.053), large effect size (d=-0.82)"}, {"cityName": "Krefeld", "timestamp": "2022-02", "value": 9.659862217421715e-05, "incidence": 1389.2464285714286, "pValue": 0.00661269634326227, "interpretation": "very significant (p < 0.01), large effect size (d=-1.09)"}, {"cityName": "M\u00f6nchengladbach", "timestamp": "2022-02", "value": 8.298202963738606e-05, "incidence": 1345.8285714285714, "pValue": 0.02602084385399955, "interpretation": "significant (p = 0.026), large effect size (d=-0.86)"}, {"cityName": "M\u00fclheim an der Ruhr", "timestamp": "2022-02", "value": 0.00011028716754582193, "incidence": 1349.6392857142855, "pValue": 0.06907793598277477, "interpretation": "not statistically significant (p = 0.069), large effect size (d=-0.82)"}, {"cityName": "Oberhausen", "timestamp": "2022-02", "value": 0.00011661329951423865, "incidence": 1299.0821428571428, "pValue": 0.021662824166797982, "interpretation": "significant (p = 0.022), large effect size (d=-1.04)"}, {"cityName": "Remscheid", "timestamp": "2022-02", "value": 8.045227732509375e-05, "incidence": 1873.6285714285716, "pValue": 0.11482685567213861, "interpretation": "not statistically significant (p = 0.115), medium effect size (d=-0.77)"}, {"cityName": "Solingen", "timestamp": "2022-02", "value": 9.532191324979067e-05, "incidence": 1979.3500000000001, "pValue": 0.08162902370764373, "interpretation": "not statistically significant (p = 0.082), medium effect size (d=-0.78)"}, {"cityName": "Wuppertal", "timestamp": "2022-02", "value": 8.448904932097153e-05, "incidence": 1690.3857142857141, "pValue": 0.013554940462723361, "interpretation": "significant (p = 0.014), large effect size (d=-1.11)"}, {"cityName": "Neuss", "timestamp": "2022-02", "value": 0.0001011971035040915, "incidence": 1516.7178571428572, "pValue": 0.12555095127198485, "interpretation": "not statistically significant (p = 0.126), medium effect size (d=-0.65)"}, {"cityName": "Moers", "timestamp": "2022-02", "value": 0.00011720865066828472, "incidence": 1398.3607142857143, "pValue": 0.08380277425803367, "interpretation": "not statistically significant (p = 0.084), medium effect size (d=-0.68)"}, {"cityName": "Bonn", "timestamp": "2022-02", "value": 7.03735700385137e-05, "incidence": 1339.7107142857146, "pValue": 0.07142440220116221, "interpretation": "not statistically significant (p = 0.071), medium effect size (d=-0.73)"}, {"cityName": "K\u00f6ln", "timestamp": "2022-02", "value": 9.552477341559198e-05, "incidence": 1489.3571428571427, "pValue": 0.017919998981014984, "interpretation": "significant (p = 0.018), large effect size (d=-0.88)"}, {"cityName": "Leverkusen", "timestamp": "2022-02", "value": 9.415293849694233e-05, "incidence": 1329.9428571428573, "pValue": 0.08961921833563756, "interpretation": "not statistically significant (p = 0.090), medium effect size (d=-0.75)"}, {"cityName": "Aachen", "timestamp": "2022-02", "value": 6.581272062813414e-05, "incidence": 1343.125, "pValue": 0.12254591597774785, "interpretation": "not statistically significant (p = 0.123), medium effect size (d=-0.62)"}, {"cityName": "Bergisch Gladbach", "timestamp": "2022-02", "value": 7.302076223173312e-05, "incidence": 1453.7357142857143, "pValue": 0.07032522302053508, "interpretation": "not statistically significant (p = 0.070), large effect size (d=-0.82)"}, {"cityName": "Bottrop", "timestamp": "2022-02", "value": 0.00012024224954931175, "incidence": 1492.5714285714287, "pValue": 0.01721491784654213, "interpretation": "significant (p = 0.017), large effect size (d=-1.02)"}, {"cityName": "Gelsenkirchen", "timestamp": "2022-02", "value": 0.0001219605260035571, "incidence": 1420.8642857142856, "pValue": 0.07640890022681567, "interpretation": "not statistically significant (p = 0.076), medium effect size (d=-0.75)"}, {"cityName": "M\u00fcnster", "timestamp": "2022-02", "value": 8.690455242207176e-05, "incidence": 1232.6785714285713, "pValue": 0.08463401764928148, "interpretation": "not statistically significant (p = 0.085), medium effect size (d=-0.66)"}, {"cityName": "Recklinghausen", "timestamp": "2022-02", "value": 0.000107551459223032, "incidence": 1668.1285714285716, "pValue": 0.07291286421450496, "interpretation": "not statistically significant (p = 0.073), large effect size (d=-0.86)"}, {"cityName": "Bielefeld", "timestamp": "2022-02", "value": 6.054082768969238e-05, "incidence": 1354.9285714285713, "pValue": 0.10899729507458517, "interpretation": "not statistically significant (p = 0.109), medium effect size (d=-0.65)"}, {"cityName": "G\u00fctersloh", "timestamp": "2022-02", "value": 7.100796792656184e-05, "incidence": 1667.296428571429, "pValue": 0.22068118636703246, "interpretation": "not statistically significant (p = 0.221), medium effect size (d=-0.52)"}, {"cityName": "Paderborn", "timestamp": "2022-02", "value": 5.812761223604602e-05, "incidence": 1226.1964285714287, "pValue": 0.018601020746200066, "interpretation": "significant (p = 0.019), large effect size (d=-1.00)"}, {"cityName": "Bochum", "timestamp": "2022-02", "value": 9.630710701458156e-05, "incidence": 1242.7035714285716, "pValue": 0.053292035536359895, "interpretation": "not statistically significant (p = 0.053), large effect size (d=-0.84)"}, {"cityName": "Dortmund", "timestamp": "2022-02", "value": 0.00010003722911956264, "incidence": 1511.8714285714284, "pValue": 0.132686501205644, "interpretation": "not statistically significant (p = 0.133), medium effect size (d=-0.66)"}, {"cityName": "Hagen", "timestamp": "2022-02", "value": 8.280979116158239e-05, "incidence": 1636.1392857142855, "pValue": 0.12259533758681718, "interpretation": "not statistically significant (p = 0.123), medium effect size (d=-0.70)"}, {"cityName": "Hamm", "timestamp": "2022-02", "value": 8.532401573445116e-05, "incidence": 1679.5714285714287, "pValue": 0.18421078751140166, "interpretation": "not statistically significant (p = 0.184), medium effect size (d=-0.56)"}, {"cityName": "Herne", "timestamp": "2022-02", "value": 0.00011492797639220954, "incidence": 1610.7535714285714, "pValue": 0.07518415643376589, "interpretation": "not statistically significant (p = 0.075), medium effect size (d=-0.78)"}, {"cityName": "Siegen", "timestamp": "2022-02", "value": 6.17685029283166e-05, "incidence": 1631.6857142857145, "pValue": 0.11940060790032568, "interpretation": "not statistically significant (p = 0.119), medium effect size (d=-0.80)"}, {"cityName": "Darmstadt", "timestamp": "2022-02", "value": 7.345141123302959e-05, "incidence": 1343.1964285714287, "pValue": 0.0033027435636921046, "interpretation": "very significant (p < 0.01), large effect size (d=-1.29)"}, {"cityName": "Frankfurt am Main", "timestamp": "2022-02", "value": 0.00010354988361624154, "incidence": 1584.8785714285718, "pValue": 0.0351369330284716, "interpretation": "significant (p = 0.035), large effect size (d=-0.93)"}, {"cityName": "Offenbach am Main", "timestamp": "2022-02", "value": 8.684926433488727e-05, "incidence": 1698.8857142857141, "pValue": 0.011375476287369882, "interpretation": "significant (p = 0.011), large effect size (d=-1.23)"}, {"cityName": "Wiesbaden", "timestamp": "2022-02", "value": 8.967080308745305e-05, "incidence": 1563.3178571428573, "pValue": 0.004982577113417675, "interpretation": "very significant (p < 0.01), large effect size (d=-1.33)"}, {"cityName": "Hanau", "timestamp": "2022-02", "value": 8.042137890767593e-05, "incidence": 1560.417857142857, "pValue": 0.12630137722916396, "interpretation": "not statistically significant (p = 0.126), medium effect size (d=-0.71)"}, {"cityName": "Kassel", "timestamp": "2022-02", "value": 6.007477511755294e-05, "incidence": 1601.778571428571, "pValue": 0.1304183820785708, "interpretation": "not statistically significant (p = 0.130), medium effect size (d=-0.71)"}, {"cityName": "Koblenz", "timestamp": "2022-02", "value": 6.643390386468834e-05, "incidence": 1149.7107142857142, "pValue": 0.00043526539369131344, "interpretation": "highly significant (p < 0.001), large effect size (d=-1.56)"}, {"cityName": "Trier", "timestamp": "2022-02", "value": 5.494413198903203e-05, "incidence": 1305.5071428571428, "pValue": 0.010863094425533203, "interpretation": "significant (p = 0.011), large effect size (d=-1.05)"}, {"cityName": "Kaiserslautern", "timestamp": "2022-02", "value": 5.161344037892727e-05, "incidence": 1208.1214285714286, "pValue": 0.0039274952314569045, "interpretation": "very significant (p < 0.01), large effect size (d=-1.31)"}, {"cityName": "Ludwigshafen am Rhein", "timestamp": "2022-02", "value": 8.562350800881784e-05, "incidence": 1483.685714285714, "pValue": 0.015275720862674112, "interpretation": "significant (p = 0.015), large effect size (d=-1.00)"}, {"cityName": "Mainz", "timestamp": "2022-02", "value": 8.542514115106314e-05, "incidence": 1237.642857142857, "pValue": 0.003903256871843801, "interpretation": "very significant (p < 0.01), large effect size (d=-1.36)"}, {"cityName": "Stuttgart", "timestamp": "2022-02", "value": 6.645990328656303e-05, "incidence": 1292.3035714285713, "pValue": 0.11876917610237632, "interpretation": "not statistically significant (p = 0.119), medium effect size (d=-0.64)"}, {"cityName": "Heilbronn", "timestamp": "2022-02", "value": 7.933591647694509e-05, "incidence": 1670.7285714285713, "pValue": 0.22380662636459192, "interpretation": "not statistically significant (p = 0.224), medium effect size (d=-0.50)"}, {"cityName": "Karlsruhe", "timestamp": "2022-02", "value": 8.218112246443828e-05, "incidence": 1332.3428571428574, "pValue": 0.0775384384384479, "interpretation": "not statistically significant (p = 0.078), medium effect size (d=-0.65)"}, {"cityName": "Heidelberg", "timestamp": "2022-02", "value": 6.67589177426539e-05, "incidence": 1273.5571428571427, "pValue": 0.00838275690820937, "interpretation": "very significant (p < 0.01), large effect size (d=-1.18)"}, {"cityName": "Mannheim", "timestamp": "2022-02", "value": 9.068986400961876e-05, "incidence": 1302.767857142857, "pValue": 0.019105576717159248, "interpretation": "significant (p = 0.019), large effect size (d=-1.01)"}, {"cityName": "Pforzheim", "timestamp": "2022-02", "value": 6.049819704559114e-05, "incidence": 1612.5928571428574, "pValue": 0.012249191317949831, "interpretation": "significant (p = 0.012), large effect size (d=-1.14)"}, {"cityName": "Freiburg im Breisgau", "timestamp": "2022-02", "value": 5.272223562416103e-05, "incidence": 1665.4892857142859, "pValue": 0.027341301934851847, "interpretation": "significant (p = 0.027), large effect size (d=-0.87)"}, {"cityName": "Reutlingen", "timestamp": "2022-02", "value": 4.651556082535535e-05, "incidence": 1707.1785714285713, "pValue": 0.005166109281502589, "interpretation": "very significant (p < 0.01), large effect size (d=-1.15)"}, {"cityName": "Ulm", "timestamp": "2022-02", "value": 5.2736171423212476e-05, "incidence": 2069.9785714285713, "pValue": 0.10126764107487499, "interpretation": "not statistically significant (p = 0.101), medium effect size (d=-0.69)"}, {"cityName": "Ingolstadt", "timestamp": "2022-02", "value": 5.8371874426181115e-05, "incidence": 2217.0, "pValue": 0.016309969922692572, "interpretation": "significant (p = 0.016), large effect size (d=-0.95)"}, {"cityName": "M\u00fcnchen", "timestamp": "2022-02", "value": 5.2759996973551235e-05, "incidence": 1786.325, "pValue": 0.023209215196394406, "interpretation": "significant (p = 0.023), large effect size (d=-0.88)"}, {"cityName": "Regensburg", "timestamp": "2022-02", "value": 5.267797969281674e-05, "incidence": 1981.5607142857145, "pValue": 0.0074722914396770914, "interpretation": "very significant (p < 0.01), large effect size (d=-1.14)"}, {"cityName": "Erlangen", "timestamp": "2022-02", "value": 5.2544521167874336e-05, "incidence": 1300.4464285714287, "pValue": 0.037133903312097, "interpretation": "significant (p = 0.037), large effect size (d=-1.07)"}, {"cityName": "F\u00fcrth", "timestamp": "2022-02", "value": 5.326546379365027e-05, "incidence": 1770.482142857143, "pValue": 0.017683427589837236, "interpretation": "significant (p = 0.018), large effect size (d=-1.19)"}, {"cityName": "N\u00fcrnberg", "timestamp": "2022-02", "value": 5.449054085395553e-05, "incidence": 1668.1964285714282, "pValue": 0.047206785253625747, "interpretation": "significant (p = 0.047), large effect size (d=-0.97)"}, {"cityName": "W\u00fcrzburg", "timestamp": "2022-02", "value": 5.801557927043177e-05, "incidence": 2234.532142857143, "pValue": 0.0014603829135194362, "interpretation": "very significant (p < 0.01), large effect size (d=-1.44)"}, {"cityName": "Augsburg", "timestamp": "2022-02", "value": 5.358039365651516e-05, "incidence": 2001.5357142857142, "pValue": 0.05104317521128844, "interpretation": "not statistically significant (p = 0.051), medium effect size (d=-0.80)"}, {"cityName": "Saarbr\u00fccken", "timestamp": "2022-02", "value": 5.951460916548967e-05, "incidence": 1348.0749999999996, "pValue": 0.142746123411441, "interpretation": "not statistically significant (p = 0.143), medium effect size (d=-0.63)"}, {"cityName": "Berlin", "timestamp": "2022-02", "value": 6.753870104325981e-05, "incidence": 0.0, "pValue": 0.20644810971731242, "interpretation": "not statistically significant (p = 0.206), medium effect size (d=-0.67)"}, {"cityName": "Cottbus", "timestamp": "2022-02", "value": 5.48465266967049e-05, "incidence": 1496.2250000000001, "pValue": 0.3658482483868707, "interpretation": "not statistically significant (p = 0.366), medium effect size (d=-0.58)"}, {"cityName": "Potsdam", "timestamp": "2022-02", "value": 5.223691764780704e-05, "incidence": 1533.2964285714284, "pValue": 0.18859084059597603, "interpretation": "not statistically significant (p = 0.189), medium effect size (d=-0.65)"}, {"cityName": "Rostock", "timestamp": "2022-02", "value": 4.438956790236813e-05, "incidence": 1446.7571428571428, "pValue": 0.29772050349708484, "interpretation": "not statistically significant (p = 0.298), small effect size (d=-0.44)"}, {"cityName": "Chemnitz", "timestamp": "2022-02", "value": 4.84439021930462e-05, "incidence": 919.8785714285716, "pValue": 0.23504719267601454, "interpretation": "not statistically significant (p = 0.235), medium effect size (d=-0.67)"}, {"cityName": "Dresden", "timestamp": "2022-02", "value": 5.792914466424422e-05, "incidence": 1322.6642857142856, "pValue": 0.17337963034073553, "interpretation": "not statistically significant (p = 0.173), medium effect size (d=-0.70)"}, {"cityName": "Leipzig", "timestamp": "2022-02", "value": 5.5306627615994096e-05, "incidence": 1400.075, "pValue": 0.01220962909987613, "interpretation": "significant (p = 0.012), large effect size (d=-1.15)"}, {"cityName": "Halle (Saale)", "timestamp": "2022-02", "value": 5.7806988479569554e-05, "incidence": 1425.0535714285718, "pValue": 0.09610282232478207, "interpretation": "not statistically significant (p = 0.096), medium effect size (d=-0.74)"}, {"cityName": "Magdeburg", "timestamp": "2022-02", "value": 4.538271796742552e-05, "incidence": 1676.2500000000002, "pValue": 0.04321753480602177, "interpretation": "significant (p = 0.043), large effect size (d=-0.91)"}, {"cityName": "Erfurt", "timestamp": "2022-02", "value": 4.8906572083843516e-05, "incidence": 746.6821428571429, "pValue": 0.07420902389437269, "interpretation": "not statistically significant (p = 0.074), medium effect size (d=-0.70)"}, {"cityName": "Jena", "timestamp": "2022-02", "value": 4.484450134138266e-05, "incidence": 987.7178571428573, "pValue": 0.11266418205453153, "interpretation": "not statistically significant (p = 0.113), medium effect size (d=-0.74)"}]