[{"cityName": "Kiel", "timestamp": "2025-05", "value": 2.6642283912570703e-05, "incidence": 0.2709677419354839, "pValue": 0.009248519014195022, "interpretation": "very significant (p < 0.01), large effect size (d=-1.17)"}, {"cityName": "L\u00fcbeck", "timestamp": "2025-05", "value": 2.7268924491686954e-05, "incidence": 0.9483870967741933, "pValue": 0.010191413458650586, "interpretation": "significant (p = 0.010), large effect size (d=-1.26)"}, {"cityName": "Hamburg", "timestamp": "2025-05", "value": 4.4139177986869104e-05, "incidence": 1.0419354838709678, "pValue": 0.3508450795519211, "interpretation": "not statistically significant (p = 0.351), small effect size (d=-0.37)"}, {"cityName": "Braunschweig", "timestamp": "2025-05", "value": 3.4361249109839695e-05, "incidence": 0.6064516129032255, "pValue": 0.22096712500616397, "interpretation": "not statistically significant (p = 0.221), medium effect size (d=-0.72)"}, {"cityName": "Salzgitter", "timestamp": "2025-05", "value": 3.7667708238586786e-05, "incidence": 0.6129032258064516, "pValue": 0.7815408300666378, "interpretation": "not statistically significant (p = 0.782), negligible effect size (d=-0.13)"}, {"cityName": "Wolfsburg", "timestamp": "2025-05", "value": 3.0281083462269682e-05, "incidence": 0.1806451612903226, "pValue": 0.18128961276140634, "interpretation": "not statistically significant (p = 0.181), medium effect size (d=-0.79)"}, {"cityName": "G\u00f6ttingen", "timestamp": "2025-05", "value": 3.0703518340098003e-05, "incidence": 0.5903225806451613, "pValue": 0.06126568652812293, "interpretation": "not statistically significant (p = 0.061), large effect size (d=-1.30)"}, {"cityName": "Hannover", "timestamp": "2025-05", "value": 4.046889463145482e-05, "incidence": 0.5483870967741934, "pValue": 0.6326511981381489, "interpretation": "not statistically significant (p = 0.633), small effect size (d=-0.21)"}, {"cityName": "Hildesheim", "timestamp": "2025-05", "value": 3.4057631102554936e-05, "incidence": 0.32903225806451614, "pValue": 0.06388955409083232, "interpretation": "not statistically significant (p = 0.064), large effect size (d=-1.13)"}, {"cityName": "Oldenburg (Oldb)", "timestamp": "2025-05", "value": 3.4444488119333985e-05, "incidence": 0.7419354838709677, "pValue": 0.14936632690645582, "interpretation": "not statistically significant (p = 0.149), medium effect size (d=-0.63)"}, {"cityName": "Osnabr\u00fcck", "timestamp": "2025-05", "value": 4.213108596476641e-05, "incidence": 0.13548387096774192, "pValue": 0.0875416715284959, "interpretation": "not statistically significant (p = 0.088), large effect size (d=-0.86)"}, {"cityName": "Bremen", "timestamp": "2025-05", "value": 3.833305396017481e-05, "incidence": 0.30645161290322576, "pValue": 0.07356096611941323, "interpretation": "not statistically significant (p = 0.074), medium effect size (d=-0.67)"}, {"cityName": "Bremerhaven", "timestamp": "2025-05", "value": 3.919891813503844e-05, "incidence": 0.0, "pValue": 0.9860057001619862, "interpretation": "not statistically significant (p = 0.986), negligible effect size (d=-0.01)"}, {"cityName": "D\u00fcsseldorf", "timestamp": "2025-05", "value": 7.593251265040257e-05, "incidence": 1.1580645161290322, "pValue": 0.014651635151620747, "interpretation": "significant (p = 0.015), large effect size (d=-1.08)"}, {"cityName": "Duisburg", "timestamp": "2025-05", "value": 8.946781357129414e-05, "incidence": 0.2967741935483871, "pValue": 0.01090092512779826, "interpretation": "significant (p = 0.011), large effect size (d=-1.17)"}, {"cityName": "Essen", "timestamp": "2025-05", "value": 6.424603410638295e-05, "incidence": 0.793548387096774, "pValue": 0.002589098837730884, "interpretation": "very significant (p < 0.01), large effect size (d=-1.43)"}, {"cityName": "Krefeld", "timestamp": "2025-05", "value": 7.827848625870851e-05, "incidence": 0.6516129032258066, "pValue": 0.012896451181325519, "interpretation": "significant (p = 0.013), large effect size (d=-1.12)"}, {"cityName": "M\u00f6nchengladbach", "timestamp": "2025-05", "value": 6.89036758809254e-05, "incidence": 0.37419354838709684, "pValue": 0.045608904400074694, "interpretation": "significant (p = 0.046), large effect size (d=-0.87)"}, {"cityName": "M\u00fclheim an der Ruhr", "timestamp": "2025-05", "value": 7.496931357309222e-05, "incidence": 1.035483870967742, "pValue": 0.0015535714502427189, "interpretation": "very significant (p < 0.01), large effect size (d=-1.59)"}, {"cityName": "Oberhausen", "timestamp": "2025-05", "value": 7.554792011013397e-05, "incidence": 0.4612903225806451, "pValue": 0.02344158400153375, "interpretation": "significant (p = 0.023), large effect size (d=-1.18)"}, {"cityName": "Remscheid", "timestamp": "2025-05", "value": 5.004400542626778e-05, "incidence": 1.3580645161290323, "pValue": 0.006018400337321504, "interpretation": "very significant (p < 0.01), large effect size (d=-1.41)"}, {"cityName": "Solingen", "timestamp": "2025-05", "value": 5.8598358009476215e-05, "incidence": 0.5612903225806452, "pValue": 0.016241386428835346, "interpretation": "significant (p = 0.016), large effect size (d=-1.08)"}, {"cityName": "Wuppertal", "timestamp": "2025-05", "value": 5.443025966761289e-05, "incidence": 0.5709677419354839, "pValue": 0.00473440474303946, "interpretation": "very significant (p < 0.01), large effect size (d=-1.45)"}, {"cityName": "Neuss", "timestamp": "2025-05", "value": 7.362299947999418e-05, "incidence": 0.5935483870967743, "pValue": 0.005164564495103213, "interpretation": "very significant (p < 0.01), large effect size (d=-1.44)"}, {"cityName": "Moers", "timestamp": "2025-05", "value": 8.777188070650612e-05, "incidence": 0.29354838709677417, "pValue": 0.014651613138994027, "interpretation": "significant (p = 0.015), large effect size (d=-1.27)"}, {"cityName": "Bonn", "timestamp": "2025-05", "value": 6.348929706622253e-05, "incidence": 1.0838709677419354, "pValue": 0.004496180332066624, "interpretation": "very significant (p < 0.01), large effect size (d=-1.24)"}, {"cityName": "K\u00f6ln", "timestamp": "2025-05", "value": 7.059364320917262e-05, "incidence": 0.5193548387096775, "pValue": 0.0004235287218881676, "interpretation": "highly significant (p < 0.001), large effect size (d=-1.44)"}, {"cityName": "Leverkusen", "timestamp": "2025-05", "value": 6.500225572381169e-05, "incidence": 0.15483870967741933, "pValue": 0.00592098356586562, "interpretation": "very significant (p < 0.01), large effect size (d=-1.34)"}, {"cityName": "Aachen", "timestamp": "2025-05", "value": 5.284409391982802e-05, "incidence": 0.825806451612903, "pValue": 0.0033672440073555143, "interpretation": "very significant (p < 0.01), large effect size (d=-1.29)"}, {"cityName": "Bergisch Gladbach", "timestamp": "2025-05", "value": 5.2837052083175096e-05, "incidence": 0.01935483870967742, "pValue": 0.0010686028488896924, "interpretation": "very significant (p < 0.01), large effect size (d=-1.63)"}, {"cityName": "Bottrop", "timestamp": "2025-05", "value": 6.498012226074934e-05, "incidence": 2.161290322580645, "pValue": 0.01090001540637661, "interpretation": "significant (p = 0.011), large effect size (d=-1.33)"}, {"cityName": "Gelsenkirchen", "timestamp": "2025-05", "value": 6.170762593255324e-05, "incidence": 0.438709677419355, "pValue": 0.004377874755002607, "interpretation": "very significant (p < 0.01), large effect size (d=-1.53)"}, {"cityName": "M\u00fcnster", "timestamp": "2025-05", "value": 4.401330819778275e-05, "incidence": 0.7129032258064515, "pValue": 0.10020776672391868, "interpretation": "not statistically significant (p = 0.100), medium effect size (d=-0.70)"}, {"cityName": "Recklinghausen", "timestamp": "2025-05", "value": 5.283331176122794e-05, "incidence": 0.6870967741935485, "pValue": 0.023336390488576195, "interpretation": "significant (p = 0.023), large effect size (d=-1.25)"}, {"cityName": "Bielefeld", "timestamp": "2025-05", "value": 3.8690336320238807e-05, "incidence": 0.6483870967741935, "pValue": 0.10950333486149412, "interpretation": "not statistically significant (p = 0.110), large effect size (d=-0.83)"}, {"cityName": "G\u00fctersloh", "timestamp": "2025-05", "value": 4.2426562868058684e-05, "incidence": 0.4548387096774194, "pValue": 0.26116785427486977, "interpretation": "not statistically significant (p = 0.261), medium effect size (d=-0.55)"}, {"cityName": "Paderborn", "timestamp": "2025-05", "value": 3.7500349384161735e-05, "incidence": 0.0, "pValue": 0.18589720313202335, "interpretation": "not statistically significant (p = 0.186), medium effect size (d=-0.61)"}, {"cityName": "Bochum", "timestamp": "2025-05", "value": 5.6535039523926876e-05, "incidence": 0.8064516129032258, "pValue": 0.0025570856140731766, "interpretation": "very significant (p < 0.01), large effect size (d=-1.47)"}, {"cityName": "Dortmund", "timestamp": "2025-05", "value": 5.050218554542345e-05, "incidence": 0.46774193548387083, "pValue": 0.00013591356710691735, "interpretation": "highly significant (p < 0.001), large effect size (d=-2.09)"}, {"cityName": "Hagen", "timestamp": "2025-05", "value": 4.37521696861448e-05, "incidence": 1.1741935483870969, "pValue": 2.9386369313384456e-05, "interpretation": "highly significant (p < 0.001), large effect size (d=-2.57)"}, {"cityName": "Hamm", "timestamp": "2025-05", "value": 4.013294597998971e-05, "incidence": 1.8064516129032258, "pValue": 0.002103368169584019, "interpretation": "very significant (p < 0.01), large effect size (d=-1.89)"}, {"cityName": "Herne", "timestamp": "2025-05", "value": 5.7358166668564084e-05, "incidence": 0.5129032258064516, "pValue": 0.0005511206165021154, "interpretation": "highly significant (p < 0.001), large effect size (d=-2.09)"}, {"cityName": "Siegen", "timestamp": "2025-05", "value": 3.761112166102976e-05, "incidence": 0.7838709677419352, "pValue": 0.040226566830012515, "interpretation": "significant (p = 0.040), large effect size (d=-0.97)"}, {"cityName": "Darmstadt", "timestamp": "2025-05", "value": 5.1770814355801455e-05, "incidence": 1.6, "pValue": 0.023110889055783315, "interpretation": "significant (p = 0.023), large effect size (d=-0.95)"}, {"cityName": "Frankfurt am Main", "timestamp": "2025-05", "value": 6.147308952429078e-05, "incidence": 1.0, "pValue": 0.15523181305727426, "interpretation": "not statistically significant (p = 0.155), medium effect size (d=-0.55)"}, {"cityName": "Offenbach am Main", "timestamp": "2025-05", "value": 5.8744494295255706e-05, "incidence": 0.5580645161290322, "pValue": 0.23637549729211016, "interpretation": "not statistically significant (p = 0.236), medium effect size (d=-0.51)"}, {"cityName": "Wiesbaden", "timestamp": "2025-05", "value": 6.093215456025468e-05, "incidence": 0.8516129032258064, "pValue": 0.42357321394314595, "interpretation": "not statistically significant (p = 0.424), small effect size (d=-0.33)"}, {"cityName": "Hanau", "timestamp": "2025-05", "value": 4.7255692502053884e-05, "incidence": 0.5838709677419353, "pValue": 0.37546019589070645, "interpretation": "not statistically significant (p = 0.375), small effect size (d=-0.43)"}, {"cityName": "Kassel", "timestamp": "2025-05", "value": 3.8139172829687595e-05, "incidence": 0.3387096774193548, "pValue": 0.6427511632343893, "interpretation": "not statistically significant (p = 0.643), small effect size (d=-0.22)"}, {"cityName": "Koblenz", "timestamp": "2025-05", "value": 4.769978113472462e-05, "incidence": 0.4, "pValue": 0.13807859779669693, "interpretation": "not statistically significant (p = 0.138), medium effect size (d=-0.62)"}, {"cityName": "Trier", "timestamp": "2025-05", "value": 4.069620044901967e-05, "incidence": 0.0, "pValue": 0.03868915240392038, "interpretation": "significant (p = 0.039), large effect size (d=-0.96)"}, {"cityName": "Kaiserslautern", "timestamp": "2025-05", "value": 3.990580668099798e-05, "incidence": 0.45161290322580644, "pValue": 0.015781607902123133, "interpretation": "significant (p = 0.016), large effect size (d=-1.23)"}, {"cityName": "Ludwigshafen am Rhein", "timestamp": "2025-05", "value": 6.0915263020433486e-05, "incidence": 0.6032258064516131, "pValue": 0.009117567260345455, "interpretation": "very significant (p < 0.01), large effect size (d=-1.28)"}, {"cityName": "Mainz", "timestamp": "2025-05", "value": 6.368739559547976e-05, "incidence": 1.2451612903225804, "pValue": 0.4008667490147778, "interpretation": "not statistically significant (p = 0.401), small effect size (d=-0.35)"}, {"cityName": "Stuttgart", "timestamp": "2025-05", "value": 4.5282342600532705e-05, "incidence": 0.35806451612903223, "pValue": 0.18848504664360705, "interpretation": "not statistically significant (p = 0.188), medium effect size (d=-0.62)"}, {"cityName": "Heilbronn", "timestamp": "2025-05", "value": 4.219412544949187e-05, "incidence": 0.7225806451612903, "pValue": 0.006770561798750958, "interpretation": "very significant (p < 0.01), large effect size (d=-1.18)"}, {"cityName": "Karlsruhe", "timestamp": "2025-05", "value": 4.831214901059866e-05, "incidence": 0.26774193548387093, "pValue": 0.3581796628779649, "interpretation": "not statistically significant (p = 0.358), small effect size (d=-0.35)"}, {"cityName": "Heidelberg", "timestamp": "2025-05", "value": 4.623471269089925e-05, "incidence": 0.3870967741935484, "pValue": 0.43425018828072837, "interpretation": "not statistically significant (p = 0.434), small effect size (d=-0.37)"}, {"cityName": "Mannheim", "timestamp": "2025-05", "value": 5.9564365074038506e-05, "incidence": 0.2129032258064516, "pValue": 0.0348587797884233, "interpretation": "significant (p = 0.035), large effect size (d=-1.08)"}, {"cityName": "Pforzheim", "timestamp": "2025-05", "value": 4.144259987192022e-05, "incidence": 0.025806451612903226, "pValue": 0.0020614741556426184, "interpretation": "very significant (p < 0.01), large effect size (d=-1.86)"}, {"cityName": "Freiburg im Breisgau", "timestamp": "2025-05", "value": 3.527738671335909e-05, "incidence": 0.5903225806451614, "pValue": 0.0699508407694501, "interpretation": "not statistically significant (p = 0.070), large effect size (d=-0.80)"}, {"cityName": "Reutlingen", "timestamp": "2025-05", "value": 4.0957391320262104e-05, "incidence": 0.6193548387096774, "pValue": 0.23388655200999964, "interpretation": "not statistically significant (p = 0.234), medium effect size (d=0.62)"}, {"cityName": "Ulm", "timestamp": "2025-05", "value": 4.043286715291048e-05, "incidence": 1.2161290322580647, "pValue": 0.02904326498353402, "interpretation": "significant (p = 0.029), large effect size (d=-1.56)"}, {"cityName": "Ingolstadt", "timestamp": "2025-05", "value": 4.338866953427593e-05, "incidence": 1.0161290322580645, "pValue": 0.2833778406373385, "interpretation": "not statistically significant (p = 0.283), medium effect size (d=0.55)"}, {"cityName": "M\u00fcnchen", "timestamp": "2025-05", "value": 4.6644270276794065e-05, "incidence": 1.196774193548387, "pValue": 0.0020639100730642334, "interpretation": "very significant (p < 0.01), large effect size (d=-1.89)"}, {"cityName": "Regensburg", "timestamp": "2025-05", "value": 3.921209912126263e-05, "incidence": 1.258064516129032, "pValue": 0.012341590946463999, "interpretation": "significant (p = 0.012), large effect size (d=1.84)"}, {"cityName": "Erlangen", "timestamp": "2025-05", "value": 3.829798411710986e-05, "incidence": 0.532258064516129, "pValue": 0.8366579759562648, "interpretation": "not statistically significant (p = 0.837), negligible effect size (d=0.11)"}, {"cityName": "F\u00fcrth", "timestamp": "2025-05", "value": 4.038577899336815e-05, "incidence": 1.0290322580645161, "pValue": 0.2473082736526686, "interpretation": "not statistically significant (p = 0.247), medium effect size (d=-0.62)"}, {"cityName": "N\u00fcrnberg", "timestamp": "2025-05", "value": 4.279751076617024e-05, "incidence": 2.4903225806451603, "pValue": 0.9314786405477604, "interpretation": "not statistically significant (p = 0.931), negligible effect size (d=-0.04)"}, {"cityName": "W\u00fcrzburg", "timestamp": "2025-05", "value": 3.61715501639992e-05, "incidence": 0.38709677419354843, "pValue": 0.6884905191718149, "interpretation": "not statistically significant (p = 0.688), small effect size (d=0.23)"}, {"cityName": "Augsburg", "timestamp": "2025-05", "value": 4.187773447483778e-05, "incidence": 0.08709677419354837, "pValue": 0.18704173835572538, "interpretation": "not statistically significant (p = 0.187), medium effect size (d=-0.67)"}, {"cityName": "Saarbr\u00fccken", "timestamp": "2025-05", "value": 3.8668649115910135e-05, "incidence": 1.5096774193548386, "pValue": 0.0029841733315904314, "interpretation": "very significant (p < 0.01), large effect size (d=-1.40)"}, {"cityName": "Berlin", "timestamp": "2025-05", "value": 3.903169502935759e-05, "incidence": 0.0, "pValue": 0.2455236530884928, "interpretation": "not statistically significant (p = 0.246), medium effect size (d=-0.61)"}, {"cityName": "Cottbus", "timestamp": "2025-05", "value": 3.6018891618228874e-05, "incidence": 0.45161290322580644, "pValue": 0.16595552043784684, "interpretation": "not statistically significant (p = 0.166), medium effect size (d=-0.75)"}, {"cityName": "Potsdam", "timestamp": "2025-05", "value": 3.4746323602602765e-05, "incidence": 0.25806451612903225, "pValue": 0.7478103237645528, "interpretation": "not statistically significant (p = 0.748), negligible effect size (d=-0.19)"}, {"cityName": "Rostock", "timestamp": "2025-05", "value": 2.8697167043433044e-05, "incidence": 0.4129032258064516, "pValue": 0.546091097258932, "interpretation": "not statistically significant (p = 0.546), small effect size (d=0.25)"}, {"cityName": "Chemnitz", "timestamp": "2025-05", "value": 3.437250114341334e-05, "incidence": 0.24516129032258063, "pValue": 0.8552451757641544, "interpretation": "not statistically significant (p = 0.855), negligible effect size (d=0.11)"}, {"cityName": "Dresden", "timestamp": "2025-05", "value": 3.6629827015779235e-05, "incidence": 0.5483870967741935, "pValue": 0.7725699477572043, "interpretation": "not statistically significant (p = 0.773), negligible effect size (d=0.15)"}, {"cityName": "Leipzig", "timestamp": "2025-05", "value": 3.582237096612944e-05, "incidence": 0.909677419354839, "pValue": 0.8555784302643685, "interpretation": "not statistically significant (p = 0.856), negligible effect size (d=0.08)"}, {"cityName": "Halle (Saale)", "timestamp": "2025-05", "value": 3.567280752273897e-05, "incidence": 0.5451612903225806, "pValue": 0.6815959967375018, "interpretation": "not statistically significant (p = 0.682), small effect size (d=-0.21)"}, {"cityName": "Magdeburg", "timestamp": "2025-05", "value": 3.2550624669774585e-05, "incidence": 0.36129032258064525, "pValue": 0.24826653105071797, "interpretation": "not statistically significant (p = 0.248), medium effect size (d=-0.54)"}, {"cityName": "Erfurt", "timestamp": "2025-05", "value": 3.07439885875012e-05, "incidence": 0.6129032258064516, "pValue": 0.5100498563583349, "interpretation": "not statistically significant (p = 0.510), small effect size (d=0.32)"}, {"cityName": "Jena", "timestamp": "2025-05", "value": 3.3767311833798885e-05, "incidence": 0.5516129032258065, "pValue": 0.40622150158776715, "interpretation": "not statistically significant (p = 0.406), small effect size (d=0.41)"}]