[{"cityName": "Kiel", "timestamp": "2025-11", "value": 5.452650310915141e-05, "incidence": 4.253333333333334, "pValue": 0.5205086997700785, "interpretation": "not statistically significant (p = 0.521), small effect size (d=-0.37)"}, {"cityName": "L\u00fcbeck", "timestamp": "2025-11", "value": 6.141869299527671e-05, "incidence": 7.510000000000002, "pValue": 0.9403478584212954, "interpretation": "not statistically significant (p = 0.940), negligible effect size (d=0.03)"}, {"cityName": "Hamburg", "timestamp": "2025-11", "value": 6.604583726988898e-05, "incidence": 6.02, "pValue": 0.5201792681014208, "interpretation": "not statistically significant (p = 0.520), small effect size (d=-0.27)"}, {"cityName": "Braunschweig", "timestamp": "2025-11", "value": 5.905008326996775e-05, "incidence": 4.2266666666666675, "pValue": 0.044579160847914086, "interpretation": "significant (p = 0.045), large effect size (d=-1.01)"}, {"cityName": "Salzgitter", "timestamp": "2025-11", "value": 5.803193198516965e-05, "incidence": 9.379999999999999, "pValue": 0.2530107314309362, "interpretation": "not statistically significant (p = 0.253), medium effect size (d=-0.50)"}, {"cityName": "Wolfsburg", "timestamp": "2025-11", "value": 5.555149216793085e-05, "incidence": 6.710000000000002, "pValue": 0.5380631782648204, "interpretation": "not statistically significant (p = 0.538), small effect size (d=-0.30)"}, {"cityName": "G\u00f6ttingen", "timestamp": "2025-11", "value": 5.192919412539119e-05, "incidence": 7.35, "pValue": 0.3510874760103423, "interpretation": "not statistically significant (p = 0.351), medium effect size (d=-0.54)"}, {"cityName": "Hannover", "timestamp": "2025-11", "value": 6.286030953848048e-05, "incidence": 5.370000000000001, "pValue": 0.6643127764965542, "interpretation": "not statistically significant (p = 0.664), small effect size (d=-0.21)"}, {"cityName": "Hildesheim", "timestamp": "2025-11", "value": 5.384390105438583e-05, "incidence": 4.723333333333333, "pValue": 0.9546930086436582, "interpretation": "not statistically significant (p = 0.955), negligible effect size (d=0.03)"}, {"cityName": "Oldenburg (Oldb)", "timestamp": "2025-11", "value": 5.826788255944848e-05, "incidence": 5.583333333333334, "pValue": 0.4540239153190567, "interpretation": "not statistically significant (p = 0.454), small effect size (d=-0.42)"}, {"cityName": "Osnabr\u00fcck", "timestamp": "2025-11", "value": 7.40409119647335e-05, "incidence": 4.200000000000001, "pValue": 0.542518096682344, "interpretation": "not statistically significant (p = 0.543), small effect size (d=-0.29)"}, {"cityName": "Bremen", "timestamp": "2025-11", "value": 6.432066381466194e-05, "incidence": 3.013333333333333, "pValue": 0.35907844975659187, "interpretation": "not statistically significant (p = 0.359), small effect size (d=-0.45)"}, {"cityName": "Bremerhaven", "timestamp": "2025-11", "value": 6.010812025384179e-05, "incidence": 4.506666666666666, "pValue": 0.6559885694037083, "interpretation": "not statistically significant (p = 0.656), small effect size (d=-0.23)"}, {"cityName": "D\u00fcsseldorf", "timestamp": "2025-11", "value": 0.00011565541939401045, "incidence": 6.173333333333333, "pValue": 0.03634196556606467, "interpretation": "significant (p = 0.036), large effect size (d=-0.99)"}, {"cityName": "Duisburg", "timestamp": "2025-11", "value": 0.0001242014651115124, "incidence": 6.333333333333334, "pValue": 0.14642483514123725, "interpretation": "not statistically significant (p = 0.146), medium effect size (d=-0.60)"}, {"cityName": "Essen", "timestamp": "2025-11", "value": 0.00010750240956743558, "incidence": 5.053333333333334, "pValue": 0.10490880956135124, "interpretation": "not statistically significant (p = 0.105), large effect size (d=-0.86)"}, {"cityName": "Krefeld", "timestamp": "2025-11", "value": 0.00011607191453759487, "incidence": 8.436666666666667, "pValue": 0.13186266729215687, "interpretation": "not statistically significant (p = 0.132), medium effect size (d=-0.67)"}, {"cityName": "M\u00f6nchengladbach", "timestamp": "2025-11", "value": 9.147023204071768e-05, "incidence": 2.0200000000000005, "pValue": 0.2346167354827826, "interpretation": "not statistically significant (p = 0.235), medium effect size (d=-0.52)"}, {"cityName": "M\u00fclheim an der Ruhr", "timestamp": "2025-11", "value": 0.000113262174030145, "incidence": 4.95, "pValue": 0.1784172328526298, "interpretation": "not statistically significant (p = 0.178), medium effect size (d=-0.63)"}, {"cityName": "Oberhausen", "timestamp": "2025-11", "value": 0.00011917309334071782, "incidence": 5.009999999999999, "pValue": 0.2575228820885451, "interpretation": "not statistically significant (p = 0.258), medium effect size (d=-0.59)"}, {"cityName": "Remscheid", "timestamp": "2025-11", "value": 7.40699004381895e-05, "incidence": 4.263333333333333, "pValue": 0.1384303041697924, "interpretation": "not statistically significant (p = 0.138), large effect size (d=-0.83)"}, {"cityName": "Solingen", "timestamp": "2025-11", "value": 8.239710587076843e-05, "incidence": 8.096666666666666, "pValue": 0.09496980772003805, "interpretation": "not statistically significant (p = 0.095), large effect size (d=-0.84)"}, {"cityName": "Wuppertal", "timestamp": "2025-11", "value": 8.219802165748897e-05, "incidence": 7.7700000000000005, "pValue": 0.2238341783460113, "interpretation": "not statistically significant (p = 0.224), medium effect size (d=-0.55)"}, {"cityName": "Neuss", "timestamp": "2025-11", "value": 0.00011500641994643956, "incidence": 4.566666666666666, "pValue": 0.044704885925404204, "interpretation": "significant (p = 0.045), large effect size (d=-1.06)"}, {"cityName": "Moers", "timestamp": "2025-11", "value": 0.00011436288644160544, "incidence": 4.04, "pValue": 0.04547358473348254, "interpretation": "significant (p = 0.045), large effect size (d=-0.91)"}, {"cityName": "Bonn", "timestamp": "2025-11", "value": 8.461227513511072e-05, "incidence": 5.263333333333333, "pValue": 0.27299236393425586, "interpretation": "not statistically significant (p = 0.273), medium effect size (d=-0.53)"}, {"cityName": "K\u00f6ln", "timestamp": "2025-11", "value": 0.00010121073056426313, "incidence": 4.153333333333333, "pValue": 0.15505381033411028, "interpretation": "not statistically significant (p = 0.155), medium effect size (d=-0.62)"}, {"cityName": "Leverkusen", "timestamp": "2025-11", "value": 9.611152927391231e-05, "incidence": 2.5, "pValue": 0.018746098357019608, "interpretation": "significant (p = 0.019), large effect size (d=-1.16)"}, {"cityName": "Aachen", "timestamp": "2025-11", "value": 6.921041018233217e-05, "incidence": 2.6599999999999997, "pValue": 0.5498394392245948, "interpretation": "not statistically significant (p = 0.550), small effect size (d=-0.27)"}, {"cityName": "Bergisch Gladbach", "timestamp": "2025-11", "value": 7.737880306584495e-05, "incidence": 3.5466666666666664, "pValue": 0.5045679628041947, "interpretation": "not statistically significant (p = 0.505), small effect size (d=-0.35)"}, {"cityName": "Bottrop", "timestamp": "2025-11", "value": 0.00011166704215985887, "incidence": 12.106666666666664, "pValue": 0.09057206596117999, "interpretation": "not statistically significant (p = 0.091), large effect size (d=-0.82)"}, {"cityName": "Gelsenkirchen", "timestamp": "2025-11", "value": 0.00011369590784477837, "incidence": 5.916666666666667, "pValue": 0.15451838845150156, "interpretation": "not statistically significant (p = 0.155), medium effect size (d=-0.78)"}, {"cityName": "M\u00fcnster", "timestamp": "2025-11", "value": 8.251776167175226e-05, "incidence": 4.026666666666667, "pValue": 0.4380867812544028, "interpretation": "not statistically significant (p = 0.438), small effect size (d=-0.33)"}, {"cityName": "Recklinghausen", "timestamp": "2025-11", "value": 0.00011602756029997881, "incidence": 10.42, "pValue": 0.03510661883450077, "interpretation": "significant (p = 0.035), large effect size (d=-1.20)"}, {"cityName": "Bielefeld", "timestamp": "2025-11", "value": 8.135063399095088e-05, "incidence": 7.78, "pValue": 0.8724246030717981, "interpretation": "not statistically significant (p = 0.872), negligible effect size (d=-0.07)"}, {"cityName": "G\u00fctersloh", "timestamp": "2025-11", "value": 8.487574523314833e-05, "incidence": 4.8, "pValue": 0.44557361693367326, "interpretation": "not statistically significant (p = 0.446), small effect size (d=-0.37)"}, {"cityName": "Paderborn", "timestamp": "2025-11", "value": 7.631640971427964e-05, "incidence": 0.5800000000000001, "pValue": 0.18357500967414503, "interpretation": "not statistically significant (p = 0.184), medium effect size (d=0.64)"}, {"cityName": "Bochum", "timestamp": "2025-11", "value": 0.00010627269512042403, "incidence": 8.033333333333333, "pValue": 0.12401508595173664, "interpretation": "not statistically significant (p = 0.124), large effect size (d=-0.90)"}, {"cityName": "Dortmund", "timestamp": "2025-11", "value": 0.0001020915258456679, "incidence": 3.9699999999999993, "pValue": 0.052411045340950604, "interpretation": "not statistically significant (p = 0.052), large effect size (d=-0.99)"}, {"cityName": "Hagen", "timestamp": "2025-11", "value": 7.719908648266874e-05, "incidence": 11.906666666666668, "pValue": 0.12967773633319665, "interpretation": "not statistically significant (p = 0.130), large effect size (d=-0.81)"}, {"cityName": "Hamm", "timestamp": "2025-11", "value": 8.403769295130457e-05, "incidence": 10.77, "pValue": 0.22381728374977725, "interpretation": "not statistically significant (p = 0.224), medium effect size (d=-0.55)"}, {"cityName": "Herne", "timestamp": "2025-11", "value": 0.0001089031109586358, "incidence": 6.553333333333332, "pValue": 0.03768822236777645, "interpretation": "significant (p = 0.038), large effect size (d=-1.30)"}, {"cityName": "Siegen", "timestamp": "2025-11", "value": 6.705150590278209e-05, "incidence": 3.5866666666666656, "pValue": 0.8258404280419405, "interpretation": "not statistically significant (p = 0.826), negligible effect size (d=0.13)"}, {"cityName": "Darmstadt", "timestamp": "2025-11", "value": 0.00011226517910307103, "incidence": 4.459999999999999, "pValue": 0.9437048468596809, "interpretation": "not statistically significant (p = 0.944), negligible effect size (d=0.04)"}, {"cityName": "Frankfurt am Main", "timestamp": "2025-11", "value": 0.00013964019969783047, "incidence": 4.07, "pValue": 0.15679833887723102, "interpretation": "not statistically significant (p = 0.157), medium effect size (d=0.73)"}, {"cityName": "Offenbach am Main", "timestamp": "2025-11", "value": 0.00011907238513231277, "incidence": 10.486666666666666, "pValue": 0.5113225821291236, "interpretation": "not statistically significant (p = 0.511), small effect size (d=0.43)"}, {"cityName": "Wiesbaden", "timestamp": "2025-11", "value": 0.00011566750860462587, "incidence": 5.6899999999999995, "pValue": 0.12457240613768415, "interpretation": "not statistically significant (p = 0.125), medium effect size (d=0.79)"}, {"cityName": "Hanau", "timestamp": "2025-11", "value": 9.51696688739153e-05, "incidence": 7.066666666666667, "pValue": 0.8814218618029714, "interpretation": "not statistically significant (p = 0.881), negligible effect size (d=0.09)"}, {"cityName": "Kassel", "timestamp": "2025-11", "value": 5.927223375894957e-05, "incidence": 7.133333333333334, "pValue": 0.7465455716400372, "interpretation": "not statistically significant (p = 0.747), negligible effect size (d=-0.20)"}, {"cityName": "Koblenz", "timestamp": "2025-11", "value": 7.653865031898022e-05, "incidence": 5.333333333333333, "pValue": 0.17431389318691812, "interpretation": "not statistically significant (p = 0.174), medium effect size (d=-0.70)"}, {"cityName": "Trier", "timestamp": "2025-11", "value": 6.105146603658795e-05, "incidence": 6.170000000000001, "pValue": 0.4705202235828143, "interpretation": "not statistically significant (p = 0.471), small effect size (d=-0.49)"}, {"cityName": "Kaiserslautern", "timestamp": "2025-11", "value": 6.170745473355055e-05, "incidence": 9.256666666666668, "pValue": 0.9674544352879806, "interpretation": "not statistically significant (p = 0.967), negligible effect size (d=-0.02)"}, {"cityName": "Ludwigshafen am Rhein", "timestamp": "2025-11", "value": 0.00010640705780436595, "incidence": 7.249999999999999, "pValue": 1.0, "interpretation": "Insufficient data for this month for a statistical test."}, {"cityName": "Mainz", "timestamp": "2025-11", "value": 0.00012596751912496984, "incidence": 6.166666666666666, "pValue": 0.17205206355908953, "interpretation": "not statistically significant (p = 0.172), medium effect size (d=0.74)"}, {"cityName": "Stuttgart", "timestamp": "2025-11", "value": 8.407990551657147e-05, "incidence": 3.2100000000000004, "pValue": 0.08275930343607173, "interpretation": "not statistically significant (p = 0.083), large effect size (d=0.85)"}, {"cityName": "Heilbronn", "timestamp": "2025-11", "value": 8.058381111671527e-05, "incidence": 7.639999999999998, "pValue": 0.4996627940253183, "interpretation": "not statistically significant (p = 0.500), small effect size (d=-0.41)"}, {"cityName": "Karlsruhe", "timestamp": "2025-11", "value": 0.00010144182791312535, "incidence": 2.806666666666666, "pValue": 0.8725461068960726, "interpretation": "not statistically significant (p = 0.873), negligible effect size (d=0.08)"}, {"cityName": "Heidelberg", "timestamp": "2025-11", "value": 9.199071945132393e-05, "incidence": 6.820000000000001, "pValue": 0.38899901703923223, "interpretation": "not statistically significant (p = 0.389), medium effect size (d=0.60)"}, {"cityName": "Mannheim", "timestamp": "2025-11", "value": 0.0001090441457927227, "incidence": 7.243333333333333, "pValue": 0.25141914255575015, "interpretation": "not statistically significant (p = 0.251), medium effect size (d=0.71)"}, {"cityName": "Pforzheim", "timestamp": "2025-11", "value": 6.465050521203213e-05, "incidence": 3.86, "pValue": 0.7580161814571601, "interpretation": "not statistically significant (p = 0.758), negligible effect size (d=-0.17)"}, {"cityName": "Freiburg im Breisgau", "timestamp": "2025-11", "value": 6.124652335765186e-05, "incidence": 3.4466666666666668, "pValue": 0.4180351187357051, "interpretation": "not statistically significant (p = 0.418), small effect size (d=0.38)"}, {"cityName": "Reutlingen", "timestamp": "2025-11", "value": 7.268127956194803e-05, "incidence": 5.816666666666666, "pValue": 0.5210811043183259, "interpretation": "not statistically significant (p = 0.521), small effect size (d=0.30)"}, {"cityName": "Ulm", "timestamp": "2025-11", "value": 7.492754804460626e-05, "incidence": 7.0566666666666675, "pValue": 0.04375485999735413, "interpretation": "significant (p = 0.044), large effect size (d=1.37)"}, {"cityName": "Ingolstadt", "timestamp": "2025-11", "value": 8.776652005811532e-05, "incidence": 4.243333333333332, "pValue": 0.07948516561830064, "interpretation": "not statistically significant (p = 0.079), large effect size (d=1.07)"}, {"cityName": "M\u00fcnchen", "timestamp": "2025-11", "value": 9.295419574930117e-05, "incidence": 5.44, "pValue": 0.007002304006012686, "interpretation": "very significant (p < 0.01), large effect size (d=1.70)"}, {"cityName": "Regensburg", "timestamp": "2025-11", "value": 7.879966093848149e-05, "incidence": 5.14, "pValue": 0.9501528060201381, "interpretation": "not statistically significant (p = 0.950), negligible effect size (d=-0.03)"}, {"cityName": "Erlangen", "timestamp": "2025-11", "value": 7.688716453100954e-05, "incidence": 3.913333333333333, "pValue": 0.914164465109909, "interpretation": "not statistically significant (p = 0.914), negligible effect size (d=0.06)"}, {"cityName": "F\u00fcrth", "timestamp": "2025-11", "value": 7.789495284669102e-05, "incidence": 8.996666666666668, "pValue": 0.5054530533970191, "interpretation": "not statistically significant (p = 0.505), small effect size (d=-0.42)"}, {"cityName": "N\u00fcrnberg", "timestamp": "2025-11", "value": 7.379252576466763e-05, "incidence": 5.46, "pValue": 0.33958417777414873, "interpretation": "not statistically significant (p = 0.340), medium effect size (d=-0.53)"}, {"cityName": "W\u00fcrzburg", "timestamp": "2025-11", "value": 6.904375914018601e-05, "incidence": 6.583333333333332, "pValue": 0.25218950097092674, "interpretation": "not statistically significant (p = 0.252), medium effect size (d=0.70)"}, {"cityName": "Augsburg", "timestamp": "2025-11", "value": 7.269100303976581e-05, "incidence": 5.593333333333334, "pValue": 0.14738014554848736, "interpretation": "not statistically significant (p = 0.147), medium effect size (d=0.75)"}, {"cityName": "Saarbr\u00fccken", "timestamp": "2025-11", "value": 6.08048556993405e-05, "incidence": 6.996666666666668, "pValue": 0.8054514435063148, "interpretation": "not statistically significant (p = 0.805), negligible effect size (d=0.11)"}, {"cityName": "Berlin", "timestamp": "2025-11", "value": 7.60882820298032e-05, "incidence": 0.0, "pValue": 0.1552449397302823, "interpretation": "not statistically significant (p = 0.155), medium effect size (d=-0.64)"}, {"cityName": "Cottbus", "timestamp": "2025-11", "value": 7.293778113447703e-05, "incidence": 7.346666666666667, "pValue": 0.09848628950584627, "interpretation": "not statistically significant (p = 0.098), large effect size (d=-0.84)"}, {"cityName": "Potsdam", "timestamp": "2025-11", "value": 6.031902397380156e-05, "incidence": 5.583333333333332, "pValue": 0.30537816264554357, "interpretation": "not statistically significant (p = 0.305), small effect size (d=-0.46)"}, {"cityName": "Rostock", "timestamp": "2025-11", "value": 5.6366400906082355e-05, "incidence": 16.706666666666667, "pValue": 0.8701422628405419, "interpretation": "not statistically significant (p = 0.870), negligible effect size (d=0.09)"}, {"cityName": "Chemnitz", "timestamp": "2025-11", "value": 6.321584237966595e-05, "incidence": 21.816666666666666, "pValue": 0.6861143192939176, "interpretation": "not statistically significant (p = 0.686), small effect size (d=-0.20)"}, {"cityName": "Dresden", "timestamp": "2025-11", "value": 7.789619266986846e-05, "incidence": 10.57, "pValue": 0.9761799368864212, "interpretation": "not statistically significant (p = 0.976), negligible effect size (d=-0.01)"}, {"cityName": "Leipzig", "timestamp": "2025-11", "value": 7.399182091010552e-05, "incidence": 17.540000000000003, "pValue": 0.3721685632188396, "interpretation": "not statistically significant (p = 0.372), small effect size (d=-0.41)"}, {"cityName": "Halle (Saale)", "timestamp": "2025-11", "value": 5.368757410906255e-05, "incidence": 14.266666666666667, "pValue": 0.15129292294930508, "interpretation": "not statistically significant (p = 0.151), medium effect size (d=-0.70)"}, {"cityName": "Magdeburg", "timestamp": "2025-11", "value": 5.9353487909232316e-05, "incidence": 15.446666666666667, "pValue": 0.6789442376465518, "interpretation": "not statistically significant (p = 0.679), small effect size (d=-0.20)"}, {"cityName": "Erfurt", "timestamp": "2025-11", "value": 5.5396359691277464e-05, "incidence": 14.503333333333334, "pValue": 0.9929677506730528, "interpretation": "not statistically significant (p = 0.993), negligible effect size (d=-0.00)"}, {"cityName": "Jena", "timestamp": "2025-11", "value": 5.221477476879954e-05, "incidence": 11.850000000000001, "pValue": 0.778891557660053, "interpretation": "not statistically significant (p = 0.779), negligible effect size (d=-0.13)"}]