[{"cityName": "Kiel", "timestamp": "2025-07", "value": 2.6659449628953424e-05, "incidence": 0.5548387096774192, "pValue": 0.794021610732571, "interpretation": "not statistically significant (p = 0.794), negligible effect size (d=-0.12)"}, {"cityName": "L\u00fcbeck", "timestamp": "2025-07", "value": 2.794766462304526e-05, "incidence": 1.3903225806451611, "pValue": 0.7355687705655996, "interpretation": "not statistically significant (p = 0.736), negligible effect size (d=0.17)"}, {"cityName": "Hamburg", "timestamp": "2025-07", "value": 3.897938532409845e-05, "incidence": 1.5354838709677419, "pValue": 0.2779559772767972, "interpretation": "not statistically significant (p = 0.278), small effect size (d=-0.47)"}, {"cityName": "Braunschweig", "timestamp": "2025-07", "value": 2.9689824099049848e-05, "incidence": 1.070967741935484, "pValue": 0.007155006563823999, "interpretation": "very significant (p < 0.01), large effect size (d=-1.40)"}, {"cityName": "Salzgitter", "timestamp": "2025-07", "value": 3.16918856697157e-05, "incidence": 1.961290322580645, "pValue": 0.006295940350215958, "interpretation": "very significant (p < 0.01), large effect size (d=-1.32)"}, {"cityName": "Wolfsburg", "timestamp": "2025-07", "value": 3.1378604226598616e-05, "incidence": 1.006451612903226, "pValue": 0.2590455241682893, "interpretation": "not statistically significant (p = 0.259), medium effect size (d=-0.57)"}, {"cityName": "G\u00f6ttingen", "timestamp": "2025-07", "value": 2.6682702203591664e-05, "incidence": 0.9096774193548385, "pValue": 0.25592039335097777, "interpretation": "not statistically significant (p = 0.256), medium effect size (d=-0.62)"}, {"cityName": "Hannover", "timestamp": "2025-07", "value": 3.502647220892342e-05, "incidence": 0.7806451612903225, "pValue": 0.09406328000682875, "interpretation": "not statistically significant (p = 0.094), large effect size (d=-0.97)"}, {"cityName": "Hildesheim", "timestamp": "2025-07", "value": 2.9943873147096703e-05, "incidence": 0.5451612903225808, "pValue": 0.36264652385055196, "interpretation": "not statistically significant (p = 0.363), medium effect size (d=0.51)"}, {"cityName": "Oldenburg (Oldb)", "timestamp": "2025-07", "value": 2.7684838278219105e-05, "incidence": 1.4774193548387096, "pValue": 0.13198325480459405, "interpretation": "not statistically significant (p = 0.132), large effect size (d=-1.27)"}, {"cityName": "Osnabr\u00fcck", "timestamp": "2025-07", "value": 3.199893134561452e-05, "incidence": 0.5419354838709678, "pValue": 0.0007471283945640228, "interpretation": "highly significant (p < 0.001), large effect size (d=-2.27)"}, {"cityName": "Bremen", "timestamp": "2025-07", "value": 3.715027810730895e-05, "incidence": 0.5322580645161289, "pValue": 0.02860584246113605, "interpretation": "significant (p = 0.029), large effect size (d=-1.10)"}, {"cityName": "Bremerhaven", "timestamp": "2025-07", "value": 2.771052615051823e-05, "incidence": 0.0, "pValue": 0.08534306162009717, "interpretation": "not statistically significant (p = 0.085), large effect size (d=-0.93)"}, {"cityName": "D\u00fcsseldorf", "timestamp": "2025-07", "value": 7.246934422632544e-05, "incidence": 0.906451612903226, "pValue": 0.06825559139100672, "interpretation": "not statistically significant (p = 0.068), large effect size (d=-0.90)"}, {"cityName": "Duisburg", "timestamp": "2025-07", "value": 8.676565276124538e-05, "incidence": 0.6838709677419356, "pValue": 0.24848256411596106, "interpretation": "not statistically significant (p = 0.248), medium effect size (d=-0.52)"}, {"cityName": "Essen", "timestamp": "2025-07", "value": 6.174654341661013e-05, "incidence": 1.0354838709677419, "pValue": 0.04453024274971031, "interpretation": "significant (p = 0.045), large effect size (d=-1.00)"}, {"cityName": "Krefeld", "timestamp": "2025-07", "value": 5.0929016791857204e-05, "incidence": 0.7838709677419352, "pValue": 0.022129577507281884, "interpretation": "significant (p = 0.022), large effect size (d=-1.12)"}, {"cityName": "M\u00f6nchengladbach", "timestamp": "2025-07", "value": 4.2481661035582936e-05, "incidence": 0.8741935483870966, "pValue": 0.015618339454062873, "interpretation": "significant (p = 0.016), large effect size (d=-1.28)"}, {"cityName": "M\u00fclheim an der Ruhr", "timestamp": "2025-07", "value": 8.245331830241614e-05, "incidence": 1.3516129032258064, "pValue": 0.43072607350724956, "interpretation": "not statistically significant (p = 0.431), small effect size (d=-0.38)"}, {"cityName": "Oberhausen", "timestamp": "2025-07", "value": 8.43836460262537e-05, "incidence": 0.8193548387096772, "pValue": 0.06208471125142518, "interpretation": "not statistically significant (p = 0.062), large effect size (d=-0.95)"}, {"cityName": "Remscheid", "timestamp": "2025-07", "value": 4.074799362570047e-05, "incidence": 0.2612903225806452, "pValue": 0.03872975737058429, "interpretation": "significant (p = 0.039), large effect size (d=-1.31)"}, {"cityName": "Solingen", "timestamp": "2025-07", "value": 5.104570300318301e-05, "incidence": 2.161290322580645, "pValue": 0.0414888644009471, "interpretation": "significant (p = 0.041), large effect size (d=-1.13)"}, {"cityName": "Wuppertal", "timestamp": "2025-07", "value": 4.7120205299169926e-05, "incidence": 1.0129032258064516, "pValue": 0.02381363139662977, "interpretation": "significant (p = 0.024), large effect size (d=-1.32)"}, {"cityName": "Neuss", "timestamp": "2025-07", "value": 6.434859824366868e-05, "incidence": 1.158064516129032, "pValue": 0.1056540299205119, "interpretation": "not statistically significant (p = 0.106), large effect size (d=-0.92)"}, {"cityName": "Moers", "timestamp": "2025-07", "value": 5.6953660012888054e-05, "incidence": 0.37419354838709684, "pValue": 0.0391950854519988, "interpretation": "significant (p = 0.039), large effect size (d=-1.03)"}, {"cityName": "Bonn", "timestamp": "2025-07", "value": 6.270332431251353e-05, "incidence": 1.0935483870967746, "pValue": 0.3066910801540785, "interpretation": "not statistically significant (p = 0.307), small effect size (d=-0.48)"}, {"cityName": "K\u00f6ln", "timestamp": "2025-07", "value": 6.846753078409367e-05, "incidence": 0.7709677419354838, "pValue": 0.007257761924391664, "interpretation": "very significant (p < 0.01), large effect size (d=-1.18)"}, {"cityName": "Leverkusen", "timestamp": "2025-07", "value": 5.906428365657727e-05, "incidence": 1.4129032258064518, "pValue": 0.006120336229244966, "interpretation": "very significant (p < 0.01), large effect size (d=-1.61)"}, {"cityName": "Aachen", "timestamp": "2025-07", "value": 4.141897380608937e-05, "incidence": 0.6032258064516126, "pValue": 0.03389340783616538, "interpretation": "significant (p = 0.034), large effect size (d=-1.13)"}, {"cityName": "Bergisch Gladbach", "timestamp": "2025-07", "value": 4.9231565623943296e-05, "incidence": 0.29354838709677417, "pValue": 0.0392313953561409, "interpretation": "significant (p = 0.039), large effect size (d=-1.14)"}, {"cityName": "Bottrop", "timestamp": "2025-07", "value": 5.647825994802748e-05, "incidence": 0.6290322580645162, "pValue": 0.00022755435151285808, "interpretation": "highly significant (p < 0.001), large effect size (d=-2.34)"}, {"cityName": "Gelsenkirchen", "timestamp": "2025-07", "value": 5.714928128701799e-05, "incidence": 1.2354838709677418, "pValue": 0.0007049808107503019, "interpretation": "highly significant (p < 0.001), large effect size (d=-2.06)"}, {"cityName": "M\u00fcnster", "timestamp": "2025-07", "value": 3.306476170556587e-05, "incidence": 1.0225806451612902, "pValue": 0.004168979035411732, "interpretation": "very significant (p < 0.01), large effect size (d=-1.72)"}, {"cityName": "Recklinghausen", "timestamp": "2025-07", "value": 4.600337706506252e-05, "incidence": 0.9483870967741937, "pValue": 0.009531968463728845, "interpretation": "very significant (p < 0.01), large effect size (d=-1.79)"}, {"cityName": "Bielefeld", "timestamp": "2025-07", "value": 3.1964368342111506e-05, "incidence": 0.861290322580645, "pValue": 0.03894292248429411, "interpretation": "significant (p = 0.039), large effect size (d=-0.97)"}, {"cityName": "G\u00fctersloh", "timestamp": "2025-07", "value": 2.9712170362472535e-05, "incidence": 1.0225806451612907, "pValue": 0.0009167750356086732, "interpretation": "highly significant (p < 0.001), large effect size (d=-1.92)"}, {"cityName": "Paderborn", "timestamp": "2025-07", "value": 3.4032427074928436e-05, "incidence": 0.0, "pValue": 0.14415104575950882, "interpretation": "not statistically significant (p = 0.144), medium effect size (d=-0.70)"}, {"cityName": "Bochum", "timestamp": "2025-07", "value": 5.303741393921276e-05, "incidence": 1.158064516129032, "pValue": 0.002782904771992938, "interpretation": "very significant (p < 0.01), large effect size (d=-1.71)"}, {"cityName": "Dortmund", "timestamp": "2025-07", "value": 4.423727445742663e-05, "incidence": 0.49032258064516127, "pValue": 0.0003987036454511878, "interpretation": "highly significant (p < 0.001), large effect size (d=-2.33)"}, {"cityName": "Hagen", "timestamp": "2025-07", "value": 3.640333608049771e-05, "incidence": 2.890322580645161, "pValue": 0.00037337876030704714, "interpretation": "highly significant (p < 0.001), large effect size (d=-2.22)"}, {"cityName": "Hamm", "timestamp": "2025-07", "value": 3.661895503423044e-05, "incidence": 1.2838709677419358, "pValue": 0.0021805412349769305, "interpretation": "very significant (p < 0.01), large effect size (d=-1.79)"}, {"cityName": "Herne", "timestamp": "2025-07", "value": 5.3635059157386425e-05, "incidence": 1.0774193548387099, "pValue": 0.0070136974744733896, "interpretation": "very significant (p < 0.01), large effect size (d=-1.70)"}, {"cityName": "Siegen", "timestamp": "2025-07", "value": 3.429475764278322e-05, "incidence": 0.4193548387096773, "pValue": 0.18073371099086144, "interpretation": "not statistically significant (p = 0.181), medium effect size (d=-0.65)"}, {"cityName": "Darmstadt", "timestamp": "2025-07", "value": 4.7533063810657374e-05, "incidence": 1.038709677419355, "pValue": 0.03309995160185254, "interpretation": "significant (p = 0.033), large effect size (d=-0.82)"}, {"cityName": "Frankfurt am Main", "timestamp": "2025-07", "value": 5.7106546591967344e-05, "incidence": 0.7806451612903224, "pValue": 0.04409498242400106, "interpretation": "significant (p = 0.044), medium effect size (d=-0.77)"}, {"cityName": "Offenbach am Main", "timestamp": "2025-07", "value": 5.5708229245448656e-05, "incidence": 1.338709677419355, "pValue": 0.07505285214302986, "interpretation": "not statistically significant (p = 0.075), large effect size (d=-0.85)"}, {"cityName": "Wiesbaden", "timestamp": "2025-07", "value": 4.607532820146945e-05, "incidence": 0.725806451612903, "pValue": 0.05964617482569138, "interpretation": "not statistically significant (p = 0.060), medium effect size (d=-0.78)"}, {"cityName": "Hanau", "timestamp": "2025-07", "value": 4.82104503764556e-05, "incidence": 0.8741935483870966, "pValue": 0.28534022591102615, "interpretation": "not statistically significant (p = 0.285), small effect size (d=-0.46)"}, {"cityName": "Kassel", "timestamp": "2025-07", "value": 3.163649428946277e-05, "incidence": 0.7903225806451613, "pValue": 0.16597920225143148, "interpretation": "not statistically significant (p = 0.166), medium effect size (d=-0.68)"}, {"cityName": "Koblenz", "timestamp": "2025-07", "value": 5.054130128377842e-05, "incidence": 1.0548387096774192, "pValue": 0.7351205975586943, "interpretation": "not statistically significant (p = 0.735), negligible effect size (d=-0.14)"}, {"cityName": "Trier", "timestamp": "2025-07", "value": 3.588402760215104e-05, "incidence": 1.190322580645161, "pValue": 0.8038710870368413, "interpretation": "not statistically significant (p = 0.804), negligible effect size (d=-0.11)"}, {"cityName": "Kaiserslautern", "timestamp": "2025-07", "value": 2.7669002660191975e-05, "incidence": 0.9032258064516129, "pValue": 0.013725375051106273, "interpretation": "significant (p = 0.014), large effect size (d=-1.03)"}, {"cityName": "Ludwigshafen am Rhein", "timestamp": "2025-07", "value": 5.399493966251612e-05, "incidence": 0.5645161290322581, "pValue": 0.03485620627033019, "interpretation": "significant (p = 0.035), large effect size (d=-0.90)"}, {"cityName": "Mainz", "timestamp": "2025-07", "value": 4.774805347551592e-05, "incidence": 1.2741935483870965, "pValue": 0.012512977963039164, "interpretation": "significant (p = 0.013), large effect size (d=-0.96)"}, {"cityName": "Stuttgart", "timestamp": "2025-07", "value": 4.108135019325548e-05, "incidence": 0.30322580645161296, "pValue": 0.199859536037452, "interpretation": "not statistically significant (p = 0.200), medium effect size (d=-0.62)"}, {"cityName": "Heilbronn", "timestamp": "2025-07", "value": 3.5582155558384126e-05, "incidence": 0.3870967741935483, "pValue": 0.146447567387151, "interpretation": "not statistically significant (p = 0.146), medium effect size (d=-0.72)"}, {"cityName": "Karlsruhe", "timestamp": "2025-07", "value": 4.172425639505188e-05, "incidence": 0.5193548387096774, "pValue": 0.787713913689694, "interpretation": "not statistically significant (p = 0.788), negligible effect size (d=-0.10)"}, {"cityName": "Heidelberg", "timestamp": "2025-07", "value": 4.25153320018006e-05, "incidence": 0.9096774193548388, "pValue": 0.04452990656724913, "interpretation": "significant (p = 0.045), large effect size (d=-0.84)"}, {"cityName": "Mannheim", "timestamp": "2025-07", "value": 5.744543857872486e-05, "incidence": 0.34838709677419355, "pValue": 0.01280644601420261, "interpretation": "significant (p = 0.013), large effect size (d=-1.08)"}, {"cityName": "Pforzheim", "timestamp": "2025-07", "value": 3.1516292235917514e-05, "incidence": 0.12903225806451613, "pValue": 0.29440275436102264, "interpretation": "not statistically significant (p = 0.294), small effect size (d=-0.48)"}, {"cityName": "Freiburg im Breisgau", "timestamp": "2025-07", "value": 2.9201455483282053e-05, "incidence": 0.8903225806451613, "pValue": 0.7060035257564594, "interpretation": "not statistically significant (p = 0.706), negligible effect size (d=-0.14)"}, {"cityName": "Reutlingen", "timestamp": "2025-07", "value": 3.0135268389130943e-05, "incidence": 0.7387096774193548, "pValue": 0.02575515989487733, "interpretation": "significant (p = 0.026), large effect size (d=-1.12)"}, {"cityName": "Ulm", "timestamp": "2025-07", "value": 2.7847010642290115e-05, "incidence": 1.390322580645161, "pValue": 0.00377717427790716, "interpretation": "very significant (p < 0.01), large effect size (d=-1.85)"}, {"cityName": "Ingolstadt", "timestamp": "2025-07", "value": 3.296911017969251e-05, "incidence": 0.6774193548387094, "pValue": 0.9704429953916294, "interpretation": "not statistically significant (p = 0.970), negligible effect size (d=0.02)"}, {"cityName": "M\u00fcnchen", "timestamp": "2025-07", "value": 3.519357414916158e-05, "incidence": 1.4193548387096775, "pValue": 0.0586605670571271, "interpretation": "not statistically significant (p = 0.059), large effect size (d=-1.01)"}, {"cityName": "Regensburg", "timestamp": "2025-07", "value": 3.3725743802885216e-05, "incidence": 0.7451612903225809, "pValue": 0.5378208770612167, "interpretation": "not statistically significant (p = 0.538), small effect size (d=-0.32)"}, {"cityName": "Erlangen", "timestamp": "2025-07", "value": 3.402113673343722e-05, "incidence": 1.4161290322580644, "pValue": 0.5703256966205241, "interpretation": "not statistically significant (p = 0.570), small effect size (d=-0.32)"}, {"cityName": "F\u00fcrth", "timestamp": "2025-07", "value": 3.803425934165716e-05, "incidence": 0.025806451612903226, "pValue": 0.7152252944525908, "interpretation": "not statistically significant (p = 0.715), negligible effect size (d=-0.19)"}, {"cityName": "N\u00fcrnberg", "timestamp": "2025-07", "value": 3.507135393605991e-05, "incidence": 0.6193548387096774, "pValue": 0.10154562585528121, "interpretation": "not statistically significant (p = 0.102), medium effect size (d=-0.80)"}, {"cityName": "W\u00fcrzburg", "timestamp": "2025-07", "value": 3.5672521335072815e-05, "incidence": 0.3612903225806452, "pValue": 0.4045096044084616, "interpretation": "not statistically significant (p = 0.405), small effect size (d=-0.37)"}, {"cityName": "Augsburg", "timestamp": "2025-07", "value": 2.9337202879385306e-05, "incidence": 0.7193548387096774, "pValue": 0.02966600679842605, "interpretation": "significant (p = 0.030), large effect size (d=-1.13)"}, {"cityName": "Saarbr\u00fccken", "timestamp": "2025-07", "value": 3.501272682721416e-05, "incidence": 0.9096774193548386, "pValue": 0.3483971090678204, "interpretation": "not statistically significant (p = 0.348), small effect size (d=-0.33)"}, {"cityName": "Berlin", "timestamp": "2025-07", "value": 3.704188459711831e-05, "incidence": 0.0, "pValue": 0.19635585477921408, "interpretation": "not statistically significant (p = 0.196), medium effect size (d=-0.51)"}, {"cityName": "Cottbus", "timestamp": "2025-07", "value": 3.291219651985627e-05, "incidence": 0.45161290322580644, "pValue": 0.12124001884437816, "interpretation": "not statistically significant (p = 0.121), large effect size (d=-0.85)"}, {"cityName": "Potsdam", "timestamp": "2025-07", "value": 2.9523932265446466e-05, "incidence": 1.145161290322581, "pValue": 0.5309417337544524, "interpretation": "not statistically significant (p = 0.531), small effect size (d=-0.30)"}, {"cityName": "Rostock", "timestamp": "2025-07", "value": 2.8252190642171737e-05, "incidence": 1.6064516129032256, "pValue": 0.36367157426207164, "interpretation": "not statistically significant (p = 0.364), small effect size (d=-0.35)"}, {"cityName": "Chemnitz", "timestamp": "2025-07", "value": 3.0143802599390834e-05, "incidence": 1.4193548387096773, "pValue": 0.10412564749554484, "interpretation": "not statistically significant (p = 0.104), large effect size (d=-0.92)"}, {"cityName": "Dresden", "timestamp": "2025-07", "value": 3.716651011597027e-05, "incidence": 0.8451612903225805, "pValue": 0.27172561304787535, "interpretation": "not statistically significant (p = 0.272), medium effect size (d=-0.54)"}, {"cityName": "Leipzig", "timestamp": "2025-07", "value": 3.328554414431839e-05, "incidence": 1.8999999999999995, "pValue": 0.0021138207863423903, "interpretation": "very significant (p < 0.01), large effect size (d=-1.55)"}, {"cityName": "Halle (Saale)", "timestamp": "2025-07", "value": 3.138493533090999e-05, "incidence": 1.8354838709677421, "pValue": 0.05095660323108723, "interpretation": "not statistically significant (p = 0.051), large effect size (d=-0.92)"}, {"cityName": "Magdeburg", "timestamp": "2025-07", "value": 3.302129794304308e-05, "incidence": 1.7999999999999994, "pValue": 0.5293126490897997, "interpretation": "not statistically significant (p = 0.529), small effect size (d=-0.26)"}, {"cityName": "Erfurt", "timestamp": "2025-07", "value": 2.7759773458572143e-05, "incidence": 0.9612903225806451, "pValue": 0.06049488097593037, "interpretation": "not statistically significant (p = 0.060), large effect size (d=-0.90)"}, {"cityName": "Jena", "timestamp": "2025-07", "value": 3.097973401761717e-05, "incidence": 0.7838709677419353, "pValue": 0.9190571308494881, "interpretation": "not statistically significant (p = 0.919), negligible effect size (d=0.06)"}]