[{"cityName": "Kiel", "timestamp": "2025-02", "value": 5.865430215462333e-05, "incidence": 3.6, "pValue": 0.7200699974945435, "interpretation": "not statistically significant (p = 0.720), negligible effect size (d=-0.14)"}, {"cityName": "L\u00fcbeck", "timestamp": "2025-02", "value": 5.932418733007378e-05, "incidence": 4.142857142857143, "pValue": 0.058913960635475666, "interpretation": "not statistically significant (p = 0.059), medium effect size (d=-0.75)"}, {"cityName": "Hamburg", "timestamp": "2025-02", "value": 7.552693563478964e-05, "incidence": 2.9107142857142856, "pValue": 0.266105794892345, "interpretation": "not statistically significant (p = 0.266), small effect size (d=-0.38)"}, {"cityName": "Braunschweig", "timestamp": "2025-02", "value": 7.334708318333415e-05, "incidence": 1.8714285714285717, "pValue": 0.4928040399518896, "interpretation": "not statistically significant (p = 0.493), small effect size (d=-0.27)"}, {"cityName": "Salzgitter", "timestamp": "2025-02", "value": 6.714117480441928e-05, "incidence": 2.5321428571428575, "pValue": 0.3091115696396207, "interpretation": "not statistically significant (p = 0.309), small effect size (d=-0.39)"}, {"cityName": "Wolfsburg", "timestamp": "2025-02", "value": 8.172946246831041e-05, "incidence": 0.9428571428571431, "pValue": 0.21214045933336603, "interpretation": "not statistically significant (p = 0.212), medium effect size (d=-0.52)"}, {"cityName": "G\u00f6ttingen", "timestamp": "2025-02", "value": 6.241648502293087e-05, "incidence": 3.339285714285714, "pValue": 0.03821481241642299, "interpretation": "significant (p = 0.038), large effect size (d=-0.84)"}, {"cityName": "Hannover", "timestamp": "2025-02", "value": 8.571627059657323e-05, "incidence": 2.8035714285714284, "pValue": 0.3750532833051069, "interpretation": "not statistically significant (p = 0.375), small effect size (d=-0.32)"}, {"cityName": "Hildesheim", "timestamp": "2025-02", "value": 6.802784114637795e-05, "incidence": 1.2321428571428572, "pValue": 0.6272788868592913, "interpretation": "not statistically significant (p = 0.627), negligible effect size (d=-0.18)"}, {"cityName": "Oldenburg (Oldb)", "timestamp": "2025-02", "value": 7.109869620762766e-05, "incidence": 1.9214285714285715, "pValue": 0.09549010180594905, "interpretation": "not statistically significant (p = 0.095), medium effect size (d=-0.72)"}, {"cityName": "Osnabr\u00fcck", "timestamp": "2025-02", "value": 9.215301410718398e-05, "incidence": 1.1142857142857143, "pValue": 0.7025081374058018, "interpretation": "not statistically significant (p = 0.703), negligible effect size (d=-0.16)"}, {"cityName": "Bremen", "timestamp": "2025-02", "value": 6.956993373202496e-05, "incidence": 2.4464285714285707, "pValue": 0.10141784843419686, "interpretation": "not statistically significant (p = 0.101), medium effect size (d=-0.58)"}, {"cityName": "Bremerhaven", "timestamp": "2025-02", "value": 7.192428789234587e-05, "incidence": 0.42857142857142855, "pValue": 0.2516730885352888, "interpretation": "not statistically significant (p = 0.252), small effect size (d=-0.47)"}, {"cityName": "D\u00fcsseldorf", "timestamp": "2025-02", "value": 0.00012696586640142813, "incidence": 3.082142857142858, "pValue": 0.12867230758144507, "interpretation": "not statistically significant (p = 0.129), medium effect size (d=-0.60)"}, {"cityName": "Duisburg", "timestamp": "2025-02", "value": 0.00017363864641923172, "incidence": 6.939285714285714, "pValue": 0.426842738113698, "interpretation": "not statistically significant (p = 0.427), small effect size (d=-0.32)"}, {"cityName": "Essen", "timestamp": "2025-02", "value": 0.00011450244495883967, "incidence": 2.5749999999999997, "pValue": 0.08284216873016018, "interpretation": "not statistically significant (p = 0.083), medium effect size (d=-0.70)"}, {"cityName": "Krefeld", "timestamp": "2025-02", "value": 0.0001538118992287379, "incidence": 3.0857142857142854, "pValue": 0.6203187639750953, "interpretation": "not statistically significant (p = 0.620), small effect size (d=-0.21)"}, {"cityName": "M\u00f6nchengladbach", "timestamp": "2025-02", "value": 0.00012674663569135913, "incidence": 1.3821428571428573, "pValue": 0.8307256881636012, "interpretation": "not statistically significant (p = 0.831), negligible effect size (d=-0.08)"}, {"cityName": "M\u00fclheim an der Ruhr", "timestamp": "2025-02", "value": 0.00012157421507355239, "incidence": 3.025, "pValue": 0.07723233992737927, "interpretation": "not statistically significant (p = 0.077), medium effect size (d=-0.73)"}, {"cityName": "Oberhausen", "timestamp": "2025-02", "value": 0.0001672833369901547, "incidence": 1.6428571428571426, "pValue": 0.2193293730477769, "interpretation": "not statistically significant (p = 0.219), medium effect size (d=-0.55)"}, {"cityName": "Remscheid", "timestamp": "2025-02", "value": 7.085213437676429e-05, "incidence": 2.025, "pValue": 0.032116249570000595, "interpretation": "significant (p = 0.032), large effect size (d=-0.98)"}, {"cityName": "Solingen", "timestamp": "2025-02", "value": 8.298286411445588e-05, "incidence": 1.05, "pValue": 0.024114867635563877, "interpretation": "significant (p = 0.024), large effect size (d=-0.99)"}, {"cityName": "Wuppertal", "timestamp": "2025-02", "value": 8.390143651653218e-05, "incidence": 3.639285714285714, "pValue": 0.018300543813367914, "interpretation": "significant (p = 0.018), large effect size (d=-1.06)"}, {"cityName": "Neuss", "timestamp": "2025-02", "value": 0.00013064005179330707, "incidence": 2.878571428571429, "pValue": 0.4376140510785276, "interpretation": "not statistically significant (p = 0.438), small effect size (d=-0.33)"}, {"cityName": "Moers", "timestamp": "2025-02", "value": 0.00018547275768859045, "incidence": 1.557142857142857, "pValue": 0.9392050480532631, "interpretation": "not statistically significant (p = 0.939), negligible effect size (d=0.03)"}, {"cityName": "Bonn", "timestamp": "2025-02", "value": 9.447482245212251e-05, "incidence": 1.5107142857142861, "pValue": 0.6213638085455861, "interpretation": "not statistically significant (p = 0.621), negligible effect size (d=-0.19)"}, {"cityName": "K\u00f6ln", "timestamp": "2025-02", "value": 0.0001097499496406979, "incidence": 2.153571428571429, "pValue": 0.11721159074049314, "interpretation": "not statistically significant (p = 0.117), medium effect size (d=-0.55)"}, {"cityName": "Leverkusen", "timestamp": "2025-02", "value": 0.00010393050615675747, "incidence": 1.907142857142857, "pValue": 0.08465510212217599, "interpretation": "not statistically significant (p = 0.085), medium effect size (d=-0.69)"}, {"cityName": "Aachen", "timestamp": "2025-02", "value": 7.977338250854919e-05, "incidence": 1.7357142857142855, "pValue": 0.4947648846756356, "interpretation": "not statistically significant (p = 0.495), small effect size (d=-0.26)"}, {"cityName": "Bergisch Gladbach", "timestamp": "2025-02", "value": 8.008589169808797e-05, "incidence": 1.8071428571428574, "pValue": 0.12052231935077183, "interpretation": "not statistically significant (p = 0.121), medium effect size (d=-0.67)"}, {"cityName": "Bottrop", "timestamp": "2025-02", "value": 0.00014886065550586756, "incidence": 6.875, "pValue": 0.10834693989201849, "interpretation": "not statistically significant (p = 0.108), medium effect size (d=-0.69)"}, {"cityName": "Gelsenkirchen", "timestamp": "2025-02", "value": 0.00013158704592462848, "incidence": 4.057142857142858, "pValue": 0.0976072226632331, "interpretation": "not statistically significant (p = 0.098), medium effect size (d=-0.70)"}, {"cityName": "M\u00fcnster", "timestamp": "2025-02", "value": 8.990525741849029e-05, "incidence": 2.2642857142857142, "pValue": 0.14446889380848793, "interpretation": "not statistically significant (p = 0.144), medium effect size (d=-0.55)"}, {"cityName": "Recklinghausen", "timestamp": "2025-02", "value": 0.00012392625033568876, "incidence": 4.375000000000001, "pValue": 0.08963656933842132, "interpretation": "not statistically significant (p = 0.090), medium effect size (d=-0.77)"}, {"cityName": "Bielefeld", "timestamp": "2025-02", "value": 7.796154629128675e-05, "incidence": 2.7214285714285715, "pValue": 0.36540289010896454, "interpretation": "not statistically significant (p = 0.365), small effect size (d=-0.36)"}, {"cityName": "G\u00fctersloh", "timestamp": "2025-02", "value": 7.946034893393516e-05, "incidence": 1.067857142857143, "pValue": 0.2398029863131308, "interpretation": "not statistically significant (p = 0.240), small effect size (d=-0.47)"}, {"cityName": "Paderborn", "timestamp": "2025-02", "value": 7.062569080341247e-05, "incidence": 0.9214285714285716, "pValue": 0.1833121274068089, "interpretation": "not statistically significant (p = 0.183), medium effect size (d=-0.55)"}, {"cityName": "Bochum", "timestamp": "2025-02", "value": 0.00011436394803846876, "incidence": 3.1571428571428575, "pValue": 0.189944630700169, "interpretation": "not statistically significant (p = 0.190), medium effect size (d=-0.58)"}, {"cityName": "Dortmund", "timestamp": "2025-02", "value": 9.935086264329798e-05, "incidence": 1.7428571428571427, "pValue": 0.0727144161834194, "interpretation": "not statistically significant (p = 0.073), medium effect size (d=-0.71)"}, {"cityName": "Hagen", "timestamp": "2025-02", "value": 7.748100424891915e-05, "incidence": 4.096428571428572, "pValue": 0.021085368966163243, "interpretation": "significant (p = 0.021), large effect size (d=-0.88)"}, {"cityName": "Hamm", "timestamp": "2025-02", "value": 8.454742575330394e-05, "incidence": 1.7214285714285715, "pValue": 0.14198458363233205, "interpretation": "not statistically significant (p = 0.142), medium effect size (d=-0.56)"}, {"cityName": "Herne", "timestamp": "2025-02", "value": 0.00011909200111404061, "incidence": 1.8142857142857138, "pValue": 0.08645106372399154, "interpretation": "not statistically significant (p = 0.086), medium effect size (d=-0.75)"}, {"cityName": "Siegen", "timestamp": "2025-02", "value": 6.531928665935993e-05, "incidence": 1.867857142857143, "pValue": 0.1086916128446568, "interpretation": "not statistically significant (p = 0.109), medium effect size (d=-0.69)"}, {"cityName": "Darmstadt", "timestamp": "2025-02", "value": 8.911318780685013e-05, "incidence": 1.0392857142857144, "pValue": 0.03584244311433472, "interpretation": "significant (p = 0.036), large effect size (d=-0.89)"}, {"cityName": "Frankfurt am Main", "timestamp": "2025-02", "value": 0.00011024955363774842, "incidence": 3.014285714285714, "pValue": 0.11763452770394162, "interpretation": "not statistically significant (p = 0.118), medium effect size (d=-0.65)"}, {"cityName": "Offenbach am Main", "timestamp": "2025-02", "value": 9.992224460637027e-05, "incidence": 2.0607142857142864, "pValue": 0.044499145456821244, "interpretation": "significant (p = 0.044), large effect size (d=-0.83)"}, {"cityName": "Wiesbaden", "timestamp": "2025-02", "value": 0.00011248618829995394, "incidence": 1.3642857142857143, "pValue": 0.147908956336782, "interpretation": "not statistically significant (p = 0.148), medium effect size (d=-0.62)"}, {"cityName": "Hanau", "timestamp": "2025-02", "value": 8.701638748439458e-05, "incidence": 2.439285714285714, "pValue": 0.1073560919401616, "interpretation": "not statistically significant (p = 0.107), medium effect size (d=-0.66)"}, {"cityName": "Kassel", "timestamp": "2025-02", "value": 6.389890849176381e-05, "incidence": 2.6178571428571438, "pValue": 0.08017212758535175, "interpretation": "not statistically significant (p = 0.080), medium effect size (d=-0.69)"}, {"cityName": "Koblenz", "timestamp": "2025-02", "value": 8.837180212140083e-05, "incidence": 2.3000000000000003, "pValue": 0.12139883675088134, "interpretation": "not statistically significant (p = 0.121), medium effect size (d=-0.64)"}, {"cityName": "Trier", "timestamp": "2025-02", "value": 7.797607686370611e-05, "incidence": 3.1285714285714286, "pValue": 0.33575061352623703, "interpretation": "not statistically significant (p = 0.336), small effect size (d=-0.39)"}, {"cityName": "Kaiserslautern", "timestamp": "2025-02", "value": 6.88046610985811e-05, "incidence": 4.2821428571428575, "pValue": 0.21805685059048585, "interpretation": "not statistically significant (p = 0.218), small effect size (d=-0.47)"}, {"cityName": "Ludwigshafen am Rhein", "timestamp": "2025-02", "value": 0.00011393746050695579, "incidence": 0.9464285714285717, "pValue": 0.13133575762151287, "interpretation": "not statistically significant (p = 0.131), medium effect size (d=-0.63)"}, {"cityName": "Mainz", "timestamp": "2025-02", "value": 0.00010814402776304632, "incidence": 2.1464285714285714, "pValue": 0.03411218934091439, "interpretation": "significant (p = 0.034), large effect size (d=-0.95)"}, {"cityName": "Stuttgart", "timestamp": "2025-02", "value": 0.00011935814594229062, "incidence": 1.3000000000000003, "pValue": 0.40362790637099577, "interpretation": "not statistically significant (p = 0.404), small effect size (d=0.29)"}, {"cityName": "Heilbronn", "timestamp": "2025-02", "value": 9.493924315190977e-05, "incidence": 1.8642857142857139, "pValue": 0.4103696049405313, "interpretation": "not statistically significant (p = 0.410), small effect size (d=-0.30)"}, {"cityName": "Karlsruhe", "timestamp": "2025-02", "value": 0.00010424492259820302, "incidence": 1.5321428571428573, "pValue": 0.3193819834538142, "interpretation": "not statistically significant (p = 0.319), small effect size (d=-0.36)"}, {"cityName": "Heidelberg", "timestamp": "2025-02", "value": 8.466774842848903e-05, "incidence": 0.4499999999999999, "pValue": 0.03465353473352306, "interpretation": "significant (p = 0.035), large effect size (d=-0.92)"}, {"cityName": "Mannheim", "timestamp": "2025-02", "value": 9.704291820526122e-05, "incidence": 3.321428571428572, "pValue": 0.024163753514151228, "interpretation": "significant (p = 0.024), large effect size (d=-0.89)"}, {"cityName": "Pforzheim", "timestamp": "2025-02", "value": 8.436245197016332e-05, "incidence": 0.9357142857142859, "pValue": 0.14670647991164332, "interpretation": "not statistically significant (p = 0.147), medium effect size (d=-0.58)"}, {"cityName": "Freiburg im Breisgau", "timestamp": "2025-02", "value": 6.506084981891845e-05, "incidence": 1.4000000000000001, "pValue": 0.07607684871159234, "interpretation": "not statistically significant (p = 0.076), medium effect size (d=-0.64)"}, {"cityName": "Reutlingen", "timestamp": "2025-02", "value": 8.171792433131486e-05, "incidence": 2.1321428571428576, "pValue": 0.5282162791749063, "interpretation": "not statistically significant (p = 0.528), small effect size (d=-0.25)"}, {"cityName": "Ulm", "timestamp": "2025-02", "value": 9.240770075274141e-05, "incidence": 3.7107142857142854, "pValue": 0.591151678224807, "interpretation": "not statistically significant (p = 0.591), small effect size (d=0.21)"}, {"cityName": "Ingolstadt", "timestamp": "2025-02", "value": 7.478581877270092e-05, "incidence": 1.375, "pValue": 0.4191658906535961, "interpretation": "not statistically significant (p = 0.419), small effect size (d=-0.30)"}, {"cityName": "M\u00fcnchen", "timestamp": "2025-02", "value": 9.488092305568549e-05, "incidence": 2.1464285714285714, "pValue": 0.5459544308324704, "interpretation": "not statistically significant (p = 0.546), small effect size (d=-0.23)"}, {"cityName": "Regensburg", "timestamp": "2025-02", "value": 5.730549649645885e-05, "incidence": 3.075, "pValue": 0.011971495054829365, "interpretation": "significant (p = 0.012), large effect size (d=-1.11)"}, {"cityName": "Erlangen", "timestamp": "2025-02", "value": 6.653841202413397e-05, "incidence": 2.875, "pValue": 0.06300698105312166, "interpretation": "not statistically significant (p = 0.063), medium effect size (d=-0.79)"}, {"cityName": "F\u00fcrth", "timestamp": "2025-02", "value": 7.904005469754339e-05, "incidence": 4.310714285714285, "pValue": 0.24381545250773348, "interpretation": "not statistically significant (p = 0.244), small effect size (d=-0.50)"}, {"cityName": "N\u00fcrnberg", "timestamp": "2025-02", "value": 7.099761260729848e-05, "incidence": 2.6464285714285714, "pValue": 0.10551740736037263, "interpretation": "not statistically significant (p = 0.106), medium effect size (d=-0.63)"}, {"cityName": "W\u00fcrzburg", "timestamp": "2025-02", "value": 7.193048077169806e-05, "incidence": 1.982142857142857, "pValue": 0.023811894140486605, "interpretation": "significant (p = 0.024), large effect size (d=-0.97)"}, {"cityName": "Augsburg", "timestamp": "2025-02", "value": 8.196630873359166e-05, "incidence": 1.6071428571428574, "pValue": 0.8027723320369456, "interpretation": "not statistically significant (p = 0.803), negligible effect size (d=-0.10)"}, {"cityName": "Saarbr\u00fccken", "timestamp": "2025-02", "value": 5.915586370974779e-05, "incidence": 2.335714285714286, "pValue": 0.1312203864474342, "interpretation": "not statistically significant (p = 0.131), medium effect size (d=-0.65)"}, {"cityName": "Berlin", "timestamp": "2025-02", "value": 8.807505662666588e-05, "incidence": 0.0, "pValue": 0.22846565212866704, "interpretation": "not statistically significant (p = 0.228), small effect size (d=-0.43)"}, {"cityName": "Cottbus", "timestamp": "2025-02", "value": 9.704404510557652e-05, "incidence": 5.535714285714286, "pValue": 0.3521386846816418, "interpretation": "not statistically significant (p = 0.352), small effect size (d=0.44)"}, {"cityName": "Potsdam", "timestamp": "2025-02", "value": 7.460984017919091e-05, "incidence": 3.9750000000000005, "pValue": 0.7238241313686267, "interpretation": "not statistically significant (p = 0.724), negligible effect size (d=0.13)"}, {"cityName": "Rostock", "timestamp": "2025-02", "value": 5.9055235011107996e-05, "incidence": 2.9464285714285716, "pValue": 0.7941719378587062, "interpretation": "not statistically significant (p = 0.794), negligible effect size (d=0.10)"}, {"cityName": "Chemnitz", "timestamp": "2025-02", "value": 6.141975272174289e-05, "incidence": 3.971428571428571, "pValue": 0.7292225318873126, "interpretation": "not statistically significant (p = 0.729), negligible effect size (d=-0.14)"}, {"cityName": "Dresden", "timestamp": "2025-02", "value": 8.427342399954795e-05, "incidence": 5.221428571428571, "pValue": 0.5204291102730779, "interpretation": "not statistically significant (p = 0.520), small effect size (d=-0.26)"}, {"cityName": "Leipzig", "timestamp": "2025-02", "value": 8.750445775541605e-05, "incidence": 5.364285714285714, "pValue": 0.45428394778253345, "interpretation": "not statistically significant (p = 0.454), small effect size (d=-0.26)"}, {"cityName": "Halle (Saale)", "timestamp": "2025-02", "value": 8.253035290787618e-05, "incidence": 6.828571428571429, "pValue": 0.642869632572439, "interpretation": "not statistically significant (p = 0.643), small effect size (d=0.21)"}, {"cityName": "Magdeburg", "timestamp": "2025-02", "value": 7.379341159800166e-05, "incidence": 4.892857142857143, "pValue": 0.8039796487429249, "interpretation": "not statistically significant (p = 0.804), negligible effect size (d=-0.09)"}, {"cityName": "Erfurt", "timestamp": "2025-02", "value": 5.6387509833625025e-05, "incidence": 2.196428571428571, "pValue": 0.14402019838421082, "interpretation": "not statistically significant (p = 0.144), medium effect size (d=-0.52)"}, {"cityName": "Jena", "timestamp": "2025-02", "value": 6.626450663639439e-05, "incidence": 4.178571428571429, "pValue": 0.89847965635665, "interpretation": "not statistically significant (p = 0.898), negligible effect size (d=0.05)"}]