[{"cityName": "Kiel", "timestamp": "2023-10", "value": 3.837364714681393e-05, "incidence": 12.787096774193547, "pValue": 0.4705626885161872, "interpretation": "not statistically significant (p = 0.471), small effect size (d=-0.35)"}, {"cityName": "L\u00fcbeck", "timestamp": "2023-10", "value": 3.838134256915914e-05, "incidence": 13.087096774193549, "pValue": 0.02306781471298834, "interpretation": "significant (p = 0.023), large effect size (d=-1.13)"}, {"cityName": "Hamburg", "timestamp": "2023-10", "value": 5.555263616972499e-05, "incidence": 13.035483870967745, "pValue": 0.04140117187643952, "interpretation": "significant (p = 0.041), large effect size (d=-0.89)"}, {"cityName": "Braunschweig", "timestamp": "2023-10", "value": 5.745196112376802e-05, "incidence": 11.925806451612905, "pValue": 0.38045955138827936, "interpretation": "not statistically significant (p = 0.380), small effect size (d=-0.39)"}, {"cityName": "Salzgitter", "timestamp": "2023-10", "value": 4.719592398032546e-05, "incidence": 12.254838709677422, "pValue": 0.004396908836866995, "interpretation": "very significant (p < 0.01), large effect size (d=-1.37)"}, {"cityName": "Wolfsburg", "timestamp": "2023-10", "value": 5.736961152012411e-05, "incidence": 9.574193548387097, "pValue": 0.12350801012177803, "interpretation": "not statistically significant (p = 0.124), medium effect size (d=-0.74)"}, {"cityName": "G\u00f6ttingen", "timestamp": "2023-10", "value": 4.566897682490803e-05, "incidence": 16.429032258064517, "pValue": 0.07759811193571464, "interpretation": "not statistically significant (p = 0.078), large effect size (d=-0.82)"}, {"cityName": "Hannover", "timestamp": "2023-10", "value": 5.54570241978294e-05, "incidence": 16.419354838709676, "pValue": 0.06672761207238298, "interpretation": "not statistically significant (p = 0.067), large effect size (d=-0.81)"}, {"cityName": "Hildesheim", "timestamp": "2023-10", "value": 4.21941650154836e-05, "incidence": 9.835483870967742, "pValue": 0.00457886045847412, "interpretation": "very significant (p < 0.01), large effect size (d=-1.36)"}, {"cityName": "Oldenburg (Oldb)", "timestamp": "2023-10", "value": 5.260721081867814e-05, "incidence": 9.248387096774193, "pValue": 0.0848536116517283, "interpretation": "not statistically significant (p = 0.085), large effect size (d=-0.83)"}, {"cityName": "Osnabr\u00fcck", "timestamp": "2023-10", "value": 5.706200714815747e-05, "incidence": 12.306451612903226, "pValue": 0.06481122327499252, "interpretation": "not statistically significant (p = 0.065), large effect size (d=-1.01)"}, {"cityName": "Bremen", "timestamp": "2023-10", "value": 5.3303942206453105e-05, "incidence": 9.361290322580645, "pValue": 0.02137612766698184, "interpretation": "significant (p = 0.021), large effect size (d=-0.91)"}, {"cityName": "Bremerhaven", "timestamp": "2023-10", "value": 4.7403179840849976e-05, "incidence": 7.132258064516129, "pValue": 0.06957816920546794, "interpretation": "not statistically significant (p = 0.070), large effect size (d=-0.84)"}, {"cityName": "D\u00fcsseldorf", "timestamp": "2023-10", "value": 7.64912039768405e-05, "incidence": 10.948387096774196, "pValue": 0.06185769707110973, "interpretation": "not statistically significant (p = 0.062), medium effect size (d=-0.76)"}, {"cityName": "Duisburg", "timestamp": "2023-10", "value": 7.790337818173262e-05, "incidence": 10.706451612903226, "pValue": 0.00923476581206354, "interpretation": "very significant (p < 0.01), large effect size (d=-1.15)"}, {"cityName": "Essen", "timestamp": "2023-10", "value": 8.359260689944793e-05, "incidence": 13.025806451612903, "pValue": 0.010300341387565902, "interpretation": "significant (p = 0.010), large effect size (d=-1.21)"}, {"cityName": "Krefeld", "timestamp": "2023-10", "value": 6.521366930638369e-05, "incidence": 13.670967741935486, "pValue": 0.011403662407818156, "interpretation": "significant (p = 0.011), large effect size (d=-1.08)"}, {"cityName": "M\u00f6nchengladbach", "timestamp": "2023-10", "value": 6.249406503449227e-05, "incidence": 8.396774193548385, "pValue": 0.05932747326133778, "interpretation": "not statistically significant (p = 0.059), medium effect size (d=-0.76)"}, {"cityName": "M\u00fclheim an der Ruhr", "timestamp": "2023-10", "value": 8.034738453312052e-05, "incidence": 24.16774193548387, "pValue": 0.03911447369259365, "interpretation": "significant (p = 0.039), large effect size (d=-1.00)"}, {"cityName": "Oberhausen", "timestamp": "2023-10", "value": 9.845922557780376e-05, "incidence": 15.545161290322582, "pValue": 0.030735913592270493, "interpretation": "significant (p = 0.031), large effect size (d=-1.20)"}, {"cityName": "Remscheid", "timestamp": "2023-10", "value": 6.692792133738597e-05, "incidence": 12.803225806451614, "pValue": 0.503078683694234, "interpretation": "not statistically significant (p = 0.503), small effect size (d=-0.34)"}, {"cityName": "Solingen", "timestamp": "2023-10", "value": 7.773249672027305e-05, "incidence": 12.9516129032258, "pValue": 0.4248540596346241, "interpretation": "not statistically significant (p = 0.425), small effect size (d=-0.36)"}, {"cityName": "Wuppertal", "timestamp": "2023-10", "value": 6.97025270373733e-05, "incidence": 12.11290322580645, "pValue": 0.25362370691659464, "interpretation": "not statistically significant (p = 0.254), medium effect size (d=-0.55)"}, {"cityName": "Neuss", "timestamp": "2023-10", "value": 7.593929331051186e-05, "incidence": 11.538709677419357, "pValue": 0.024935829369596388, "interpretation": "significant (p = 0.025), large effect size (d=-0.92)"}, {"cityName": "Moers", "timestamp": "2023-10", "value": 7.120870785521609e-05, "incidence": 7.699999999999999, "pValue": 0.00767435271147328, "interpretation": "very significant (p < 0.01), large effect size (d=-1.23)"}, {"cityName": "Bonn", "timestamp": "2023-10", "value": 6.029099776324901e-05, "incidence": 7.47741935483871, "pValue": 0.10982583049889842, "interpretation": "not statistically significant (p = 0.110), medium effect size (d=-0.73)"}, {"cityName": "K\u00f6ln", "timestamp": "2023-10", "value": 7.375066504917211e-05, "incidence": 11.151612903225805, "pValue": 0.1549981143556764, "interpretation": "not statistically significant (p = 0.155), medium effect size (d=-0.56)"}, {"cityName": "Leverkusen", "timestamp": "2023-10", "value": 8.301054670785864e-05, "incidence": 22.483870967741932, "pValue": 0.40582861311002427, "interpretation": "not statistically significant (p = 0.406), small effect size (d=-0.40)"}, {"cityName": "Aachen", "timestamp": "2023-10", "value": 4.563075570582316e-05, "incidence": 11.064516129032258, "pValue": 0.03878541435154433, "interpretation": "significant (p = 0.039), large effect size (d=-1.00)"}, {"cityName": "Bergisch Gladbach", "timestamp": "2023-10", "value": 6.898075974147235e-05, "incidence": 5.425806451612902, "pValue": 0.317822851016721, "interpretation": "not statistically significant (p = 0.318), small effect size (d=-0.46)"}, {"cityName": "Bottrop", "timestamp": "2023-10", "value": 8.47061986432356e-05, "incidence": 18.051612903225806, "pValue": 0.04981293923385765, "interpretation": "significant (p = 0.050), large effect size (d=-1.01)"}, {"cityName": "Gelsenkirchen", "timestamp": "2023-10", "value": 8.574736934593496e-05, "incidence": 8.358064516129033, "pValue": 0.049625722404875255, "interpretation": "significant (p = 0.050), large effect size (d=-0.92)"}, {"cityName": "M\u00fcnster", "timestamp": "2023-10", "value": 7.032275428636032e-05, "incidence": 8.04516129032258, "pValue": 0.03847669709124495, "interpretation": "significant (p = 0.038), large effect size (d=-0.86)"}, {"cityName": "Recklinghausen", "timestamp": "2023-10", "value": 9.4255253386039e-05, "incidence": 12.493548387096771, "pValue": 0.05425354769133298, "interpretation": "not statistically significant (p = 0.054), large effect size (d=-0.90)"}, {"cityName": "Bielefeld", "timestamp": "2023-10", "value": 5.477597975792984e-05, "incidence": 15.04838709677419, "pValue": 0.03064755508108287, "interpretation": "significant (p = 0.031), large effect size (d=-0.92)"}, {"cityName": "G\u00fctersloh", "timestamp": "2023-10", "value": 6.38045952655375e-05, "incidence": 8.174193548387096, "pValue": 0.0923963187880056, "interpretation": "not statistically significant (p = 0.092), medium effect size (d=-0.75)"}, {"cityName": "Paderborn", "timestamp": "2023-10", "value": 5.39066968485713e-05, "incidence": 8.438709677419354, "pValue": 0.10170511763752087, "interpretation": "not statistically significant (p = 0.102), medium effect size (d=-0.73)"}, {"cityName": "Bochum", "timestamp": "2023-10", "value": 8.350075222551823e-05, "incidence": 15.616129032258062, "pValue": 0.0315959339635687, "interpretation": "significant (p = 0.032), large effect size (d=-1.08)"}, {"cityName": "Dortmund", "timestamp": "2023-10", "value": 7.437213835324727e-05, "incidence": 9.812903225806451, "pValue": 0.007321438697078098, "interpretation": "very significant (p < 0.01), large effect size (d=-1.22)"}, {"cityName": "Hagen", "timestamp": "2023-10", "value": 6.008405912795971e-05, "incidence": 12.916129032258064, "pValue": 0.10412974987550827, "interpretation": "not statistically significant (p = 0.104), medium effect size (d=-0.69)"}, {"cityName": "Hamm", "timestamp": "2023-10", "value": 6.406304116050403e-05, "incidence": 9.425806451612903, "pValue": 0.037992424812886234, "interpretation": "significant (p = 0.038), large effect size (d=-0.88)"}, {"cityName": "Herne", "timestamp": "2023-10", "value": 8.679489837959409e-05, "incidence": 13.638709677419353, "pValue": 0.007856935138621889, "interpretation": "very significant (p < 0.01), large effect size (d=-1.38)"}, {"cityName": "Siegen", "timestamp": "2023-10", "value": 5.390730802901089e-05, "incidence": 8.509677419354839, "pValue": 0.3138273586925078, "interpretation": "not statistically significant (p = 0.314), medium effect size (d=-0.59)"}, {"cityName": "Darmstadt", "timestamp": "2023-10", "value": 6.743055895309557e-05, "incidence": 10.993548387096777, "pValue": 0.3528781385549833, "interpretation": "not statistically significant (p = 0.353), small effect size (d=-0.44)"}, {"cityName": "Frankfurt am Main", "timestamp": "2023-10", "value": 9.146213150498542e-05, "incidence": 13.883870967741935, "pValue": 0.07797175388922403, "interpretation": "not statistically significant (p = 0.078), large effect size (d=-0.82)"}, {"cityName": "Offenbach am Main", "timestamp": "2023-10", "value": 7.984502537345344e-05, "incidence": 14.887096774193543, "pValue": 0.05963152937762062, "interpretation": "not statistically significant (p = 0.060), large effect size (d=-0.96)"}, {"cityName": "Wiesbaden", "timestamp": "2023-10", "value": 7.206740944335858e-05, "incidence": 11.932258064516132, "pValue": 0.2474320009167686, "interpretation": "not statistically significant (p = 0.247), medium effect size (d=-0.54)"}, {"cityName": "Hanau", "timestamp": "2023-10", "value": 7.742834993853018e-05, "incidence": 17.10645161290323, "pValue": 0.3980404178723491, "interpretation": "not statistically significant (p = 0.398), small effect size (d=-0.41)"}, {"cityName": "Kassel", "timestamp": "2023-10", "value": 4.966085543856025e-05, "incidence": 13.18709677419355, "pValue": 0.026327307537784596, "interpretation": "significant (p = 0.026), large effect size (d=-1.10)"}, {"cityName": "Koblenz", "timestamp": "2023-10", "value": 4.6076152809999054e-05, "incidence": 21.519354838709678, "pValue": 0.09495264964121129, "interpretation": "not statistically significant (p = 0.095), medium effect size (d=-0.73)"}, {"cityName": "Trier", "timestamp": "2023-10", "value": 5.0351861864328386e-05, "incidence": 19.780645161290327, "pValue": 0.8545399116831451, "interpretation": "not statistically significant (p = 0.855), negligible effect size (d=-0.08)"}, {"cityName": "Kaiserslautern", "timestamp": "2023-10", "value": 4.4197220211991895e-05, "incidence": 18.480645161290326, "pValue": 0.25658246095135917, "interpretation": "not statistically significant (p = 0.257), medium effect size (d=-0.55)"}, {"cityName": "Ludwigshafen am Rhein", "timestamp": "2023-10", "value": 6.752084300387651e-05, "incidence": 8.345161290322581, "pValue": 0.13809318145625477, "interpretation": "not statistically significant (p = 0.138), medium effect size (d=-0.77)"}, {"cityName": "Mainz", "timestamp": "2023-10", "value": 7.14190537109971e-05, "incidence": 18.870967741935484, "pValue": 0.06753042828855839, "interpretation": "not statistically significant (p = 0.068), large effect size (d=-0.84)"}, {"cityName": "Stuttgart", "timestamp": "2023-10", "value": 4.6374903629637425e-05, "incidence": 15.409677419354837, "pValue": 0.039797159542032966, "interpretation": "significant (p = 0.040), large effect size (d=-0.92)"}, {"cityName": "Heilbronn", "timestamp": "2023-10", "value": 4.730328348361784e-05, "incidence": 25.738709677419358, "pValue": 0.004131284816716558, "interpretation": "very significant (p < 0.01), large effect size (d=-1.48)"}, {"cityName": "Karlsruhe", "timestamp": "2023-10", "value": 4.638138149554531e-05, "incidence": 15.35806451612903, "pValue": 0.025470362149577444, "interpretation": "significant (p = 0.025), large effect size (d=-1.00)"}, {"cityName": "Heidelberg", "timestamp": "2023-10", "value": 5.002299593271393e-05, "incidence": 11.641935483870972, "pValue": 0.00295155443262192, "interpretation": "very significant (p < 0.01), large effect size (d=-1.59)"}, {"cityName": "Mannheim", "timestamp": "2023-10", "value": 6.526764482259751e-05, "incidence": 14.683870967741937, "pValue": 0.09058981260990379, "interpretation": "not statistically significant (p = 0.091), medium effect size (d=-0.78)"}, {"cityName": "Pforzheim", "timestamp": "2023-10", "value": 3.5867030318412515e-05, "incidence": 9.541935483870969, "pValue": 0.009034906761624387, "interpretation": "very significant (p < 0.01), large effect size (d=-1.31)"}, {"cityName": "Freiburg im Breisgau", "timestamp": "2023-10", "value": 3.286335117149132e-05, "incidence": 10.406451612903224, "pValue": 0.1486371336433632, "interpretation": "not statistically significant (p = 0.149), medium effect size (d=-0.64)"}, {"cityName": "Reutlingen", "timestamp": "2023-10", "value": 3.916922287316993e-05, "incidence": 19.193548387096776, "pValue": 0.007457032564220013, "interpretation": "very significant (p < 0.01), large effect size (d=-1.31)"}, {"cityName": "Ulm", "timestamp": "2023-10", "value": 4.8243275255356965e-05, "incidence": 25.53870967741936, "pValue": 0.8204948329864518, "interpretation": "not statistically significant (p = 0.820), negligible effect size (d=-0.10)"}, {"cityName": "Ingolstadt", "timestamp": "2023-10", "value": 4.904147742005686e-05, "incidence": 17.280645161290323, "pValue": 0.009418551081738164, "interpretation": "very significant (p < 0.01), large effect size (d=-1.33)"}, {"cityName": "M\u00fcnchen", "timestamp": "2023-10", "value": 5.0038421669831645e-05, "incidence": 34.84193548387097, "pValue": 0.034080621792423424, "interpretation": "significant (p = 0.034), large effect size (d=-0.90)"}, {"cityName": "Regensburg", "timestamp": "2023-10", "value": 5.018627659107248e-05, "incidence": 26.951612903225808, "pValue": 0.002125731474388028, "interpretation": "very significant (p < 0.01), large effect size (d=-1.56)"}, {"cityName": "Erlangen", "timestamp": "2023-10", "value": 5.104720808698663e-05, "incidence": 16.76774193548387, "pValue": 0.029722200349001977, "interpretation": "significant (p = 0.030), large effect size (d=-1.22)"}, {"cityName": "F\u00fcrth", "timestamp": "2023-10", "value": 5.5935553973540664e-05, "incidence": 20.577419354838714, "pValue": 0.037567995764132237, "interpretation": "significant (p = 0.038), large effect size (d=-1.20)"}, {"cityName": "N\u00fcrnberg", "timestamp": "2023-10", "value": 5.381167725180135e-05, "incidence": 18.683870967741935, "pValue": 0.010756034030171356, "interpretation": "significant (p = 0.011), large effect size (d=-1.43)"}, {"cityName": "W\u00fcrzburg", "timestamp": "2023-10", "value": 5.700721885659732e-05, "incidence": 18.97096774193548, "pValue": 0.5349456427976411, "interpretation": "not statistically significant (p = 0.535), small effect size (d=-0.27)"}, {"cityName": "Augsburg", "timestamp": "2023-10", "value": 4.594031130321897e-05, "incidence": 19.154838709677414, "pValue": 0.0996934040480611, "interpretation": "not statistically significant (p = 0.100), medium effect size (d=-0.69)"}, {"cityName": "Saarbr\u00fccken", "timestamp": "2023-10", "value": 4.27271860341231e-05, "incidence": 18.787096774193543, "pValue": 0.07110139842908379, "interpretation": "not statistically significant (p = 0.071), large effect size (d=-0.82)"}, {"cityName": "Berlin", "timestamp": "2023-10", "value": 5.900461181271367e-05, "incidence": 0.0, "pValue": 0.11449597737377797, "interpretation": "not statistically significant (p = 0.114), medium effect size (d=-0.64)"}, {"cityName": "Cottbus", "timestamp": "2023-10", "value": 4.3077036165274105e-05, "incidence": 14.854838709677427, "pValue": 0.044368346349573935, "interpretation": "significant (p = 0.044), large effect size (d=-1.10)"}, {"cityName": "Potsdam", "timestamp": "2023-10", "value": 4.945605349562624e-05, "incidence": 10.961290322580645, "pValue": 0.19468329835329257, "interpretation": "not statistically significant (p = 0.195), medium effect size (d=-0.57)"}, {"cityName": "Rostock", "timestamp": "2023-10", "value": 3.729987127537077e-05, "incidence": 17.374193548387098, "pValue": 0.3469599932993671, "interpretation": "not statistically significant (p = 0.347), small effect size (d=-0.46)"}, {"cityName": "Chemnitz", "timestamp": "2023-10", "value": 4.837063436464566e-05, "incidence": 24.01290322580645, "pValue": 0.02294729947802009, "interpretation": "significant (p = 0.023), large effect size (d=-1.01)"}, {"cityName": "Dresden", "timestamp": "2023-10", "value": 4.9457749859853224e-05, "incidence": 18.85483870967742, "pValue": 0.17802252985976272, "interpretation": "not statistically significant (p = 0.178), medium effect size (d=-0.57)"}, {"cityName": "Leipzig", "timestamp": "2023-10", "value": 6.289385697420905e-05, "incidence": 29.67419354838709, "pValue": 0.3098268800296918, "interpretation": "not statistically significant (p = 0.310), small effect size (d=-0.47)"}, {"cityName": "Halle (Saale)", "timestamp": "2023-10", "value": 5.4043756487468876e-05, "incidence": 20.383870967741935, "pValue": 0.13567941204306827, "interpretation": "not statistically significant (p = 0.136), medium effect size (d=-0.65)"}, {"cityName": "Magdeburg", "timestamp": "2023-10", "value": 4.0472056226510753e-05, "incidence": 25.4483870967742, "pValue": 0.0003991748662141997, "interpretation": "highly significant (p < 0.001), large effect size (d=-1.77)"}, {"cityName": "Erfurt", "timestamp": "2023-10", "value": 4.317871037315815e-05, "incidence": 19.04516129032258, "pValue": 0.040806548428830636, "interpretation": "significant (p = 0.041), large effect size (d=-0.91)"}, {"cityName": "Jena", "timestamp": "2023-10", "value": 4.516100873135858e-05, "incidence": 22.006451612903227, "pValue": 0.03753308661630845, "interpretation": "significant (p = 0.038), large effect size (d=-0.93)"}]