[{"cityName": "Kiel", "timestamp": "2024-04", "value": 3.9165473676153594e-05, "incidence": 0.4533333333333335, "pValue": 0.3472680930898555, "interpretation": "not statistically significant (p = 0.347), small effect size (d=-0.42)"}, {"cityName": "L\u00fcbeck", "timestamp": "2024-04", "value": 3.5202657778023015e-05, "incidence": 0.8233333333333334, "pValue": 0.3495388808262948, "interpretation": "not statistically significant (p = 0.350), medium effect size (d=-0.53)"}, {"cityName": "Hamburg", "timestamp": "2024-04", "value": 4.109543644719654e-05, "incidence": 1.533333333333333, "pValue": 0.002965765986111028, "interpretation": "very significant (p < 0.01), large effect size (d=-1.36)"}, {"cityName": "Braunschweig", "timestamp": "2024-04", "value": 4.340939032023444e-05, "incidence": 0.7866666666666665, "pValue": 0.04043984160094148, "interpretation": "significant (p = 0.040), large effect size (d=-1.02)"}, {"cityName": "Salzgitter", "timestamp": "2024-04", "value": 4.857036401517689e-05, "incidence": 0.0, "pValue": 0.07321869859741276, "interpretation": "not statistically significant (p = 0.073), large effect size (d=-0.93)"}, {"cityName": "Wolfsburg", "timestamp": "2024-04", "value": 3.7506973297384226e-05, "incidence": 0.5066666666666668, "pValue": 0.02194818438783755, "interpretation": "significant (p = 0.022), large effect size (d=-1.07)"}, {"cityName": "G\u00f6ttingen", "timestamp": "2024-04", "value": 3.784896329133993e-05, "incidence": 1.2766666666666664, "pValue": 0.4696631113266042, "interpretation": "not statistically significant (p = 0.470), small effect size (d=-0.39)"}, {"cityName": "Hannover", "timestamp": "2024-04", "value": 4.4962617960807526e-05, "incidence": 0.9633333333333332, "pValue": 0.06165646451475846, "interpretation": "not statistically significant (p = 0.062), large effect size (d=-1.03)"}, {"cityName": "Hildesheim", "timestamp": "2024-04", "value": 4.3350655366392695e-05, "incidence": 0.55, "pValue": 0.1066851270290966, "interpretation": "not statistically significant (p = 0.107), large effect size (d=-0.89)"}, {"cityName": "Oldenburg (Oldb)", "timestamp": "2024-04", "value": 4.395260766614229e-05, "incidence": 0.21666666666666667, "pValue": 0.06398107751360606, "interpretation": "not statistically significant (p = 0.064), large effect size (d=-1.01)"}, {"cityName": "Osnabr\u00fcck", "timestamp": "2024-04", "value": 4.709665451876142e-05, "incidence": 0.62, "pValue": 0.032324276027323004, "interpretation": "significant (p = 0.032), large effect size (d=-1.04)"}, {"cityName": "Bremen", "timestamp": "2024-04", "value": 4.704626750384198e-05, "incidence": 0.5233333333333332, "pValue": 0.016727372642332865, "interpretation": "significant (p = 0.017), large effect size (d=-1.05)"}, {"cityName": "Bremerhaven", "timestamp": "2024-04", "value": 4.482083022594452e-05, "incidence": 0.24000000000000005, "pValue": 0.22073046544109384, "interpretation": "not statistically significant (p = 0.221), medium effect size (d=-0.56)"}, {"cityName": "D\u00fcsseldorf", "timestamp": "2024-04", "value": 6.327460088380954e-05, "incidence": 0.7700000000000001, "pValue": 0.008396972954417358, "interpretation": "very significant (p < 0.01), large effect size (d=-1.17)"}, {"cityName": "Duisburg", "timestamp": "2024-04", "value": 5.335424047632095e-05, "incidence": 1.3466666666666665, "pValue": 0.00014007856584674432, "interpretation": "highly significant (p < 0.001), large effect size (d=-1.86)"}, {"cityName": "Essen", "timestamp": "2024-04", "value": 5.53628883491724e-05, "incidence": 0.7366666666666667, "pValue": 0.002427398595395842, "interpretation": "very significant (p < 0.01), large effect size (d=-1.40)"}, {"cityName": "Krefeld", "timestamp": "2024-04", "value": 4.9554021993222144e-05, "incidence": 1.5833333333333328, "pValue": 0.009363919555025238, "interpretation": "very significant (p < 0.01), large effect size (d=-1.22)"}, {"cityName": "M\u00f6nchengladbach", "timestamp": "2024-04", "value": 4.0364608264945704e-05, "incidence": 0.8033333333333331, "pValue": 0.0043471432371489606, "interpretation": "very significant (p < 0.01), large effect size (d=-1.48)"}, {"cityName": "M\u00fclheim an der Ruhr", "timestamp": "2024-04", "value": 5.894098689572679e-05, "incidence": 2.1533333333333333, "pValue": 0.00900910147789975, "interpretation": "very significant (p < 0.01), large effect size (d=-1.35)"}, {"cityName": "Oberhausen", "timestamp": "2024-04", "value": 5.26316177386504e-05, "incidence": 0.8999999999999998, "pValue": 0.0025791207838989547, "interpretation": "very significant (p < 0.01), large effect size (d=-1.81)"}, {"cityName": "Remscheid", "timestamp": "2024-04", "value": 4.336190565178792e-05, "incidence": 1.0799999999999998, "pValue": 0.02640221231580791, "interpretation": "significant (p = 0.026), large effect size (d=-1.37)"}, {"cityName": "Solingen", "timestamp": "2024-04", "value": 4.504721437115222e-05, "incidence": 0.21999999999999995, "pValue": 0.030925117314277082, "interpretation": "significant (p = 0.031), large effect size (d=-1.32)"}, {"cityName": "Wuppertal", "timestamp": "2024-04", "value": 4.886379637927921e-05, "incidence": 0.7933333333333334, "pValue": 0.02618764658700373, "interpretation": "significant (p = 0.026), large effect size (d=-1.37)"}, {"cityName": "Neuss", "timestamp": "2024-04", "value": 5.830935333506204e-05, "incidence": 1.3, "pValue": 0.013435156437764956, "interpretation": "significant (p = 0.013), large effect size (d=-1.32)"}, {"cityName": "Moers", "timestamp": "2024-04", "value": 4.6209419711626e-05, "incidence": 0.6666666666666667, "pValue": 0.009114549783393811, "interpretation": "very significant (p < 0.01), large effect size (d=-1.26)"}, {"cityName": "Bonn", "timestamp": "2024-04", "value": 4.572972168468616e-05, "incidence": 1.05, "pValue": 0.09980592343016795, "interpretation": "not statistically significant (p = 0.100), large effect size (d=-0.86)"}, {"cityName": "K\u00f6ln", "timestamp": "2024-04", "value": 5.718693137168884e-05, "incidence": 0.8133333333333332, "pValue": 0.03749729366194486, "interpretation": "significant (p = 0.037), large effect size (d=-1.05)"}, {"cityName": "Leverkusen", "timestamp": "2024-04", "value": 5.0705872126854956e-05, "incidence": 0.9599999999999999, "pValue": 0.03946064371652201, "interpretation": "significant (p = 0.039), large effect size (d=-1.16)"}, {"cityName": "Aachen", "timestamp": "2024-04", "value": 3.6408948101874056e-05, "incidence": 0.4766666666666667, "pValue": 0.04083901792142379, "interpretation": "significant (p = 0.041), large effect size (d=-0.93)"}, {"cityName": "Bergisch Gladbach", "timestamp": "2024-04", "value": 4.755530140495726e-05, "incidence": 0.65, "pValue": 0.03245369184786453, "interpretation": "significant (p = 0.032), large effect size (d=-1.25)"}, {"cityName": "Bottrop", "timestamp": "2024-04", "value": 5.358723266159787e-05, "incidence": 1.2700000000000002, "pValue": 0.003937655813218781, "interpretation": "very significant (p < 0.01), large effect size (d=-1.42)"}, {"cityName": "Gelsenkirchen", "timestamp": "2024-04", "value": 5.266313468489577e-05, "incidence": 0.8200000000000002, "pValue": 0.0028484392539423033, "interpretation": "very significant (p < 0.01), large effect size (d=-1.56)"}, {"cityName": "M\u00fcnster", "timestamp": "2024-04", "value": 4.625704809369748e-05, "incidence": 1.4100000000000001, "pValue": 0.045262712911617264, "interpretation": "significant (p = 0.045), large effect size (d=-0.90)"}, {"cityName": "Recklinghausen", "timestamp": "2024-04", "value": 5.286226335626382e-05, "incidence": 0.7233333333333334, "pValue": 0.048575296579429904, "interpretation": "significant (p = 0.049), large effect size (d=-1.11)"}, {"cityName": "Bielefeld", "timestamp": "2024-04", "value": 5.394652544055134e-05, "incidence": 0.48000000000000004, "pValue": 0.24562339968991873, "interpretation": "not statistically significant (p = 0.246), medium effect size (d=-0.55)"}, {"cityName": "G\u00fctersloh", "timestamp": "2024-04", "value": 5.504570435732603e-05, "incidence": 0.37000000000000005, "pValue": 0.23886127969181623, "interpretation": "not statistically significant (p = 0.239), medium effect size (d=-0.58)"}, {"cityName": "Paderborn", "timestamp": "2024-04", "value": 4.3463318668786556e-05, "incidence": 0.5033333333333334, "pValue": 0.1345583425922854, "interpretation": "not statistically significant (p = 0.135), large effect size (d=-0.81)"}, {"cityName": "Bochum", "timestamp": "2024-04", "value": 5.866658466402441e-05, "incidence": 1.2999999999999998, "pValue": 0.08424233702838317, "interpretation": "not statistically significant (p = 0.084), large effect size (d=-0.88)"}, {"cityName": "Dortmund", "timestamp": "2024-04", "value": 6.187687554926265e-05, "incidence": 1.0166666666666666, "pValue": 0.16312372824771854, "interpretation": "not statistically significant (p = 0.163), medium effect size (d=-0.68)"}, {"cityName": "Hagen", "timestamp": "2024-04", "value": 4.9816564945825214e-05, "incidence": 1.4800000000000002, "pValue": 0.07318745495046816, "interpretation": "not statistically significant (p = 0.073), large effect size (d=-1.01)"}, {"cityName": "Hamm", "timestamp": "2024-04", "value": 4.9831999820612726e-05, "incidence": 1.276666666666667, "pValue": 0.05250963783831679, "interpretation": "not statistically significant (p = 0.053), large effect size (d=-0.85)"}, {"cityName": "Herne", "timestamp": "2024-04", "value": 5.7345861569046976e-05, "incidence": 1.4599999999999997, "pValue": 0.022094488301372287, "interpretation": "significant (p = 0.022), large effect size (d=-1.15)"}, {"cityName": "Siegen", "timestamp": "2024-04", "value": 3.88203130569309e-05, "incidence": 0.57, "pValue": 0.2859717567507854, "interpretation": "not statistically significant (p = 0.286), medium effect size (d=-0.72)"}, {"cityName": "Darmstadt", "timestamp": "2024-04", "value": 5.750947589562698e-05, "incidence": 2.2566666666666664, "pValue": 0.06682421969771385, "interpretation": "not statistically significant (p = 0.067), large effect size (d=-0.81)"}, {"cityName": "Frankfurt am Main", "timestamp": "2024-04", "value": 6.728216645900498e-05, "incidence": 0.9033333333333334, "pValue": 0.006642897826038982, "interpretation": "very significant (p < 0.01), large effect size (d=-1.07)"}, {"cityName": "Offenbach am Main", "timestamp": "2024-04", "value": 6.056683857671239e-05, "incidence": 1.3700000000000003, "pValue": 0.08945068325140611, "interpretation": "not statistically significant (p = 0.089), medium effect size (d=-0.73)"}, {"cityName": "Wiesbaden", "timestamp": "2024-04", "value": 6.0375333608438574e-05, "incidence": 1.6000000000000003, "pValue": 0.005211305953989338, "interpretation": "very significant (p < 0.01), large effect size (d=-1.34)"}, {"cityName": "Hanau", "timestamp": "2024-04", "value": 4.5955324402222264e-05, "incidence": 1.0899999999999999, "pValue": 0.17472319151741636, "interpretation": "not statistically significant (p = 0.175), medium effect size (d=-0.62)"}, {"cityName": "Kassel", "timestamp": "2024-04", "value": 4.323727140824e-05, "incidence": 1.2266666666666666, "pValue": 0.05794191588428548, "interpretation": "not statistically significant (p = 0.058), large effect size (d=-1.00)"}, {"cityName": "Koblenz", "timestamp": "2024-04", "value": 4.687136970460415e-05, "incidence": 0.8733333333333332, "pValue": 0.14064706162770202, "interpretation": "not statistically significant (p = 0.141), medium effect size (d=-0.78)"}, {"cityName": "Trier", "timestamp": "2024-04", "value": 3.594971785787493e-05, "incidence": 0.6900000000000001, "pValue": 0.00043744647470684433, "interpretation": "highly significant (p < 0.001), large effect size (d=-1.87)"}, {"cityName": "Kaiserslautern", "timestamp": "2024-04", "value": 4.1565875737712937e-05, "incidence": 1.1666666666666667, "pValue": 0.003021411660857826, "interpretation": "very significant (p < 0.01), large effect size (d=-1.66)"}, {"cityName": "Ludwigshafen am Rhein", "timestamp": "2024-04", "value": 6.818031154883404e-05, "incidence": 0.7700000000000002, "pValue": 0.00839540735268125, "interpretation": "very significant (p < 0.01), large effect size (d=-1.43)"}, {"cityName": "Mainz", "timestamp": "2024-04", "value": 6.532487168442458e-05, "incidence": 0.6266666666666666, "pValue": 0.008719644421242269, "interpretation": "very significant (p < 0.01), large effect size (d=-1.29)"}, {"cityName": "Stuttgart", "timestamp": "2024-04", "value": 5.597061115420527e-05, "incidence": 0.6866666666666668, "pValue": 0.08643270289787065, "interpretation": "not statistically significant (p = 0.086), medium effect size (d=-0.77)"}, {"cityName": "Heilbronn", "timestamp": "2024-04", "value": 4.999254532675776e-05, "incidence": 0.37333333333333335, "pValue": 0.005908968638679342, "interpretation": "very significant (p < 0.01), large effect size (d=-1.40)"}, {"cityName": "Karlsruhe", "timestamp": "2024-04", "value": 4.8218120355159044e-05, "incidence": 0.2866666666666667, "pValue": 0.0030489757301538955, "interpretation": "very significant (p < 0.01), large effect size (d=-1.59)"}, {"cityName": "Heidelberg", "timestamp": "2024-04", "value": 5.3672622399110546e-05, "incidence": 0.4599999999999999, "pValue": 0.24809647194072393, "interpretation": "not statistically significant (p = 0.248), medium effect size (d=-0.56)"}, {"cityName": "Mannheim", "timestamp": "2024-04", "value": 6.823208183050156e-05, "incidence": 1.9433333333333327, "pValue": 0.1552179057283476, "interpretation": "not statistically significant (p = 0.155), medium effect size (d=-0.65)"}, {"cityName": "Pforzheim", "timestamp": "2024-04", "value": 4.894047419333624e-05, "incidence": 0.9133333333333334, "pValue": 0.06413323799031284, "interpretation": "not statistically significant (p = 0.064), large effect size (d=-0.96)"}, {"cityName": "Freiburg im Breisgau", "timestamp": "2024-04", "value": 3.868299191472707e-05, "incidence": 0.42666666666666675, "pValue": 9.399266585745426e-05, "interpretation": "highly significant (p < 0.001), large effect size (d=-2.24)"}, {"cityName": "Reutlingen", "timestamp": "2024-04", "value": 3.983270289609209e-05, "incidence": 0.45333333333333325, "pValue": 0.015768702997136248, "interpretation": "significant (p = 0.016), large effect size (d=-1.12)"}, {"cityName": "Ulm", "timestamp": "2024-04", "value": 4.422237581916546e-05, "incidence": 0.7933333333333336, "pValue": 0.012936734046861902, "interpretation": "significant (p = 0.013), large effect size (d=-1.43)"}, {"cityName": "Ingolstadt", "timestamp": "2024-04", "value": 4.492315444319198e-05, "incidence": 1.4700000000000002, "pValue": 0.025509273796975138, "interpretation": "significant (p = 0.026), large effect size (d=-0.90)"}, {"cityName": "M\u00fcnchen", "timestamp": "2024-04", "value": 4.636781075252937e-05, "incidence": 0.9900000000000001, "pValue": 0.025956475395316116, "interpretation": "significant (p = 0.026), large effect size (d=-0.93)"}, {"cityName": "Regensburg", "timestamp": "2024-04", "value": 4.343487865601977e-05, "incidence": 0.9400000000000002, "pValue": 0.1735574769171899, "interpretation": "not statistically significant (p = 0.174), medium effect size (d=-0.68)"}, {"cityName": "Erlangen", "timestamp": "2024-04", "value": 4.373419298125165e-05, "incidence": 0.9199999999999999, "pValue": 0.4540935702651875, "interpretation": "not statistically significant (p = 0.454), small effect size (d=-0.36)"}, {"cityName": "F\u00fcrth", "timestamp": "2024-04", "value": 4.125688574276865e-05, "incidence": 1.28, "pValue": 0.055275583982285104, "interpretation": "not statistically significant (p = 0.055), large effect size (d=-0.97)"}, {"cityName": "N\u00fcrnberg", "timestamp": "2024-04", "value": 4.209348028807929e-05, "incidence": 0.8333333333333336, "pValue": 0.08958692307615573, "interpretation": "not statistically significant (p = 0.090), medium effect size (d=-0.76)"}, {"cityName": "W\u00fcrzburg", "timestamp": "2024-04", "value": 4.2564897739794105e-05, "incidence": 1.6666666666666667, "pValue": 0.18064377673835905, "interpretation": "not statistically significant (p = 0.181), medium effect size (d=-0.57)"}, {"cityName": "Augsburg", "timestamp": "2024-04", "value": 4.250141612898845e-05, "incidence": 0.5766666666666665, "pValue": 0.0013057699673633175, "interpretation": "very significant (p < 0.01), large effect size (d=-1.70)"}, {"cityName": "Saarbr\u00fccken", "timestamp": "2024-04", "value": 3.800742949048678e-05, "incidence": 0.9199999999999998, "pValue": 0.002004022207681167, "interpretation": "very significant (p < 0.01), large effect size (d=-1.51)"}, {"cityName": "Berlin", "timestamp": "2024-04", "value": 4.924945078971909e-05, "incidence": 0.0, "pValue": 0.013763344227060386, "interpretation": "significant (p = 0.014), large effect size (d=-1.00)"}, {"cityName": "Cottbus", "timestamp": "2024-04", "value": 3.941371463812314e-05, "incidence": 0.4666666666666667, "pValue": 0.006613700733563187, "interpretation": "very significant (p < 0.01), large effect size (d=-1.30)"}, {"cityName": "Potsdam", "timestamp": "2024-04", "value": 3.9290797704940336e-05, "incidence": 0.5900000000000001, "pValue": 0.058214760518289096, "interpretation": "not statistically significant (p = 0.058), medium effect size (d=-0.78)"}, {"cityName": "Rostock", "timestamp": "2024-04", "value": 3.4026833335784346e-05, "incidence": 1.14, "pValue": 0.5626383197843936, "interpretation": "not statistically significant (p = 0.563), small effect size (d=-0.23)"}, {"cityName": "Chemnitz", "timestamp": "2024-04", "value": 4.084837032345737e-05, "incidence": 0.4133333333333334, "pValue": 0.012157935640724643, "interpretation": "significant (p = 0.012), large effect size (d=-1.15)"}, {"cityName": "Dresden", "timestamp": "2024-04", "value": 4.203503274104812e-05, "incidence": 0.6133333333333333, "pValue": 0.005501694357676153, "interpretation": "very significant (p < 0.01), large effect size (d=-1.10)"}, {"cityName": "Leipzig", "timestamp": "2024-04", "value": 3.8717777523047786e-05, "incidence": 1.0466666666666669, "pValue": 0.06040272615059988, "interpretation": "not statistically significant (p = 0.060), medium effect size (d=-0.73)"}, {"cityName": "Halle (Saale)", "timestamp": "2024-04", "value": 4.844917081451664e-05, "incidence": 1.28, "pValue": 0.100330270074822, "interpretation": "not statistically significant (p = 0.100), medium effect size (d=-0.70)"}, {"cityName": "Magdeburg", "timestamp": "2024-04", "value": 3.977242771438078e-05, "incidence": 1.2633333333333332, "pValue": 0.003209808355345265, "interpretation": "very significant (p < 0.01), large effect size (d=-1.32)"}, {"cityName": "Erfurt", "timestamp": "2024-04", "value": 4.0366631397541536e-05, "incidence": 0.6033333333333333, "pValue": 0.0175445827244939, "interpretation": "significant (p = 0.018), large effect size (d=-1.00)"}, {"cityName": "Jena", "timestamp": "2024-04", "value": 3.8929099294667445e-05, "incidence": 0.5400000000000001, "pValue": 0.03657607181445426, "interpretation": "significant (p = 0.037), large effect size (d=-0.94)"}]