[{"cityName": "Kiel", "timestamp": "2020-02", "value": 4.596991043183065e-05, "incidence": 0.0, "pValue": 1.0, "interpretation": "Precovid baseline"}, {"cityName": "L\u00fcbeck", "timestamp": "2020-02", "value": 5.340988476139804e-05, "incidence": 0.0, "pValue": 1.0, "interpretation": "Precovid baseline"}, {"cityName": "Hamburg", "timestamp": "2020-02", "value": 6.286590187637895e-05, "incidence": 0.0, "pValue": 1.0, "interpretation": "Precovid baseline"}, {"cityName": "Braunschweig", "timestamp": "2020-02", "value": 6.08955674311694e-05, "incidence": 0.0, "pValue": 1.0, "interpretation": "Precovid baseline"}, {"cityName": "Salzgitter", "timestamp": "2020-02", "value": 5.565935280174017e-05, "incidence": 0.0, "pValue": 1.0, "interpretation": "Precovid baseline"}, {"cityName": "Wolfsburg", "timestamp": "2020-02", "value": 5.758670158684254e-05, "incidence": 0.0, "pValue": 1.0, "interpretation": "Precovid baseline"}, {"cityName": "G\u00f6ttingen", "timestamp": "2020-02", "value": 7.106544494274116e-05, "incidence": 0.0, "pValue": 1.0, "interpretation": "Precovid baseline"}, {"cityName": "Hannover", "timestamp": "2020-02", "value": 6.555338194103617e-05, "incidence": 0.0, "pValue": 1.0, "interpretation": "Precovid baseline"}, {"cityName": "Hildesheim", "timestamp": "2020-02", "value": 5.071365397752208e-05, "incidence": 0.0, "pValue": 1.0, "interpretation": "Precovid baseline"}, {"cityName": "Oldenburg (Oldb)", "timestamp": "2020-02", "value": 6.313413032330573e-05, "incidence": 0.0, "pValue": 1.0, "interpretation": "Precovid baseline"}, {"cityName": "Osnabr\u00fcck", "timestamp": "2020-02", "value": 6.74868616360155e-05, "incidence": 0.0, "pValue": 1.0, "interpretation": "Precovid baseline"}, {"cityName": "Bremen", "timestamp": "2020-02", "value": 6.138176092358887e-05, "incidence": 0.0, "pValue": 1.0, "interpretation": "Precovid baseline"}, {"cityName": "Bremerhaven", "timestamp": "2020-02", "value": 3.9947160985320807e-05, "incidence": 0.0, "pValue": 1.0, "interpretation": "Precovid baseline"}, {"cityName": "D\u00fcsseldorf", "timestamp": "2020-02", "value": 0.00012265034474250746, "incidence": 0.0, "pValue": 1.0, "interpretation": "Precovid baseline"}, {"cityName": "Duisburg", "timestamp": "2020-02", "value": 0.0001285622517267863, "incidence": 0.0, "pValue": 1.0, "interpretation": "Precovid baseline"}, {"cityName": "Essen", "timestamp": "2020-02", "value": 0.00011928252971325166, "incidence": 0.0, "pValue": 1.0, "interpretation": "Precovid baseline"}, {"cityName": "Krefeld", "timestamp": "2020-02", "value": 0.00012407365899819595, "incidence": 0.0, "pValue": 1.0, "interpretation": "Precovid baseline"}, {"cityName": "M\u00f6nchengladbach", "timestamp": "2020-02", "value": 8.149504468872629e-05, "incidence": 0.0, "pValue": 1.0, "interpretation": "Precovid baseline"}, {"cityName": "M\u00fclheim an der Ruhr", "timestamp": "2020-02", "value": 0.00011375044575995869, "incidence": 0.0, "pValue": 1.0, "interpretation": "Precovid baseline"}, {"cityName": "Oberhausen", "timestamp": "2020-02", "value": 0.00015174156914536769, "incidence": 0.0, "pValue": 1.0, "interpretation": "Precovid baseline"}, {"cityName": "Remscheid", "timestamp": "2020-02", "value": 0.00011539602807412545, "incidence": 0.0, "pValue": 1.0, "interpretation": "Precovid baseline"}, {"cityName": "Solingen", "timestamp": "2020-02", "value": 0.00012467330088838935, "incidence": 0.0, "pValue": 1.0, "interpretation": "Precovid baseline"}, {"cityName": "Wuppertal", "timestamp": "2020-02", "value": 0.00013362588705839935, "incidence": 0.0, "pValue": 1.0, "interpretation": "Precovid baseline"}, {"cityName": "Neuss", "timestamp": "2020-02", "value": 9.833365038502961e-05, "incidence": 0.0, "pValue": 1.0, "interpretation": "Precovid baseline"}, {"cityName": "Moers", "timestamp": "2020-02", "value": 0.0001096724798636777, "incidence": 0.0, "pValue": 1.0, "interpretation": "Precovid baseline"}, {"cityName": "Bonn", "timestamp": "2020-02", "value": 8.59243075617335e-05, "incidence": 0.0, "pValue": 1.0, "interpretation": "Precovid baseline"}, {"cityName": "K\u00f6ln", "timestamp": "2020-02", "value": 0.0001109473200307952, "incidence": 0.0, "pValue": 1.0, "interpretation": "Precovid baseline"}, {"cityName": "Leverkusen", "timestamp": "2020-02", "value": 0.00011420859179149072, "incidence": 0.0, "pValue": 1.0, "interpretation": "Precovid baseline"}, {"cityName": "Aachen", "timestamp": "2020-02", "value": 8.02421990525106e-05, "incidence": 0.0, "pValue": 1.0, "interpretation": "Precovid baseline"}, {"cityName": "Bergisch Gladbach", "timestamp": "2020-02", "value": 0.00011669219903913992, "incidence": 0.0, "pValue": 1.0, "interpretation": "Precovid baseline"}, {"cityName": "Bottrop", "timestamp": "2020-02", "value": 0.00012550056528519183, "incidence": 0.0, "pValue": 1.0, "interpretation": "Precovid baseline"}, {"cityName": "Gelsenkirchen", "timestamp": "2020-02", "value": 0.00011908482102786794, "incidence": 0.0, "pValue": 1.0, "interpretation": "Precovid baseline"}, {"cityName": "M\u00fcnster", "timestamp": "2020-02", "value": 8.449176522461992e-05, "incidence": 0.0, "pValue": 1.0, "interpretation": "Precovid baseline"}, {"cityName": "Recklinghausen", "timestamp": "2020-02", "value": 0.00011216166715782422, "incidence": 0.0, "pValue": 1.0, "interpretation": "Precovid baseline"}, {"cityName": "Bielefeld", "timestamp": "2020-02", "value": 6.296941137406975e-05, "incidence": 0.0, "pValue": 1.0, "interpretation": "Precovid baseline"}, {"cityName": "G\u00fctersloh", "timestamp": "2020-02", "value": 7.253355579450727e-05, "incidence": 0.0, "pValue": 1.0, "interpretation": "Precovid baseline"}, {"cityName": "Paderborn", "timestamp": "2020-02", "value": 6.360080724041308e-05, "incidence": 0.0, "pValue": 1.0, "interpretation": "Precovid baseline"}, {"cityName": "Bochum", "timestamp": "2020-02", "value": 0.00011094808966542284, "incidence": 0.0, "pValue": 1.0, "interpretation": "Precovid baseline"}, {"cityName": "Dortmund", "timestamp": "2020-02", "value": 0.00012602962042186774, "incidence": 0.0, "pValue": 1.0, "interpretation": "Precovid baseline"}, {"cityName": "Hagen", "timestamp": "2020-02", "value": 8.86244635129797e-05, "incidence": 0.0, "pValue": 1.0, "interpretation": "Precovid baseline"}, {"cityName": "Hamm", "timestamp": "2020-02", "value": 9.623511383930843e-05, "incidence": 0.0, "pValue": 1.0, "interpretation": "Precovid baseline"}, {"cityName": "Herne", "timestamp": "2020-02", "value": 0.00011335256276652217, "incidence": 0.0, "pValue": 1.0, "interpretation": "Precovid baseline"}, {"cityName": "Siegen", "timestamp": "2020-02", "value": 7.553581381216645e-05, "incidence": 0.0, "pValue": 1.0, "interpretation": "Precovid baseline"}, {"cityName": "Darmstadt", "timestamp": "2020-02", "value": 0.00010700291022658348, "incidence": 0.0, "pValue": 1.0, "interpretation": "Precovid baseline"}, {"cityName": "Frankfurt am Main", "timestamp": "2020-02", "value": 0.00010155200619589199, "incidence": 0.0, "pValue": 1.0, "interpretation": "Precovid baseline"}, {"cityName": "Offenbach am Main", "timestamp": "2020-02", "value": 9.092408105392347e-05, "incidence": 0.0, "pValue": 1.0, "interpretation": "Precovid baseline"}, {"cityName": "Wiesbaden", "timestamp": "2020-02", "value": 9.895853387812774e-05, "incidence": 0.0, "pValue": 1.0, "interpretation": "Precovid baseline"}, {"cityName": "Hanau", "timestamp": "2020-02", "value": 7.135674464874543e-05, "incidence": 0.0, "pValue": 1.0, "interpretation": "Precovid baseline"}, {"cityName": "Kassel", "timestamp": "2020-02", "value": 6.668780568159289e-05, "incidence": 0.0, "pValue": 1.0, "interpretation": "Precovid baseline"}, {"cityName": "Koblenz", "timestamp": "2020-02", "value": 0.00010737666808482673, "incidence": 0.0, "pValue": 1.0, "interpretation": "Precovid baseline"}, {"cityName": "Trier", "timestamp": "2020-02", "value": 6.952288094907999e-05, "incidence": 0.0, "pValue": 1.0, "interpretation": "Precovid baseline"}, {"cityName": "Kaiserslautern", "timestamp": "2020-02", "value": 6.631406274839089e-05, "incidence": 0.0, "pValue": 1.0, "interpretation": "Precovid baseline"}, {"cityName": "Ludwigshafen am Rhein", "timestamp": "2020-02", "value": 0.00013299275694104531, "incidence": 0.0, "pValue": 1.0, "interpretation": "Precovid baseline"}, {"cityName": "Mainz", "timestamp": "2020-02", "value": 9.104081254918128e-05, "incidence": 0.0, "pValue": 1.0, "interpretation": "Precovid baseline"}, {"cityName": "Stuttgart", "timestamp": "2020-02", "value": 7.589712428549926e-05, "incidence": 0.0, "pValue": 1.0, "interpretation": "Precovid baseline"}, {"cityName": "Heilbronn", "timestamp": "2020-02", "value": 8.2936383680337e-05, "incidence": 0.0, "pValue": 1.0, "interpretation": "Precovid baseline"}, {"cityName": "Karlsruhe", "timestamp": "2020-02", "value": 8.86114469418923e-05, "incidence": 0.0, "pValue": 1.0, "interpretation": "Precovid baseline"}, {"cityName": "Heidelberg", "timestamp": "2020-02", "value": 0.00010736760879425626, "incidence": 0.0, "pValue": 1.0, "interpretation": "Precovid baseline"}, {"cityName": "Mannheim", "timestamp": "2020-02", "value": 0.00013102042488753794, "incidence": 0.0, "pValue": 1.0, "interpretation": "Precovid baseline"}, {"cityName": "Pforzheim", "timestamp": "2020-02", "value": 7.932849176641967e-05, "incidence": 0.0, "pValue": 1.0, "interpretation": "Precovid baseline"}, {"cityName": "Freiburg im Breisgau", "timestamp": "2020-02", "value": 5.672816014676182e-05, "incidence": 0.0, "pValue": 1.0, "interpretation": "Precovid baseline"}, {"cityName": "Reutlingen", "timestamp": "2020-02", "value": 5.5080112360883504e-05, "incidence": 0.0, "pValue": 1.0, "interpretation": "Precovid baseline"}, {"cityName": "Ulm", "timestamp": "2020-02", "value": 5.994805772053568e-05, "incidence": 0.0, "pValue": 1.0, "interpretation": "Precovid baseline"}, {"cityName": "Ingolstadt", "timestamp": "2020-02", "value": 7.634205394424498e-05, "incidence": 0.0, "pValue": 1.0, "interpretation": "Precovid baseline"}, {"cityName": "M\u00fcnchen", "timestamp": "2020-02", "value": 7.005074831585471e-05, "incidence": 0.0, "pValue": 1.0, "interpretation": "Precovid baseline"}, {"cityName": "Regensburg", "timestamp": "2020-02", "value": 7.809268621106942e-05, "incidence": 0.0, "pValue": 1.0, "interpretation": "Precovid baseline"}, {"cityName": "Erlangen", "timestamp": "2020-02", "value": 7.09377262475235e-05, "incidence": 0.0, "pValue": 1.0, "interpretation": "Precovid baseline"}, {"cityName": "F\u00fcrth", "timestamp": "2020-02", "value": 6.998077733442188e-05, "incidence": 0.0, "pValue": 1.0, "interpretation": "Precovid baseline"}, {"cityName": "N\u00fcrnberg", "timestamp": "2020-02", "value": 7.03915473863934e-05, "incidence": 0.0, "pValue": 1.0, "interpretation": "Precovid baseline"}, {"cityName": "W\u00fcrzburg", "timestamp": "2020-02", "value": 8.762656943872571e-05, "incidence": 0.0, "pValue": 1.0, "interpretation": "Precovid baseline"}, {"cityName": "Augsburg", "timestamp": "2020-02", "value": 5.7861790992319584e-05, "incidence": 0.0, "pValue": 1.0, "interpretation": "Precovid baseline"}, {"cityName": "Saarbr\u00fccken", "timestamp": "2020-02", "value": 7.345404786368211e-05, "incidence": 0.0, "pValue": 1.0, "interpretation": "Precovid baseline"}, {"cityName": "Berlin", "timestamp": "2020-02", "value": 6.821505702668574e-05, "incidence": 0.0, "pValue": 1.0, "interpretation": "Precovid baseline"}, {"cityName": "Cottbus", "timestamp": "2020-02", "value": 4.2011701645186316e-05, "incidence": 0.0, "pValue": 1.0, "interpretation": "Precovid baseline"}, {"cityName": "Potsdam", "timestamp": "2020-02", "value": 5.581720239099334e-05, "incidence": 0.0, "pValue": 1.0, "interpretation": "Precovid baseline"}, {"cityName": "Rostock", "timestamp": "2020-02", "value": 5.1370603173519626e-05, "incidence": 0.0, "pValue": 1.0, "interpretation": "Precovid baseline"}, {"cityName": "Chemnitz", "timestamp": "2020-02", "value": 4.432859501188121e-05, "incidence": 0.0, "pValue": 1.0, "interpretation": "Precovid baseline"}, {"cityName": "Dresden", "timestamp": "2020-02", "value": 4.569364880973642e-05, "incidence": 0.0, "pValue": 1.0, "interpretation": "Precovid baseline"}, {"cityName": "Leipzig", "timestamp": "2020-02", "value": 6.447323397094129e-05, "incidence": 0.0, "pValue": 1.0, "interpretation": "Precovid baseline"}, {"cityName": "Halle (Saale)", "timestamp": "2020-02", "value": 5.4085200342039265e-05, "incidence": 0.0, "pValue": 1.0, "interpretation": "Precovid baseline"}, {"cityName": "Magdeburg", "timestamp": "2020-02", "value": 5.339103211697779e-05, "incidence": 0.0, "pValue": 1.0, "interpretation": "Precovid baseline"}, {"cityName": "Erfurt", "timestamp": "2020-02", "value": 4.66846791591416e-05, "incidence": 0.0, "pValue": 1.0, "interpretation": "Precovid baseline"}, {"cityName": "Jena", "timestamp": "2020-02", "value": 5.090596257812447e-05, "incidence": 0.0, "pValue": 1.0, "interpretation": "Precovid baseline"}]