[{"cityName": "Kiel", "timestamp": "2023-03", "value": 3.914775082930213e-05, "incidence": 39.20645161290324, "pValue": 0.8924667539324281, "interpretation": "not statistically significant (p = 0.892), negligible effect size (d=0.08)"}, {"cityName": "L\u00fcbeck", "timestamp": "2023-03", "value": 3.5795101818318166e-05, "incidence": 37.44193548387097, "pValue": 0.14462368940198453, "interpretation": "not statistically significant (p = 0.145), medium effect size (d=-0.78)"}, {"cityName": "Hamburg", "timestamp": "2023-03", "value": 6.749873497971782e-05, "incidence": 36.42903225806452, "pValue": 0.3986306158523779, "interpretation": "not statistically significant (p = 0.399), small effect size (d=-0.41)"}, {"cityName": "Braunschweig", "timestamp": "2023-03", "value": 4.361839006271432e-05, "incidence": 49.51612903225806, "pValue": 0.20900796287497295, "interpretation": "not statistically significant (p = 0.209), large effect size (d=-0.98)"}, {"cityName": "Salzgitter", "timestamp": "2023-03", "value": 4.8967183101922276e-05, "incidence": 50.15161290322581, "pValue": 0.061646144439949126, "interpretation": "not statistically significant (p = 0.062), large effect size (d=-1.11)"}, {"cityName": "Wolfsburg", "timestamp": "2023-03", "value": 3.564767049331414e-05, "incidence": 50.21935483870968, "pValue": 0.14901845533222396, "interpretation": "not statistically significant (p = 0.149), large effect size (d=-0.86)"}, {"cityName": "G\u00f6ttingen", "timestamp": "2023-03", "value": 4.926163126670179e-05, "incidence": 85.61935483870967, "pValue": 0.1944875296527129, "interpretation": "not statistically significant (p = 0.194), medium effect size (d=-0.77)"}, {"cityName": "Hannover", "timestamp": "2023-03", "value": 5.654721079688323e-05, "incidence": 71.53870967741936, "pValue": 0.13118666144518096, "interpretation": "not statistically significant (p = 0.131), large effect size (d=-0.91)"}, {"cityName": "Hildesheim", "timestamp": "2023-03", "value": 4.924045916756286e-05, "incidence": 47.08064516129031, "pValue": 0.3758470640531991, "interpretation": "not statistically significant (p = 0.376), medium effect size (d=-0.74)"}, {"cityName": "Oldenburg (Oldb)", "timestamp": "2023-03", "value": 5.294338916428387e-05, "incidence": 69.91290322580646, "pValue": 0.6807295652642258, "interpretation": "not statistically significant (p = 0.681), small effect size (d=-0.24)"}, {"cityName": "Osnabr\u00fcck", "timestamp": "2023-03", "value": 4.864393585276875e-05, "incidence": 73.86774193548388, "pValue": 0.1009945874870004, "interpretation": "not statistically significant (p = 0.101), large effect size (d=-1.06)"}, {"cityName": "Bremen", "timestamp": "2023-03", "value": 5.005766469679895e-05, "incidence": 61.0967741935484, "pValue": 0.15626742772370592, "interpretation": "not statistically significant (p = 0.156), medium effect size (d=-0.66)"}, {"cityName": "Bremerhaven", "timestamp": "2023-03", "value": 4.181026348045894e-05, "incidence": 50.28387096774195, "pValue": 0.37588991542157846, "interpretation": "not statistically significant (p = 0.376), small effect size (d=-0.43)"}, {"cityName": "D\u00fcsseldorf", "timestamp": "2023-03", "value": 0.00011307187378406525, "incidence": 86.7548387096774, "pValue": 0.13725670822860517, "interpretation": "not statistically significant (p = 0.137), medium effect size (d=-0.79)"}, {"cityName": "Duisburg", "timestamp": "2023-03", "value": 0.00012846761502516575, "incidence": 60.01612903225805, "pValue": 0.20392760310806343, "interpretation": "not statistically significant (p = 0.204), medium effect size (d=-0.65)"}, {"cityName": "Essen", "timestamp": "2023-03", "value": 0.00013725141970775067, "incidence": 68.46451612903228, "pValue": 0.37839086045578985, "interpretation": "not statistically significant (p = 0.378), small effect size (d=-0.48)"}, {"cityName": "Krefeld", "timestamp": "2023-03", "value": 9.884427373225872e-05, "incidence": 73.89677419354837, "pValue": 0.5451026065521118, "interpretation": "not statistically significant (p = 0.545), small effect size (d=-0.29)"}, {"cityName": "M\u00f6nchengladbach", "timestamp": "2023-03", "value": 9.25414055457403e-05, "incidence": 68.36129032258066, "pValue": 0.2591530347332634, "interpretation": "not statistically significant (p = 0.259), medium effect size (d=-0.57)"}, {"cityName": "M\u00fclheim an der Ruhr", "timestamp": "2023-03", "value": 0.00013577415504389338, "incidence": 91.23225806451616, "pValue": 0.4189735042175634, "interpretation": "not statistically significant (p = 0.419), small effect size (d=-0.44)"}, {"cityName": "Oberhausen", "timestamp": "2023-03", "value": 0.0001429656627946175, "incidence": 76.14516129032258, "pValue": 0.29368385949799564, "interpretation": "not statistically significant (p = 0.294), medium effect size (d=-0.61)"}, {"cityName": "Remscheid", "timestamp": "2023-03", "value": 0.00010598055087029934, "incidence": 81.4709677419355, "pValue": 0.41930117341323125, "interpretation": "not statistically significant (p = 0.419), medium effect size (d=-0.52)"}, {"cityName": "Solingen", "timestamp": "2023-03", "value": 0.00011761495261453092, "incidence": 99.63870967741934, "pValue": 0.4891675791900467, "interpretation": "not statistically significant (p = 0.489), small effect size (d=-0.36)"}, {"cityName": "Wuppertal", "timestamp": "2023-03", "value": 0.000102158532374435, "incidence": 92.5, "pValue": 0.2773501141445033, "interpretation": "not statistically significant (p = 0.277), medium effect size (d=-0.67)"}, {"cityName": "Neuss", "timestamp": "2023-03", "value": 0.00011201270535821095, "incidence": 77.86451612903225, "pValue": 0.3656135802095253, "interpretation": "not statistically significant (p = 0.366), small effect size (d=-0.46)"}, {"cityName": "Moers", "timestamp": "2023-03", "value": 0.00011102218247417892, "incidence": 64.44193548387096, "pValue": 0.28087945191881436, "interpretation": "not statistically significant (p = 0.281), medium effect size (d=-0.61)"}, {"cityName": "Bonn", "timestamp": "2023-03", "value": 0.0001051656436175108, "incidence": 71.26774193548388, "pValue": 0.8440812936978365, "interpretation": "not statistically significant (p = 0.844), negligible effect size (d=-0.11)"}, {"cityName": "K\u00f6ln", "timestamp": "2023-03", "value": 0.00010927013742427032, "incidence": 111.44516129032257, "pValue": 0.1443480137314651, "interpretation": "not statistically significant (p = 0.144), medium effect size (d=-0.70)"}, {"cityName": "Leverkusen", "timestamp": "2023-03", "value": 0.00011654550326056778, "incidence": 143.39999999999998, "pValue": 0.6012042582643518, "interpretation": "not statistically significant (p = 0.601), small effect size (d=-0.33)"}, {"cityName": "Aachen", "timestamp": "2023-03", "value": 8.403786040585616e-05, "incidence": 96.71612903225804, "pValue": 0.5373617575053886, "interpretation": "not statistically significant (p = 0.537), small effect size (d=-0.39)"}, {"cityName": "Bergisch Gladbach", "timestamp": "2023-03", "value": 8.954159316739865e-05, "incidence": 64.80967741935486, "pValue": 0.674547347487837, "interpretation": "not statistically significant (p = 0.675), small effect size (d=-0.27)"}, {"cityName": "Bottrop", "timestamp": "2023-03", "value": 0.00011933659312917906, "incidence": 61.6967741935484, "pValue": 0.004812459394036779, "interpretation": "very significant (p < 0.01), large effect size (d=-2.08)"}, {"cityName": "Gelsenkirchen", "timestamp": "2023-03", "value": 0.00011527916306958479, "incidence": 66.81612903225806, "pValue": 0.11023575033312423, "interpretation": "not statistically significant (p = 0.110), large effect size (d=-1.11)"}, {"cityName": "M\u00fcnster", "timestamp": "2023-03", "value": 7.037052133104258e-05, "incidence": 69.88064516129033, "pValue": 0.155448268224145, "interpretation": "not statistically significant (p = 0.155), medium effect size (d=-0.65)"}, {"cityName": "Recklinghausen", "timestamp": "2023-03", "value": 8.931639604270458e-05, "incidence": 82.89354838709677, "pValue": 0.031021775987949158, "interpretation": "significant (p = 0.031), large effect size (d=-1.47)"}, {"cityName": "Bielefeld", "timestamp": "2023-03", "value": 6.480960776874174e-05, "incidence": 66.2290322580645, "pValue": 0.446710858044423, "interpretation": "not statistically significant (p = 0.447), small effect size (d=-0.45)"}, {"cityName": "G\u00fctersloh", "timestamp": "2023-03", "value": 6.533560808748007e-05, "incidence": 50.50322580645163, "pValue": 0.43312841182607187, "interpretation": "not statistically significant (p = 0.433), medium effect size (d=-0.53)"}, {"cityName": "Paderborn", "timestamp": "2023-03", "value": 4.9092836918369415e-05, "incidence": 53.02903225806451, "pValue": 0.20311592863245126, "interpretation": "not statistically significant (p = 0.203), large effect size (d=-0.83)"}, {"cityName": "Bochum", "timestamp": "2023-03", "value": 0.00010988667296866576, "incidence": 76.28709677419357, "pValue": 0.23304059154460913, "interpretation": "not statistically significant (p = 0.233), medium effect size (d=-0.72)"}, {"cityName": "Dortmund", "timestamp": "2023-03", "value": 9.182693582831645e-05, "incidence": 75.56451612903224, "pValue": 0.07310519981535162, "interpretation": "not statistically significant (p = 0.073), large effect size (d=-0.85)"}, {"cityName": "Hagen", "timestamp": "2023-03", "value": 8.437532032358235e-05, "incidence": 57.78709677419356, "pValue": 0.04173542710156137, "interpretation": "significant (p = 0.042), large effect size (d=-1.35)"}, {"cityName": "Hamm", "timestamp": "2023-03", "value": 7.370092152130036e-05, "incidence": 48.680645161290315, "pValue": 0.05731768777389051, "interpretation": "not statistically significant (p = 0.057), large effect size (d=-0.97)"}, {"cityName": "Herne", "timestamp": "2023-03", "value": 0.00011406608391553163, "incidence": 57.677419354838705, "pValue": 0.2177320411619604, "interpretation": "not statistically significant (p = 0.218), medium effect size (d=-0.75)"}, {"cityName": "Siegen", "timestamp": "2023-03", "value": 6.666711415164173e-05, "incidence": 64.6774193548387, "pValue": 0.8541794177678221, "interpretation": "not statistically significant (p = 0.854), negligible effect size (d=0.11)"}, {"cityName": "Darmstadt", "timestamp": "2023-03", "value": 7.54028812728145e-05, "incidence": 65.80645161290323, "pValue": 0.0513787729897104, "interpretation": "not statistically significant (p = 0.051), large effect size (d=-1.07)"}, {"cityName": "Frankfurt am Main", "timestamp": "2023-03", "value": 8.410030171613802e-05, "incidence": 60.9225806451613, "pValue": 0.023887340910628045, "interpretation": "significant (p = 0.024), large effect size (d=-1.07)"}, {"cityName": "Offenbach am Main", "timestamp": "2023-03", "value": 8.043442556465214e-05, "incidence": 52.26129032258064, "pValue": 0.05102395535190539, "interpretation": "not statistically significant (p = 0.051), large effect size (d=-1.03)"}, {"cityName": "Wiesbaden", "timestamp": "2023-03", "value": 6.719853910100128e-05, "incidence": 53.116129032258065, "pValue": 0.004935107732999038, "interpretation": "very significant (p < 0.01), large effect size (d=-1.78)"}, {"cityName": "Hanau", "timestamp": "2023-03", "value": 7.520710977797325e-05, "incidence": 79.95161290322581, "pValue": 0.0866632166206959, "interpretation": "not statistically significant (p = 0.087), large effect size (d=-0.96)"}, {"cityName": "Kassel", "timestamp": "2023-03", "value": 5.1503105270158914e-05, "incidence": 54.11935483870969, "pValue": 0.23386898517620042, "interpretation": "not statistically significant (p = 0.234), large effect size (d=-0.83)"}, {"cityName": "Koblenz", "timestamp": "2023-03", "value": 8.181426932828294e-05, "incidence": 112.36129032258064, "pValue": 0.488135336358009, "interpretation": "not statistically significant (p = 0.488), small effect size (d=-0.49)"}, {"cityName": "Trier", "timestamp": "2023-03", "value": 7.12932727765292e-05, "incidence": 73.45806451612901, "pValue": 0.7463504470719251, "interpretation": "not statistically significant (p = 0.746), negligible effect size (d=0.19)"}, {"cityName": "Kaiserslautern", "timestamp": "2023-03", "value": 6.841165192711812e-05, "incidence": 88.53548387096775, "pValue": 0.4966524336569246, "interpretation": "not statistically significant (p = 0.497), small effect size (d=-0.34)"}, {"cityName": "Ludwigshafen am Rhein", "timestamp": "2023-03", "value": 9.222566344154377e-05, "incidence": 45.05483870967742, "pValue": 0.14925998833035303, "interpretation": "not statistically significant (p = 0.149), medium effect size (d=-0.70)"}, {"cityName": "Mainz", "timestamp": "2023-03", "value": 8.099872502498329e-05, "incidence": 74.82580645161292, "pValue": 0.017595872469518416, "interpretation": "significant (p = 0.018), large effect size (d=-1.41)"}, {"cityName": "Stuttgart", "timestamp": "2023-03", "value": 7.503879411766927e-05, "incidence": 30.280645161290323, "pValue": 0.4378919332705843, "interpretation": "not statistically significant (p = 0.438), small effect size (d=-0.32)"}, {"cityName": "Heilbronn", "timestamp": "2023-03", "value": 6.53447350487113e-05, "incidence": 55.438709677419354, "pValue": 0.3513002559182451, "interpretation": "not statistically significant (p = 0.351), small effect size (d=-0.41)"}, {"cityName": "Karlsruhe", "timestamp": "2023-03", "value": 9.223212643216054e-05, "incidence": 42.55483870967741, "pValue": 0.3812999276349568, "interpretation": "not statistically significant (p = 0.381), small effect size (d=-0.37)"}, {"cityName": "Heidelberg", "timestamp": "2023-03", "value": 9.325373378631316e-05, "incidence": 56.69354838709679, "pValue": 0.347650364030064, "interpretation": "not statistically significant (p = 0.348), small effect size (d=-0.44)"}, {"cityName": "Mannheim", "timestamp": "2023-03", "value": 9.424342773854733e-05, "incidence": 51.377419354838715, "pValue": 0.1792712285293204, "interpretation": "not statistically significant (p = 0.179), medium effect size (d=-0.65)"}, {"cityName": "Pforzheim", "timestamp": "2023-03", "value": 6.304877913660473e-05, "incidence": 41.27096774193548, "pValue": 0.1806703104719898, "interpretation": "not statistically significant (p = 0.181), medium effect size (d=-0.62)"}, {"cityName": "Freiburg im Breisgau", "timestamp": "2023-03", "value": 5.150302227034613e-05, "incidence": 43.14193548387098, "pValue": 0.24624336242723951, "interpretation": "not statistically significant (p = 0.246), medium effect size (d=-0.54)"}, {"cityName": "Reutlingen", "timestamp": "2023-03", "value": 4.6190732973627746e-05, "incidence": 33.42258064516129, "pValue": 0.27649372509049003, "interpretation": "not statistically significant (p = 0.276), medium effect size (d=-0.52)"}, {"cityName": "Ulm", "timestamp": "2023-03", "value": 6.232459073592174e-05, "incidence": 62.303225806451614, "pValue": 0.26933403848732995, "interpretation": "not statistically significant (p = 0.269), small effect size (d=-0.48)"}, {"cityName": "Ingolstadt", "timestamp": "2023-03", "value": 6.148538765652727e-05, "incidence": 50.00322580645162, "pValue": 0.18675351463804155, "interpretation": "not statistically significant (p = 0.187), medium effect size (d=-0.66)"}, {"cityName": "M\u00fcnchen", "timestamp": "2023-03", "value": 6.622281104612809e-05, "incidence": 49.62580645161289, "pValue": 0.2312726875919905, "interpretation": "not statistically significant (p = 0.231), small effect size (d=-0.48)"}, {"cityName": "Regensburg", "timestamp": "2023-03", "value": 6.0823264842232065e-05, "incidence": 77.28064516129034, "pValue": 0.4003444287855541, "interpretation": "not statistically significant (p = 0.400), small effect size (d=-0.39)"}, {"cityName": "Erlangen", "timestamp": "2023-03", "value": 5.5332206622032185e-05, "incidence": 53.66451612903226, "pValue": 0.07443649197333431, "interpretation": "not statistically significant (p = 0.074), large effect size (d=-0.85)"}, {"cityName": "F\u00fcrth", "timestamp": "2023-03", "value": 6.14181102719158e-05, "incidence": 71.30645161290323, "pValue": 0.07638191680419722, "interpretation": "not statistically significant (p = 0.076), large effect size (d=-0.83)"}, {"cityName": "N\u00fcrnberg", "timestamp": "2023-03", "value": 6.721147590062834e-05, "incidence": 69.26129032258066, "pValue": 0.2828019931850479, "interpretation": "not statistically significant (p = 0.283), small effect size (d=-0.48)"}, {"cityName": "W\u00fcrzburg", "timestamp": "2023-03", "value": 5.065942241344601e-05, "incidence": 96.23548387096774, "pValue": 0.004234158412346239, "interpretation": "very significant (p < 0.01), large effect size (d=-1.43)"}, {"cityName": "Augsburg", "timestamp": "2023-03", "value": 5.9581572154107e-05, "incidence": 41.14193548387096, "pValue": 0.39083980247858663, "interpretation": "not statistically significant (p = 0.391), small effect size (d=-0.40)"}, {"cityName": "Saarbr\u00fccken", "timestamp": "2023-03", "value": 6.577048916369676e-05, "incidence": 100.19999999999999, "pValue": 0.24913058876589406, "interpretation": "not statistically significant (p = 0.249), medium effect size (d=-0.59)"}, {"cityName": "Berlin", "timestamp": "2023-03", "value": 6.504526089240865e-05, "incidence": 0.0, "pValue": 0.36422819394652006, "interpretation": "not statistically significant (p = 0.364), small effect size (d=-0.41)"}, {"cityName": "Cottbus", "timestamp": "2023-03", "value": 5.071046045766427e-05, "incidence": 79.08709677419357, "pValue": 0.15724839387822623, "interpretation": "not statistically significant (p = 0.157), large effect size (d=-0.99)"}, {"cityName": "Potsdam", "timestamp": "2023-03", "value": 5.332380533218384e-05, "incidence": 52.648387096774194, "pValue": 0.8712317102189631, "interpretation": "not statistically significant (p = 0.871), negligible effect size (d=0.08)"}, {"cityName": "Rostock", "timestamp": "2023-03", "value": 3.61009416255084e-05, "incidence": 59.63548387096775, "pValue": 0.6527217722682419, "interpretation": "not statistically significant (p = 0.653), small effect size (d=-0.22)"}, {"cityName": "Chemnitz", "timestamp": "2023-03", "value": 6.892876813142765e-05, "incidence": 47.17741935483871, "pValue": 0.3684340046819069, "interpretation": "not statistically significant (p = 0.368), small effect size (d=0.47)"}, {"cityName": "Dresden", "timestamp": "2023-03", "value": 6.945010443980043e-05, "incidence": 42.125806451612895, "pValue": 0.2716310018130133, "interpretation": "not statistically significant (p = 0.272), medium effect size (d=-0.59)"}, {"cityName": "Leipzig", "timestamp": "2023-03", "value": 6.354763172566891e-05, "incidence": 80.50967741935484, "pValue": 0.4449501698129962, "interpretation": "not statistically significant (p = 0.445), small effect size (d=-0.44)"}, {"cityName": "Halle (Saale)", "timestamp": "2023-03", "value": 5.433217544729511e-05, "incidence": 64.86451612903227, "pValue": 0.4554358128451176, "interpretation": "not statistically significant (p = 0.455), small effect size (d=-0.47)"}, {"cityName": "Magdeburg", "timestamp": "2023-03", "value": 4.5161525792393243e-05, "incidence": 46.1483870967742, "pValue": 0.036817112283319235, "interpretation": "significant (p = 0.037), large effect size (d=-1.15)"}, {"cityName": "Erfurt", "timestamp": "2023-03", "value": 5.486256819456182e-05, "incidence": 58.954838709677425, "pValue": 0.07569320416395832, "interpretation": "not statistically significant (p = 0.076), large effect size (d=-1.00)"}, {"cityName": "Jena", "timestamp": "2023-03", "value": 5.511649780803257e-05, "incidence": 52.88387096774194, "pValue": 0.23573971361472643, "interpretation": "not statistically significant (p = 0.236), medium effect size (d=-0.60)"}]