[{"cityName": "Kiel", "timestamp": "2022-11", "value": 5.876968636931408e-05, "incidence": 202.5, "pValue": 0.9800418694763013, "interpretation": "not statistically significant (p = 0.980), negligible effect size (d=-0.01)"}, {"cityName": "L\u00fcbeck", "timestamp": "2022-11", "value": 5.887770870079597e-05, "incidence": 315.79666666666674, "pValue": 0.748502196995301, "interpretation": "not statistically significant (p = 0.749), negligible effect size (d=0.16)"}, {"cityName": "Hamburg", "timestamp": "2022-11", "value": 7.104910220260973e-05, "incidence": 230.23999999999995, "pValue": 0.5344318402119665, "interpretation": "not statistically significant (p = 0.534), small effect size (d=-0.26)"}, {"cityName": "Braunschweig", "timestamp": "2022-11", "value": 6.446006077834788e-05, "incidence": 348.2133333333333, "pValue": 0.06371940332417245, "interpretation": "not statistically significant (p = 0.064), large effect size (d=-0.90)"}, {"cityName": "Salzgitter", "timestamp": "2022-11", "value": 5.617456045001745e-05, "incidence": 335.4966666666667, "pValue": 0.17300278702096267, "interpretation": "not statistically significant (p = 0.173), medium effect size (d=-0.57)"}, {"cityName": "Wolfsburg", "timestamp": "2022-11", "value": 5.8260519596699035e-05, "incidence": 363.3733333333334, "pValue": 0.5667562860187867, "interpretation": "not statistically significant (p = 0.567), small effect size (d=-0.27)"}, {"cityName": "G\u00f6ttingen", "timestamp": "2022-11", "value": 5.199252406046504e-05, "incidence": 377.64000000000004, "pValue": 0.21405372158514133, "interpretation": "not statistically significant (p = 0.214), medium effect size (d=-0.67)"}, {"cityName": "Hannover", "timestamp": "2022-11", "value": 6.967007280572464e-05, "incidence": 319.12, "pValue": 0.8756184844192576, "interpretation": "not statistically significant (p = 0.876), negligible effect size (d=0.07)"}, {"cityName": "Hildesheim", "timestamp": "2022-11", "value": 5.2563349634189816e-05, "incidence": 412.4700000000001, "pValue": 0.6638396657392849, "interpretation": "not statistically significant (p = 0.664), small effect size (d=-0.23)"}, {"cityName": "Oldenburg (Oldb)", "timestamp": "2022-11", "value": 7.420285837724804e-05, "incidence": 284.98333333333335, "pValue": 0.7463308810079123, "interpretation": "not statistically significant (p = 0.746), negligible effect size (d=0.17)"}, {"cityName": "Osnabr\u00fcck", "timestamp": "2022-11", "value": 7.579670372334394e-05, "incidence": 389.16, "pValue": 0.41519126550280805, "interpretation": "not statistically significant (p = 0.415), small effect size (d=-0.36)"}, {"cityName": "Bremen", "timestamp": "2022-11", "value": 7.707680590817185e-05, "incidence": 318.06999999999994, "pValue": 0.749700779255335, "interpretation": "not statistically significant (p = 0.750), negligible effect size (d=-0.15)"}, {"cityName": "Bremerhaven", "timestamp": "2022-11", "value": 6.848897152979459e-05, "incidence": 304.0599999999999, "pValue": 0.947844164772272, "interpretation": "not statistically significant (p = 0.948), negligible effect size (d=0.03)"}, {"cityName": "D\u00fcsseldorf", "timestamp": "2022-11", "value": 9.74962987550875e-05, "incidence": 277.47999999999996, "pValue": 0.006939013144819837, "interpretation": "very significant (p < 0.01), large effect size (d=-1.26)"}, {"cityName": "Duisburg", "timestamp": "2022-11", "value": 0.00010503115705572642, "incidence": 215.54000000000002, "pValue": 0.02702399019052985, "interpretation": "significant (p = 0.027), large effect size (d=-0.91)"}, {"cityName": "Essen", "timestamp": "2022-11", "value": 9.740042524077953e-05, "incidence": 260.03000000000003, "pValue": 0.04618661452126236, "interpretation": "significant (p = 0.046), large effect size (d=-1.08)"}, {"cityName": "Krefeld", "timestamp": "2022-11", "value": 8.474593050777912e-05, "incidence": 302.9566666666666, "pValue": 0.0026025127673313976, "interpretation": "very significant (p < 0.01), large effect size (d=-1.35)"}, {"cityName": "M\u00f6nchengladbach", "timestamp": "2022-11", "value": 7.578409437475533e-05, "incidence": 345.8233333333333, "pValue": 0.035800895624308625, "interpretation": "significant (p = 0.036), large effect size (d=-0.93)"}, {"cityName": "M\u00fclheim an der Ruhr", "timestamp": "2022-11", "value": 9.828740601531333e-05, "incidence": 282.7733333333333, "pValue": 0.03756864392749831, "interpretation": "significant (p = 0.038), large effect size (d=-0.99)"}, {"cityName": "Oberhausen", "timestamp": "2022-11", "value": 0.00011644018097565725, "incidence": 218.70666666666673, "pValue": 0.1711404105964319, "interpretation": "not statistically significant (p = 0.171), medium effect size (d=-0.71)"}, {"cityName": "Remscheid", "timestamp": "2022-11", "value": 6.86656218022108e-05, "incidence": 355.13000000000005, "pValue": 0.010364832046739013, "interpretation": "significant (p = 0.010), large effect size (d=-1.42)"}, {"cityName": "Solingen", "timestamp": "2022-11", "value": 8.001431706361473e-05, "incidence": 353.9466666666668, "pValue": 0.21245989012439945, "interpretation": "not statistically significant (p = 0.212), medium effect size (d=-0.60)"}, {"cityName": "Wuppertal", "timestamp": "2022-11", "value": 7.41122704413202e-05, "incidence": 334.60999999999996, "pValue": 0.0877209355710625, "interpretation": "not statistically significant (p = 0.088), medium effect size (d=-0.73)"}, {"cityName": "Neuss", "timestamp": "2022-11", "value": 9.165660594590008e-05, "incidence": 298.12333333333333, "pValue": 0.0017564854739932727, "interpretation": "very significant (p < 0.01), large effect size (d=-1.60)"}, {"cityName": "Moers", "timestamp": "2022-11", "value": 9.745517412998847e-05, "incidence": 332.9866666666667, "pValue": 0.018556187142218197, "interpretation": "significant (p = 0.019), large effect size (d=-1.07)"}, {"cityName": "Bonn", "timestamp": "2022-11", "value": 5.014890021729198e-05, "incidence": 257.11333333333334, "pValue": 0.0021979052636730578, "interpretation": "very significant (p < 0.01), large effect size (d=-1.56)"}, {"cityName": "K\u00f6ln", "timestamp": "2022-11", "value": 7.756778763400184e-05, "incidence": 275.30333333333334, "pValue": 0.00863326446149491, "interpretation": "very significant (p < 0.01), large effect size (d=-1.10)"}, {"cityName": "Leverkusen", "timestamp": "2022-11", "value": 8.38729611132294e-05, "incidence": 341.96000000000004, "pValue": 0.005063468188039851, "interpretation": "very significant (p < 0.01), large effect size (d=-1.34)"}, {"cityName": "Aachen", "timestamp": "2022-11", "value": 4.830232676889362e-05, "incidence": 340.32666666666665, "pValue": 0.07404008494051245, "interpretation": "not statistically significant (p = 0.074), large effect size (d=-0.82)"}, {"cityName": "Bergisch Gladbach", "timestamp": "2022-11", "value": 6.837256452334779e-05, "incidence": 333.01, "pValue": 0.3367569620656389, "interpretation": "not statistically significant (p = 0.337), small effect size (d=-0.47)"}, {"cityName": "Bottrop", "timestamp": "2022-11", "value": 0.00011108078829505864, "incidence": 312.5200000000001, "pValue": 0.014568334495530544, "interpretation": "significant (p = 0.015), large effect size (d=-1.12)"}, {"cityName": "Gelsenkirchen", "timestamp": "2022-11", "value": 0.00010920913123032627, "incidence": 263.81666666666666, "pValue": 0.021721287549944745, "interpretation": "significant (p = 0.022), large effect size (d=-1.12)"}, {"cityName": "M\u00fcnster", "timestamp": "2022-11", "value": 8.412801840326243e-05, "incidence": 310.49, "pValue": 0.19835958660070294, "interpretation": "not statistically significant (p = 0.198), medium effect size (d=-0.52)"}, {"cityName": "Recklinghausen", "timestamp": "2022-11", "value": 0.0001071550829622608, "incidence": 302.10666666666674, "pValue": 0.016916571505671815, "interpretation": "significant (p = 0.017), large effect size (d=-1.40)"}, {"cityName": "Bielefeld", "timestamp": "2022-11", "value": 7.143235901215424e-05, "incidence": 387.72666666666674, "pValue": 0.5560062974266756, "interpretation": "not statistically significant (p = 0.556), small effect size (d=-0.24)"}, {"cityName": "G\u00fctersloh", "timestamp": "2022-11", "value": 6.942074978724122e-05, "incidence": 306.25666666666655, "pValue": 0.13676043853099343, "interpretation": "not statistically significant (p = 0.137), medium effect size (d=-0.69)"}, {"cityName": "Paderborn", "timestamp": "2022-11", "value": 5.637137069096488e-05, "incidence": 313.4466666666666, "pValue": 0.9138908831713398, "interpretation": "not statistically significant (p = 0.914), negligible effect size (d=0.05)"}, {"cityName": "Bochum", "timestamp": "2022-11", "value": 9.994005085900426e-05, "incidence": 319.0766666666667, "pValue": 0.03651465374402844, "interpretation": "significant (p = 0.037), large effect size (d=-1.22)"}, {"cityName": "Dortmund", "timestamp": "2022-11", "value": 9.029628891570895e-05, "incidence": 291.6766666666667, "pValue": 0.012955492746340216, "interpretation": "significant (p = 0.013), large effect size (d=-1.20)"}, {"cityName": "Hagen", "timestamp": "2022-11", "value": 7.262943986931751e-05, "incidence": 303.26666666666665, "pValue": 0.5151198448169743, "interpretation": "not statistically significant (p = 0.515), small effect size (d=-0.30)"}, {"cityName": "Hamm", "timestamp": "2022-11", "value": 9.129023999862728e-05, "incidence": 410.73999999999995, "pValue": 0.5122465097401883, "interpretation": "not statistically significant (p = 0.512), small effect size (d=-0.28)"}, {"cityName": "Herne", "timestamp": "2022-11", "value": 0.00010733529925346374, "incidence": 331.20333333333326, "pValue": 0.007692340211589351, "interpretation": "very significant (p < 0.01), large effect size (d=-1.68)"}, {"cityName": "Siegen", "timestamp": "2022-11", "value": 7.636783411726355e-05, "incidence": 360.25, "pValue": 0.46797832055032396, "interpretation": "not statistically significant (p = 0.468), small effect size (d=0.41)"}, {"cityName": "Darmstadt", "timestamp": "2022-11", "value": 7.172698282044043e-05, "incidence": 294.2366666666667, "pValue": 0.10459617888461703, "interpretation": "not statistically significant (p = 0.105), large effect size (d=-0.98)"}, {"cityName": "Frankfurt am Main", "timestamp": "2022-11", "value": 8.994152515449308e-05, "incidence": 191.23666666666665, "pValue": 0.7439464153452491, "interpretation": "not statistically significant (p = 0.744), negligible effect size (d=-0.16)"}, {"cityName": "Offenbach am Main", "timestamp": "2022-11", "value": 8.408754894679242e-05, "incidence": 194.89666666666662, "pValue": 0.6447329666103907, "interpretation": "not statistically significant (p = 0.645), small effect size (d=-0.28)"}, {"cityName": "Wiesbaden", "timestamp": "2022-11", "value": 6.525719719421532e-05, "incidence": 261.98999999999995, "pValue": 0.5084821348987258, "interpretation": "not statistically significant (p = 0.508), small effect size (d=-0.30)"}, {"cityName": "Hanau", "timestamp": "2022-11", "value": 7.70332094711753e-05, "incidence": 269.36333333333334, "pValue": 0.6675786564529207, "interpretation": "not statistically significant (p = 0.668), small effect size (d=-0.24)"}, {"cityName": "Kassel", "timestamp": "2022-11", "value": 6.222217861149047e-05, "incidence": 237.52999999999992, "pValue": 0.9189046549616441, "interpretation": "not statistically significant (p = 0.919), negligible effect size (d=-0.06)"}, {"cityName": "Koblenz", "timestamp": "2022-11", "value": 5.426391079607937e-05, "incidence": 247.68333333333334, "pValue": 0.015389617260913441, "interpretation": "significant (p = 0.015), large effect size (d=-1.35)"}, {"cityName": "Trier", "timestamp": "2022-11", "value": 5.377545603550971e-05, "incidence": 206.39333333333332, "pValue": 0.4602860980466612, "interpretation": "not statistically significant (p = 0.460), medium effect size (d=-0.54)"}, {"cityName": "Kaiserslautern", "timestamp": "2022-11", "value": 4.650631812042915e-05, "incidence": 252.24333333333337, "pValue": 0.3806472325420782, "interpretation": "not statistically significant (p = 0.381), small effect size (d=-0.49)"}, {"cityName": "Ludwigshafen am Rhein", "timestamp": "2022-11", "value": 6.494545474803697e-05, "incidence": 139.13666666666668, "pValue": 1.0, "interpretation": "Insufficient data for this month for a statistical test."}, {"cityName": "Mainz", "timestamp": "2022-11", "value": 5.7586803450249135e-05, "incidence": 264.31333333333333, "pValue": 0.10240337353646319, "interpretation": "not statistically significant (p = 0.102), large effect size (d=-0.90)"}, {"cityName": "Stuttgart", "timestamp": "2022-11", "value": 6.663224970300992e-05, "incidence": 119.95666666666668, "pValue": 0.5732546314468269, "interpretation": "not statistically significant (p = 0.573), small effect size (d=0.24)"}, {"cityName": "Heilbronn", "timestamp": "2022-11", "value": 6.445860748903619e-05, "incidence": 136.42, "pValue": 0.1339036084187573, "interpretation": "not statistically significant (p = 0.134), large effect size (d=-0.97)"}, {"cityName": "Karlsruhe", "timestamp": "2022-11", "value": 6.35603287567695e-05, "incidence": 211.72666666666666, "pValue": 0.09537470184830307, "interpretation": "not statistically significant (p = 0.095), large effect size (d=-0.81)"}, {"cityName": "Heidelberg", "timestamp": "2022-11", "value": 6.692765868808094e-05, "incidence": 165.7766666666667, "pValue": 0.7534572696432115, "interpretation": "not statistically significant (p = 0.753), small effect size (d=-0.21)"}, {"cityName": "Mannheim", "timestamp": "2022-11", "value": 7.204819470643998e-05, "incidence": 157.09999999999997, "pValue": 0.7184261789236095, "interpretation": "not statistically significant (p = 0.718), small effect size (d=-0.22)"}, {"cityName": "Pforzheim", "timestamp": "2022-11", "value": 4.7135037473506396e-05, "incidence": 201.35666666666665, "pValue": 0.13714282870604907, "interpretation": "not statistically significant (p = 0.137), medium effect size (d=-0.80)"}, {"cityName": "Freiburg im Breisgau", "timestamp": "2022-11", "value": 4.151433326855854e-05, "incidence": 210.46999999999997, "pValue": 0.46107238869222733, "interpretation": "not statistically significant (p = 0.461), small effect size (d=-0.33)"}, {"cityName": "Reutlingen", "timestamp": "2022-11", "value": 4.874065052717924e-05, "incidence": 179.41666666666666, "pValue": 0.47474826005706017, "interpretation": "not statistically significant (p = 0.475), small effect size (d=-0.33)"}, {"cityName": "Ulm", "timestamp": "2022-11", "value": 6.56040287331531e-05, "incidence": 176.1233333333333, "pValue": 0.4972406359812074, "interpretation": "not statistically significant (p = 0.497), small effect size (d=0.46)"}, {"cityName": "Ingolstadt", "timestamp": "2022-11", "value": 6.773457183347394e-05, "incidence": 128.85333333333332, "pValue": 0.6085500770654337, "interpretation": "not statistically significant (p = 0.609), small effect size (d=0.29)"}, {"cityName": "M\u00fcnchen", "timestamp": "2022-11", "value": 7.366989022837236e-05, "incidence": 112.28333333333337, "pValue": 0.1544043281241572, "interpretation": "not statistically significant (p = 0.154), medium effect size (d=0.79)"}, {"cityName": "Regensburg", "timestamp": "2022-11", "value": 6.0783951388051115e-05, "incidence": 182.62666666666667, "pValue": 0.07673794195267816, "interpretation": "not statistically significant (p = 0.077), large effect size (d=-0.92)"}, {"cityName": "Erlangen", "timestamp": "2022-11", "value": 6.768836257314044e-05, "incidence": 144.01999999999998, "pValue": 0.9922213618796321, "interpretation": "not statistically significant (p = 0.992), negligible effect size (d=0.01)"}, {"cityName": "F\u00fcrth", "timestamp": "2022-11", "value": 6.773116765543819e-05, "incidence": 193.9666666666667, "pValue": 0.44563727731445935, "interpretation": "not statistically significant (p = 0.446), small effect size (d=-0.48)"}, {"cityName": "N\u00fcrnberg", "timestamp": "2022-11", "value": 6.45195303315466e-05, "incidence": 185.76666666666662, "pValue": 0.16862088303818967, "interpretation": "not statistically significant (p = 0.169), medium effect size (d=-0.78)"}, {"cityName": "W\u00fcrzburg", "timestamp": "2022-11", "value": 6.294200284173712e-05, "incidence": 233.17333333333332, "pValue": 0.15164390328244975, "interpretation": "not statistically significant (p = 0.152), medium effect size (d=0.77)"}, {"cityName": "Augsburg", "timestamp": "2022-11", "value": 6.0842381432079353e-05, "incidence": 163.33333333333337, "pValue": 0.8385878487533582, "interpretation": "not statistically significant (p = 0.839), negligible effect size (d=0.11)"}, {"cityName": "Saarbr\u00fccken", "timestamp": "2022-11", "value": 4.609456130613883e-05, "incidence": 226.06999999999996, "pValue": 0.5915674018031898, "interpretation": "not statistically significant (p = 0.592), small effect size (d=-0.31)"}, {"cityName": "Berlin", "timestamp": "2022-11", "value": 6.490861769856477e-05, "incidence": 0.0, "pValue": 0.06850850507519574, "interpretation": "not statistically significant (p = 0.069), large effect size (d=-0.84)"}, {"cityName": "Cottbus", "timestamp": "2022-11", "value": 6.644220915264808e-05, "incidence": 329.03666666666663, "pValue": 0.052468253893763805, "interpretation": "not statistically significant (p = 0.052), large effect size (d=-0.96)"}, {"cityName": "Potsdam", "timestamp": "2022-11", "value": 5.006874048644129e-05, "incidence": 263.8266666666667, "pValue": 0.09224478761446833, "interpretation": "not statistically significant (p = 0.092), large effect size (d=-0.82)"}, {"cityName": "Rostock", "timestamp": "2022-11", "value": 4.887611210120447e-05, "incidence": 362.2733333333333, "pValue": 0.6409607992710135, "interpretation": "not statistically significant (p = 0.641), small effect size (d=-0.25)"}, {"cityName": "Chemnitz", "timestamp": "2022-11", "value": 5.5046615804113995e-05, "incidence": 191.55000000000004, "pValue": 0.35563941025718104, "interpretation": "not statistically significant (p = 0.356), small effect size (d=-0.44)"}, {"cityName": "Dresden", "timestamp": "2022-11", "value": 6.888570602644574e-05, "incidence": 222.29333333333335, "pValue": 0.3742502954189725, "interpretation": "not statistically significant (p = 0.374), small effect size (d=-0.36)"}, {"cityName": "Leipzig", "timestamp": "2022-11", "value": 6.819416896677485e-05, "incidence": 236.96666666666667, "pValue": 0.20523270567418503, "interpretation": "not statistically significant (p = 0.205), medium effect size (d=-0.53)"}, {"cityName": "Halle (Saale)", "timestamp": "2022-11", "value": 5.734827330646416e-05, "incidence": 263.3233333333333, "pValue": 0.12944936737016358, "interpretation": "not statistically significant (p = 0.129), medium effect size (d=-0.69)"}, {"cityName": "Magdeburg", "timestamp": "2022-11", "value": 5.181323687889074e-05, "incidence": 189.84333333333333, "pValue": 0.11556659929141758, "interpretation": "not statistically significant (p = 0.116), medium effect size (d=-0.74)"}, {"cityName": "Erfurt", "timestamp": "2022-11", "value": 5.372508646959954e-05, "incidence": 166.43333333333328, "pValue": 0.9485886438236326, "interpretation": "not statistically significant (p = 0.949), negligible effect size (d=-0.03)"}, {"cityName": "Jena", "timestamp": "2022-11", "value": 5.511017904306451e-05, "incidence": 168.80333333333328, "pValue": 0.9253766898117041, "interpretation": "not statistically significant (p = 0.925), negligible effect size (d=-0.04)"}]