[{"cityName": "Kiel", "timestamp": "2019-04", "value": 4.2530907584088186e-05, "incidence": 0.0, "pValue": 1.0, "interpretation": "Precovid baseline"}, {"cityName": "L\u00fcbeck", "timestamp": "2019-04", "value": 5.0661529207395186e-05, "incidence": 0.0, "pValue": 1.0, "interpretation": "Precovid baseline"}, {"cityName": "Hamburg", "timestamp": "2019-04", "value": 6.834071267534185e-05, "incidence": 0.0, "pValue": 1.0, "interpretation": "Precovid baseline"}, {"cityName": "Braunschweig", "timestamp": "2019-04", "value": 5.975705982350251e-05, "incidence": 0.0, "pValue": 1.0, "interpretation": "Precovid baseline"}, {"cityName": "Salzgitter", "timestamp": "2019-04", "value": 6.30907597951591e-05, "incidence": 0.0, "pValue": 1.0, "interpretation": "Precovid baseline"}, {"cityName": "Wolfsburg", "timestamp": "2019-04", "value": 4.969097637130242e-05, "incidence": 0.0, "pValue": 1.0, "interpretation": "Precovid baseline"}, {"cityName": "G\u00f6ttingen", "timestamp": "2019-04", "value": 4.8807556075709204e-05, "incidence": 0.0, "pValue": 1.0, "interpretation": "Precovid baseline"}, {"cityName": "Hannover", "timestamp": "2019-04", "value": 6.63219436414932e-05, "incidence": 0.0, "pValue": 1.0, "interpretation": "Precovid baseline"}, {"cityName": "Hildesheim", "timestamp": "2019-04", "value": 6.14781302454717e-05, "incidence": 0.0, "pValue": 1.0, "interpretation": "Precovid baseline"}, {"cityName": "Oldenburg (Oldb)", "timestamp": "2019-04", "value": 5.966145545244217e-05, "incidence": 0.0, "pValue": 1.0, "interpretation": "Precovid baseline"}, {"cityName": "Osnabr\u00fcck", "timestamp": "2019-04", "value": 6.741271036761728e-05, "incidence": 0.0, "pValue": 1.0, "interpretation": "Precovid baseline"}, {"cityName": "Bremen", "timestamp": "2019-04", "value": 6.611564303519296e-05, "incidence": 0.0, "pValue": 1.0, "interpretation": "Precovid baseline"}, {"cityName": "Bremerhaven", "timestamp": "2019-04", "value": 6.0148711781948805e-05, "incidence": 0.0, "pValue": 1.0, "interpretation": "Precovid baseline"}, {"cityName": "D\u00fcsseldorf", "timestamp": "2019-04", "value": 0.00013460390406047425, "incidence": 0.0, "pValue": 1.0, "interpretation": "Precovid baseline"}, {"cityName": "Duisburg", "timestamp": "2019-04", "value": 0.00014795450111612296, "incidence": 0.0, "pValue": 1.0, "interpretation": "Precovid baseline"}, {"cityName": "Essen", "timestamp": "2019-04", "value": 0.00011375157210307244, "incidence": 0.0, "pValue": 1.0, "interpretation": "Precovid baseline"}, {"cityName": "Krefeld", "timestamp": "2019-04", "value": 0.0001747710988498651, "incidence": 0.0, "pValue": 1.0, "interpretation": "Precovid baseline"}, {"cityName": "M\u00f6nchengladbach", "timestamp": "2019-04", "value": 0.00014829995303318417, "incidence": 0.0, "pValue": 1.0, "interpretation": "Precovid baseline"}, {"cityName": "M\u00fclheim an der Ruhr", "timestamp": "2019-04", "value": 0.00012307032011449337, "incidence": 0.0, "pValue": 1.0, "interpretation": "Precovid baseline"}, {"cityName": "Oberhausen", "timestamp": "2019-04", "value": 0.00012986277803205527, "incidence": 0.0, "pValue": 1.0, "interpretation": "Precovid baseline"}, {"cityName": "Remscheid", "timestamp": "2019-04", "value": 8.593595897157988e-05, "incidence": 0.0, "pValue": 1.0, "interpretation": "Precovid baseline"}, {"cityName": "Solingen", "timestamp": "2019-04", "value": 0.00010012354323407635, "incidence": 0.0, "pValue": 1.0, "interpretation": "Precovid baseline"}, {"cityName": "Wuppertal", "timestamp": "2019-04", "value": 9.238794101057229e-05, "incidence": 0.0, "pValue": 1.0, "interpretation": "Precovid baseline"}, {"cityName": "Neuss", "timestamp": "2019-04", "value": 0.00014199508586898446, "incidence": 0.0, "pValue": 1.0, "interpretation": "Precovid baseline"}, {"cityName": "Moers", "timestamp": "2019-04", "value": 0.0001733560680544802, "incidence": 0.0, "pValue": 1.0, "interpretation": "Precovid baseline"}, {"cityName": "Bonn", "timestamp": "2019-04", "value": 7.701719137416644e-05, "incidence": 0.0, "pValue": 1.0, "interpretation": "Precovid baseline"}, {"cityName": "K\u00f6ln", "timestamp": "2019-04", "value": 0.00011799456034269597, "incidence": 0.0, "pValue": 1.0, "interpretation": "Precovid baseline"}, {"cityName": "Leverkusen", "timestamp": "2019-04", "value": 0.0001088471714562426, "incidence": 0.0, "pValue": 1.0, "interpretation": "Precovid baseline"}, {"cityName": "Aachen", "timestamp": "2019-04", "value": 0.00010876280480417712, "incidence": 0.0, "pValue": 1.0, "interpretation": "Precovid baseline"}, {"cityName": "Bergisch Gladbach", "timestamp": "2019-04", "value": 8.43009412554758e-05, "incidence": 0.0, "pValue": 1.0, "interpretation": "Precovid baseline"}, {"cityName": "Bottrop", "timestamp": "2019-04", "value": 0.00011817412450909615, "incidence": 0.0, "pValue": 1.0, "interpretation": "Precovid baseline"}, {"cityName": "Gelsenkirchen", "timestamp": "2019-04", "value": 0.00010468153392567354, "incidence": 0.0, "pValue": 1.0, "interpretation": "Precovid baseline"}, {"cityName": "M\u00fcnster", "timestamp": "2019-04", "value": 5.8139478297610035e-05, "incidence": 0.0, "pValue": 1.0, "interpretation": "Precovid baseline"}, {"cityName": "Recklinghausen", "timestamp": "2019-04", "value": 8.731202867168646e-05, "incidence": 0.0, "pValue": 1.0, "interpretation": "Precovid baseline"}, {"cityName": "Bielefeld", "timestamp": "2019-04", "value": 6.343410738433401e-05, "incidence": 0.0, "pValue": 1.0, "interpretation": "Precovid baseline"}, {"cityName": "G\u00fctersloh", "timestamp": "2019-04", "value": 6.60655612591654e-05, "incidence": 0.0, "pValue": 1.0, "interpretation": "Precovid baseline"}, {"cityName": "Paderborn", "timestamp": "2019-04", "value": 5.351102745701229e-05, "incidence": 0.0, "pValue": 1.0, "interpretation": "Precovid baseline"}, {"cityName": "Bochum", "timestamp": "2019-04", "value": 9.829287106792133e-05, "incidence": 0.0, "pValue": 1.0, "interpretation": "Precovid baseline"}, {"cityName": "Dortmund", "timestamp": "2019-04", "value": 8.053843881569657e-05, "incidence": 0.0, "pValue": 1.0, "interpretation": "Precovid baseline"}, {"cityName": "Hagen", "timestamp": "2019-04", "value": 7.462885295008791e-05, "incidence": 0.0, "pValue": 1.0, "interpretation": "Precovid baseline"}, {"cityName": "Hamm", "timestamp": "2019-04", "value": 6.655613071329536e-05, "incidence": 0.0, "pValue": 1.0, "interpretation": "Precovid baseline"}, {"cityName": "Herne", "timestamp": "2019-04", "value": 0.00010118832578882575, "incidence": 0.0, "pValue": 1.0, "interpretation": "Precovid baseline"}, {"cityName": "Siegen", "timestamp": "2019-04", "value": 5.6863483041524884e-05, "incidence": 0.0, "pValue": 1.0, "interpretation": "Precovid baseline"}, {"cityName": "Darmstadt", "timestamp": "2019-04", "value": 7.473663638599895e-05, "incidence": 0.0, "pValue": 1.0, "interpretation": "Precovid baseline"}, {"cityName": "Frankfurt am Main", "timestamp": "2019-04", "value": 9.771610017527233e-05, "incidence": 0.0, "pValue": 1.0, "interpretation": "Precovid baseline"}, {"cityName": "Offenbach am Main", "timestamp": "2019-04", "value": 7.986415452747183e-05, "incidence": 0.0, "pValue": 1.0, "interpretation": "Precovid baseline"}, {"cityName": "Wiesbaden", "timestamp": "2019-04", "value": 8.900276669818495e-05, "incidence": 0.0, "pValue": 1.0, "interpretation": "Precovid baseline"}, {"cityName": "Hanau", "timestamp": "2019-04", "value": 6.343735955082453e-05, "incidence": 0.0, "pValue": 1.0, "interpretation": "Precovid baseline"}, {"cityName": "Kassel", "timestamp": "2019-04", "value": 5.746669032507473e-05, "incidence": 0.0, "pValue": 1.0, "interpretation": "Precovid baseline"}, {"cityName": "Koblenz", "timestamp": "2019-04", "value": 6.030170091738304e-05, "incidence": 0.0, "pValue": 1.0, "interpretation": "Precovid baseline"}, {"cityName": "Trier", "timestamp": "2019-04", "value": 5.4799567442387344e-05, "incidence": 0.0, "pValue": 1.0, "interpretation": "Precovid baseline"}, {"cityName": "Kaiserslautern", "timestamp": "2019-04", "value": 7.082798625700749e-05, "incidence": 0.0, "pValue": 1.0, "interpretation": "Precovid baseline"}, {"cityName": "Ludwigshafen am Rhein", "timestamp": "2019-04", "value": 0.00011824789301802714, "incidence": 0.0, "pValue": 1.0, "interpretation": "Precovid baseline"}, {"cityName": "Mainz", "timestamp": "2019-04", "value": 9.563265484757721e-05, "incidence": 0.0, "pValue": 1.0, "interpretation": "Precovid baseline"}, {"cityName": "Stuttgart", "timestamp": "2019-04", "value": 7.543935337000423e-05, "incidence": 0.0, "pValue": 1.0, "interpretation": "Precovid baseline"}, {"cityName": "Heilbronn", "timestamp": "2019-04", "value": 8.309395181842976e-05, "incidence": 0.0, "pValue": 1.0, "interpretation": "Precovid baseline"}, {"cityName": "Karlsruhe", "timestamp": "2019-04", "value": 7.994145465393861e-05, "incidence": 0.0, "pValue": 1.0, "interpretation": "Precovid baseline"}, {"cityName": "Heidelberg", "timestamp": "2019-04", "value": 6.115910793213468e-05, "incidence": 0.0, "pValue": 1.0, "interpretation": "Precovid baseline"}, {"cityName": "Mannheim", "timestamp": "2019-04", "value": 8.631033822894097e-05, "incidence": 0.0, "pValue": 1.0, "interpretation": "Precovid baseline"}, {"cityName": "Pforzheim", "timestamp": "2019-04", "value": 6.961552167518271e-05, "incidence": 0.0, "pValue": 1.0, "interpretation": "Precovid baseline"}, {"cityName": "Freiburg im Breisgau", "timestamp": "2019-04", "value": 8.845165440881694e-05, "incidence": 0.0, "pValue": 1.0, "interpretation": "Precovid baseline"}, {"cityName": "Reutlingen", "timestamp": "2019-04", "value": 5.667895311489701e-05, "incidence": 0.0, "pValue": 1.0, "interpretation": "Precovid baseline"}, {"cityName": "Ulm", "timestamp": "2019-04", "value": 6.967079580614441e-05, "incidence": 0.0, "pValue": 1.0, "interpretation": "Precovid baseline"}, {"cityName": "Ingolstadt", "timestamp": "2019-04", "value": 6.088983112325271e-05, "incidence": 0.0, "pValue": 1.0, "interpretation": "Precovid baseline"}, {"cityName": "M\u00fcnchen", "timestamp": "2019-04", "value": 7.918612279284459e-05, "incidence": 0.0, "pValue": 1.0, "interpretation": "Precovid baseline"}, {"cityName": "Regensburg", "timestamp": "2019-04", "value": 5.6732717591027417e-05, "incidence": 0.0, "pValue": 1.0, "interpretation": "Precovid baseline"}, {"cityName": "Erlangen", "timestamp": "2019-04", "value": 4.764968512712845e-05, "incidence": 0.0, "pValue": 1.0, "interpretation": "Precovid baseline"}, {"cityName": "F\u00fcrth", "timestamp": "2019-04", "value": 5.35986851900816e-05, "incidence": 0.0, "pValue": 1.0, "interpretation": "Precovid baseline"}, {"cityName": "N\u00fcrnberg", "timestamp": "2019-04", "value": 5.4873568429188296e-05, "incidence": 0.0, "pValue": 1.0, "interpretation": "Precovid baseline"}, {"cityName": "W\u00fcrzburg", "timestamp": "2019-04", "value": 5.626787606161088e-05, "incidence": 0.0, "pValue": 1.0, "interpretation": "Precovid baseline"}, {"cityName": "Augsburg", "timestamp": "2019-04", "value": 6.813770428729746e-05, "incidence": 0.0, "pValue": 1.0, "interpretation": "Precovid baseline"}, {"cityName": "Saarbr\u00fccken", "timestamp": "2019-04", "value": 5.891344044357538e-05, "incidence": 0.0, "pValue": 1.0, "interpretation": "Precovid baseline"}, {"cityName": "Berlin", "timestamp": "2019-04", "value": 6.483775767974737e-05, "incidence": 0.0, "pValue": 1.0, "interpretation": "Precovid baseline"}, {"cityName": "Cottbus", "timestamp": "2019-04", "value": 7.233065732110005e-05, "incidence": 0.0, "pValue": 1.0, "interpretation": "Precovid baseline"}, {"cityName": "Potsdam", "timestamp": "2019-04", "value": 5.8065497261636395e-05, "incidence": 0.0, "pValue": 1.0, "interpretation": "Precovid baseline"}, {"cityName": "Rostock", "timestamp": "2019-04", "value": 3.6570878530090504e-05, "incidence": 0.0, "pValue": 1.0, "interpretation": "Precovid baseline"}, {"cityName": "Chemnitz", "timestamp": "2019-04", "value": 6.618030460142508e-05, "incidence": 0.0, "pValue": 1.0, "interpretation": "Precovid baseline"}, {"cityName": "Dresden", "timestamp": "2019-04", "value": 6.514144214716825e-05, "incidence": 0.0, "pValue": 1.0, "interpretation": "Precovid baseline"}, {"cityName": "Leipzig", "timestamp": "2019-04", "value": 6.141978334270272e-05, "incidence": 0.0, "pValue": 1.0, "interpretation": "Precovid baseline"}, {"cityName": "Halle (Saale)", "timestamp": "2019-04", "value": 6.460068592180808e-05, "incidence": 0.0, "pValue": 1.0, "interpretation": "Precovid baseline"}, {"cityName": "Magdeburg", "timestamp": "2019-04", "value": 5.108324234913054e-05, "incidence": 0.0, "pValue": 1.0, "interpretation": "Precovid baseline"}, {"cityName": "Erfurt", "timestamp": "2019-04", "value": 5.311422802983446e-05, "incidence": 0.0, "pValue": 1.0, "interpretation": "Precovid baseline"}, {"cityName": "Jena", "timestamp": "2019-04", "value": 6.0077704903152255e-05, "incidence": 0.0, "pValue": 1.0, "interpretation": "Precovid baseline"}]