[{"cityName": "Kiel", "timestamp": "2025-01", "value": 3.950270668913921e-05, "incidence": 6.264516129032257, "pValue": 0.7810417050368297, "interpretation": "not statistically significant (p = 0.781), negligible effect size (d=0.12)"}, {"cityName": "L\u00fcbeck", "timestamp": "2025-01", "value": 3.6241043643612e-05, "incidence": 4.112903225806451, "pValue": 0.3700617258076204, "interpretation": "not statistically significant (p = 0.370), small effect size (d=-0.38)"}, {"cityName": "Hamburg", "timestamp": "2025-01", "value": 5.367366873003818e-05, "incidence": 3.8709677419354835, "pValue": 0.5812590193632475, "interpretation": "not statistically significant (p = 0.581), small effect size (d=-0.20)"}, {"cityName": "Braunschweig", "timestamp": "2025-01", "value": 6.101848146713832e-05, "incidence": 2.9161290322580657, "pValue": 0.8937821454157191, "interpretation": "not statistically significant (p = 0.894), negligible effect size (d=-0.06)"}, {"cityName": "Salzgitter", "timestamp": "2025-01", "value": 6.037639104761183e-05, "incidence": 2.6, "pValue": 0.3542448603503393, "interpretation": "not statistically significant (p = 0.354), small effect size (d=-0.39)"}, {"cityName": "Wolfsburg", "timestamp": "2025-01", "value": 4.5471990137900176e-05, "incidence": 2.658064516129032, "pValue": 0.06656020779932419, "interpretation": "not statistically significant (p = 0.067), large effect size (d=-0.82)"}, {"cityName": "G\u00f6ttingen", "timestamp": "2025-01", "value": 6.635081289069993e-05, "incidence": 3.9709677419354836, "pValue": 0.39727429566514194, "interpretation": "not statistically significant (p = 0.397), small effect size (d=0.37)"}, {"cityName": "Hannover", "timestamp": "2025-01", "value": 6.949517410248518e-05, "incidence": 3.196774193548387, "pValue": 0.7753837256789856, "interpretation": "not statistically significant (p = 0.775), negligible effect size (d=0.12)"}, {"cityName": "Hildesheim", "timestamp": "2025-01", "value": 5.928946056348436e-05, "incidence": 2.5516129032258066, "pValue": 0.5362284930425505, "interpretation": "not statistically significant (p = 0.536), small effect size (d=-0.24)"}, {"cityName": "Oldenburg (Oldb)", "timestamp": "2025-01", "value": 4.908462869934738e-05, "incidence": 3.2387096774193553, "pValue": 0.15538068843211167, "interpretation": "not statistically significant (p = 0.155), medium effect size (d=-0.65)"}, {"cityName": "Osnabr\u00fcck", "timestamp": "2025-01", "value": 7.424076532267712e-05, "incidence": 2.767741935483871, "pValue": 0.2999232188177254, "interpretation": "not statistically significant (p = 0.300), small effect size (d=-0.42)"}, {"cityName": "Bremen", "timestamp": "2025-01", "value": 5.5091604437740126e-05, "incidence": 2.2709677419354835, "pValue": 0.9462101428399607, "interpretation": "not statistically significant (p = 0.946), negligible effect size (d=-0.02)"}, {"cityName": "Bremerhaven", "timestamp": "2025-01", "value": 4.9017386377922124e-05, "incidence": 0.20322580645161292, "pValue": 0.8957108044648212, "interpretation": "not statistically significant (p = 0.896), negligible effect size (d=0.05)"}, {"cityName": "D\u00fcsseldorf", "timestamp": "2025-01", "value": 0.00015514941386333327, "incidence": 5.203225806451614, "pValue": 0.6884261590463403, "interpretation": "not statistically significant (p = 0.688), small effect size (d=0.21)"}, {"cityName": "Duisburg", "timestamp": "2025-01", "value": 0.00016088850605182158, "incidence": 4.619354838709678, "pValue": 0.7163057869881337, "interpretation": "not statistically significant (p = 0.716), negligible effect size (d=0.17)"}, {"cityName": "Essen", "timestamp": "2025-01", "value": 0.00014642300084233284, "incidence": 2.903225806451613, "pValue": 0.9731012386867438, "interpretation": "not statistically significant (p = 0.973), negligible effect size (d=0.02)"}, {"cityName": "Krefeld", "timestamp": "2025-01", "value": 0.00011571316729084804, "incidence": 5.967741935483873, "pValue": 0.8602354197486796, "interpretation": "not statistically significant (p = 0.860), negligible effect size (d=0.08)"}, {"cityName": "M\u00f6nchengladbach", "timestamp": "2025-01", "value": 0.00016297790189755373, "incidence": 2.045161290322581, "pValue": 0.20695757296961168, "interpretation": "not statistically significant (p = 0.207), medium effect size (d=0.58)"}, {"cityName": "M\u00fclheim an der Ruhr", "timestamp": "2025-01", "value": 0.00015475457378973564, "incidence": 4.225806451612903, "pValue": 0.6455124087938784, "interpretation": "not statistically significant (p = 0.646), small effect size (d=-0.27)"}, {"cityName": "Oberhausen", "timestamp": "2025-01", "value": 0.0001927592003574738, "incidence": 2.4096774193548383, "pValue": 0.8660298413340985, "interpretation": "not statistically significant (p = 0.866), negligible effect size (d=0.11)"}, {"cityName": "Remscheid", "timestamp": "2025-01", "value": 7.54914324109753e-05, "incidence": 4.1645161290322585, "pValue": 0.41605916467401527, "interpretation": "not statistically significant (p = 0.416), small effect size (d=-0.36)"}, {"cityName": "Solingen", "timestamp": "2025-01", "value": 0.00011420102964621037, "incidence": 2.5387096774193556, "pValue": 0.6065418632454138, "interpretation": "not statistically significant (p = 0.607), small effect size (d=-0.27)"}, {"cityName": "Wuppertal", "timestamp": "2025-01", "value": 0.00010672716975763992, "incidence": 9.354838709677416, "pValue": 0.9565178062193991, "interpretation": "not statistically significant (p = 0.957), negligible effect size (d=-0.02)"}, {"cityName": "Neuss", "timestamp": "2025-01", "value": 0.00012000801507383585, "incidence": 4.425806451612904, "pValue": 0.8455756926755085, "interpretation": "not statistically significant (p = 0.846), negligible effect size (d=0.11)"}, {"cityName": "Moers", "timestamp": "2025-01", "value": 0.00013408235307516797, "incidence": 3.0806451612903225, "pValue": 0.753393469173582, "interpretation": "not statistically significant (p = 0.753), negligible effect size (d=0.15)"}, {"cityName": "Bonn", "timestamp": "2025-01", "value": 0.00010667823847721924, "incidence": 3.367741935483872, "pValue": 0.8067998693005959, "interpretation": "not statistically significant (p = 0.807), negligible effect size (d=-0.13)"}, {"cityName": "K\u00f6ln", "timestamp": "2025-01", "value": 0.00011558230552408431, "incidence": 2.7483870967741937, "pValue": 0.541249329533724, "interpretation": "not statistically significant (p = 0.541), small effect size (d=-0.27)"}, {"cityName": "Leverkusen", "timestamp": "2025-01", "value": 0.00012189812453774114, "incidence": 3.07741935483871, "pValue": 0.8346217431638889, "interpretation": "not statistically significant (p = 0.835), negligible effect size (d=0.12)"}, {"cityName": "Aachen", "timestamp": "2025-01", "value": 7.719825953245163e-05, "incidence": 2.538709677419354, "pValue": 0.1828239856249603, "interpretation": "not statistically significant (p = 0.183), medium effect size (d=-0.52)"}, {"cityName": "Bergisch Gladbach", "timestamp": "2025-01", "value": 9.26611412848745e-05, "incidence": 1.5838709677419356, "pValue": 0.5496387225682882, "interpretation": "not statistically significant (p = 0.550), small effect size (d=-0.32)"}, {"cityName": "Bottrop", "timestamp": "2025-01", "value": 0.0001406657975167036, "incidence": 7.790322580645161, "pValue": 0.5261058207766796, "interpretation": "not statistically significant (p = 0.526), small effect size (d=-0.34)"}, {"cityName": "Gelsenkirchen", "timestamp": "2025-01", "value": 0.00015523172367145032, "incidence": 4.141935483870967, "pValue": 0.9202603807059347, "interpretation": "not statistically significant (p = 0.920), negligible effect size (d=-0.05)"}, {"cityName": "M\u00fcnster", "timestamp": "2025-01", "value": 0.00010574935821064732, "incidence": 1.7935483870967743, "pValue": 0.8921924396027615, "interpretation": "not statistically significant (p = 0.892), negligible effect size (d=-0.06)"}, {"cityName": "Recklinghausen", "timestamp": "2025-01", "value": 0.00017543543631640764, "incidence": 4.425806451612903, "pValue": 0.5606480781899255, "interpretation": "not statistically significant (p = 0.561), small effect size (d=0.29)"}, {"cityName": "Bielefeld", "timestamp": "2025-01", "value": 8.63610184751451e-05, "incidence": 4.483870967741935, "pValue": 0.8640055198724201, "interpretation": "not statistically significant (p = 0.864), negligible effect size (d=0.07)"}, {"cityName": "G\u00fctersloh", "timestamp": "2025-01", "value": 7.802002364769578e-05, "incidence": 1.496774193548387, "pValue": 0.5355483964256114, "interpretation": "not statistically significant (p = 0.536), small effect size (d=-0.29)"}, {"cityName": "Paderborn", "timestamp": "2025-01", "value": 6.0806862048564415e-05, "incidence": 1.2774193548387092, "pValue": 0.4214633272255055, "interpretation": "not statistically significant (p = 0.421), small effect size (d=-0.36)"}, {"cityName": "Bochum", "timestamp": "2025-01", "value": 0.0001286224772532781, "incidence": 4.893548387096774, "pValue": 0.4111347551999943, "interpretation": "not statistically significant (p = 0.411), small effect size (d=-0.37)"}, {"cityName": "Dortmund", "timestamp": "2025-01", "value": 0.00011300447159538082, "incidence": 2.412903225806452, "pValue": 0.5166722224927014, "interpretation": "not statistically significant (p = 0.517), small effect size (d=-0.26)"}, {"cityName": "Hagen", "timestamp": "2025-01", "value": 8.092408774998681e-05, "incidence": 9.141935483870967, "pValue": 0.7207314143990204, "interpretation": "not statistically significant (p = 0.721), negligible effect size (d=-0.15)"}, {"cityName": "Hamm", "timestamp": "2025-01", "value": 7.867305317804927e-05, "incidence": 3.129032258064516, "pValue": 0.3320092368699217, "interpretation": "not statistically significant (p = 0.332), small effect size (d=-0.45)"}, {"cityName": "Herne", "timestamp": "2025-01", "value": 0.00016959331696853042, "incidence": 3.858064516129033, "pValue": 0.6108072155233538, "interpretation": "not statistically significant (p = 0.611), small effect size (d=0.28)"}, {"cityName": "Siegen", "timestamp": "2025-01", "value": 5.90419047512114e-05, "incidence": 1.9258064516129039, "pValue": 0.47335633130808974, "interpretation": "not statistically significant (p = 0.473), small effect size (d=0.40)"}, {"cityName": "Darmstadt", "timestamp": "2025-01", "value": 8.163872090252963e-05, "incidence": 4.209677419354839, "pValue": 0.08581660879572761, "interpretation": "not statistically significant (p = 0.086), medium effect size (d=-0.72)"}, {"cityName": "Frankfurt am Main", "timestamp": "2025-01", "value": 0.00010051340161060745, "incidence": 3.85483870967742, "pValue": 0.8860821146729603, "interpretation": "not statistically significant (p = 0.886), negligible effect size (d=-0.05)"}, {"cityName": "Offenbach am Main", "timestamp": "2025-01", "value": 8.740484587509523e-05, "incidence": 4.183870967741936, "pValue": 0.13645430734170275, "interpretation": "not statistically significant (p = 0.136), medium effect size (d=-0.66)"}, {"cityName": "Wiesbaden", "timestamp": "2025-01", "value": 8.666490773773855e-05, "incidence": 3.370967741935483, "pValue": 0.4582295088412599, "interpretation": "not statistically significant (p = 0.458), small effect size (d=-0.29)"}, {"cityName": "Hanau", "timestamp": "2025-01", "value": 7.84654224004883e-05, "incidence": 4.912903225806451, "pValue": 0.3072863653080256, "interpretation": "not statistically significant (p = 0.307), small effect size (d=-0.44)"}, {"cityName": "Kassel", "timestamp": "2025-01", "value": 6.502100344126423e-05, "incidence": 2.5096774193548397, "pValue": 0.9191464016224817, "interpretation": "not statistically significant (p = 0.919), negligible effect size (d=-0.05)"}, {"cityName": "Koblenz", "timestamp": "2025-01", "value": 8.760055061429739e-05, "incidence": 4.009677419354839, "pValue": 0.5780126475370466, "interpretation": "not statistically significant (p = 0.578), small effect size (d=-0.26)"}, {"cityName": "Trier", "timestamp": "2025-01", "value": 7.364412304013967e-05, "incidence": 4.03225806451613, "pValue": 0.7477358327153563, "interpretation": "not statistically significant (p = 0.748), negligible effect size (d=0.17)"}, {"cityName": "Kaiserslautern", "timestamp": "2025-01", "value": 6.007965510854354e-05, "incidence": 5.003225806451614, "pValue": 0.27843353985549757, "interpretation": "not statistically significant (p = 0.278), small effect size (d=-0.45)"}, {"cityName": "Ludwigshafen am Rhein", "timestamp": "2025-01", "value": 8.811822044663131e-05, "incidence": 3.1935483870967727, "pValue": 0.10359276556906219, "interpretation": "not statistically significant (p = 0.104), medium effect size (d=-0.62)"}, {"cityName": "Mainz", "timestamp": "2025-01", "value": 9.644404053688049e-05, "incidence": 6.161290322580645, "pValue": 0.6053872033064137, "interpretation": "not statistically significant (p = 0.605), small effect size (d=-0.21)"}, {"cityName": "Stuttgart", "timestamp": "2025-01", "value": 7.383586166219579e-05, "incidence": 2.6258064516129034, "pValue": 0.20809050478014007, "interpretation": "not statistically significant (p = 0.208), small effect size (d=-0.43)"}, {"cityName": "Heilbronn", "timestamp": "2025-01", "value": 6.183723194731606e-05, "incidence": 3.6774193548387086, "pValue": 0.016183527282936528, "interpretation": "significant (p = 0.016), large effect size (d=-1.07)"}, {"cityName": "Karlsruhe", "timestamp": "2025-01", "value": 6.579613157858451e-05, "incidence": 3.0645161290322576, "pValue": 0.05090870761482659, "interpretation": "not statistically significant (p = 0.051), medium effect size (d=-0.76)"}, {"cityName": "Heidelberg", "timestamp": "2025-01", "value": 6.993584285833334e-05, "incidence": 2.3967741935483864, "pValue": 0.15872343725190102, "interpretation": "not statistically significant (p = 0.159), medium effect size (d=-0.57)"}, {"cityName": "Mannheim", "timestamp": "2025-01", "value": 8.589398115873337e-05, "incidence": 5.729032258064515, "pValue": 0.033806062722790776, "interpretation": "significant (p = 0.034), large effect size (d=-0.82)"}, {"cityName": "Pforzheim", "timestamp": "2025-01", "value": 5.425602042426666e-05, "incidence": 1.835483870967742, "pValue": 0.1296480684645013, "interpretation": "not statistically significant (p = 0.130), medium effect size (d=-0.60)"}, {"cityName": "Freiburg im Breisgau", "timestamp": "2025-01", "value": 5.993921378696406e-05, "incidence": 2.454838709677419, "pValue": 0.35208298524475046, "interpretation": "not statistically significant (p = 0.352), small effect size (d=-0.32)"}, {"cityName": "Reutlingen", "timestamp": "2025-01", "value": 5.872451947652735e-05, "incidence": 4.732258064516129, "pValue": 0.44878378182174283, "interpretation": "not statistically significant (p = 0.449), small effect size (d=-0.29)"}, {"cityName": "Ulm", "timestamp": "2025-01", "value": 4.740620620156589e-05, "incidence": 3.2677419354838704, "pValue": 0.07850274086467365, "interpretation": "not statistically significant (p = 0.079), medium effect size (d=-0.72)"}, {"cityName": "Ingolstadt", "timestamp": "2025-01", "value": 6.910799614464243e-05, "incidence": 3.5677419354838715, "pValue": 0.6409915059129111, "interpretation": "not statistically significant (p = 0.641), negligible effect size (d=-0.20)"}, {"cityName": "M\u00fcnchen", "timestamp": "2025-01", "value": 6.567798733997803e-05, "incidence": 3.745161290322581, "pValue": 0.46040841226752527, "interpretation": "not statistically significant (p = 0.460), small effect size (d=-0.28)"}, {"cityName": "Regensburg", "timestamp": "2025-01", "value": 7.33799689138929e-05, "incidence": 2.954838709677419, "pValue": 0.22943228480680167, "interpretation": "not statistically significant (p = 0.229), medium effect size (d=-0.57)"}, {"cityName": "Erlangen", "timestamp": "2025-01", "value": 7.824042612420661e-05, "incidence": 4.829032258064516, "pValue": 0.7351103937234259, "interpretation": "not statistically significant (p = 0.735), negligible effect size (d=0.14)"}, {"cityName": "F\u00fcrth", "timestamp": "2025-01", "value": 8.153336821123958e-05, "incidence": 4.948387096774194, "pValue": 0.7374079997070315, "interpretation": "not statistically significant (p = 0.737), negligible effect size (d=-0.14)"}, {"cityName": "N\u00fcrnberg", "timestamp": "2025-01", "value": 7.1880654572989e-05, "incidence": 4.5129032258064505, "pValue": 0.7913731737918523, "interpretation": "not statistically significant (p = 0.791), negligible effect size (d=-0.10)"}, {"cityName": "W\u00fcrzburg", "timestamp": "2025-01", "value": 7.132637256290764e-05, "incidence": 1.9741935483870967, "pValue": 0.5842990108247361, "interpretation": "not statistically significant (p = 0.584), small effect size (d=0.21)"}, {"cityName": "Augsburg", "timestamp": "2025-01", "value": 5.704432260245085e-05, "incidence": 3.241935483870967, "pValue": 0.582389600047698, "interpretation": "not statistically significant (p = 0.582), small effect size (d=-0.24)"}, {"cityName": "Saarbr\u00fccken", "timestamp": "2025-01", "value": 7.99415788302819e-05, "incidence": 4.980645161290322, "pValue": 0.8314222719260389, "interpretation": "not statistically significant (p = 0.831), negligible effect size (d=0.09)"}, {"cityName": "Berlin", "timestamp": "2025-01", "value": 7.290589032558406e-05, "incidence": 0.0, "pValue": 0.46124109555248527, "interpretation": "not statistically significant (p = 0.461), small effect size (d=-0.30)"}, {"cityName": "Cottbus", "timestamp": "2025-01", "value": 8.098274254455016e-05, "incidence": 8.083870967741936, "pValue": 0.6754196223883411, "interpretation": "not statistically significant (p = 0.675), negligible effect size (d=0.17)"}, {"cityName": "Potsdam", "timestamp": "2025-01", "value": 5.7870980954783806e-05, "incidence": 3.0258064516129033, "pValue": 0.527805760698538, "interpretation": "not statistically significant (p = 0.528), small effect size (d=-0.29)"}, {"cityName": "Rostock", "timestamp": "2025-01", "value": 3.9883317764509805e-05, "incidence": 4.877419354838712, "pValue": 0.6437965784359136, "interpretation": "not statistically significant (p = 0.644), small effect size (d=0.21)"}, {"cityName": "Chemnitz", "timestamp": "2025-01", "value": 5.240505561232567e-05, "incidence": 9.070967741935483, "pValue": 0.04958169294400256, "interpretation": "significant (p = 0.050), large effect size (d=-0.81)"}, {"cityName": "Dresden", "timestamp": "2025-01", "value": 4.970470697365024e-05, "incidence": 7.861290322580645, "pValue": 0.021743891459501275, "interpretation": "significant (p = 0.022), large effect size (d=-1.12)"}, {"cityName": "Leipzig", "timestamp": "2025-01", "value": 7.675906789361262e-05, "incidence": 7.81290322580645, "pValue": 0.5071803058847641, "interpretation": "not statistically significant (p = 0.507), small effect size (d=-0.26)"}, {"cityName": "Halle (Saale)", "timestamp": "2025-01", "value": 6.962138771389921e-05, "incidence": 5.7870967741935475, "pValue": 0.7828019496112999, "interpretation": "not statistically significant (p = 0.783), negligible effect size (d=-0.11)"}, {"cityName": "Magdeburg", "timestamp": "2025-01", "value": 4.326746995119672e-05, "incidence": 9.125806451612902, "pValue": 0.1985705884558195, "interpretation": "not statistically significant (p = 0.199), medium effect size (d=-0.54)"}, {"cityName": "Erfurt", "timestamp": "2025-01", "value": 6.756587746612569e-05, "incidence": 4.17741935483871, "pValue": 0.48812037215905957, "interpretation": "not statistically significant (p = 0.488), small effect size (d=0.27)"}, {"cityName": "Jena", "timestamp": "2025-01", "value": 5.6520867575373915e-05, "incidence": 5.487096774193547, "pValue": 0.8372747559018787, "interpretation": "not statistically significant (p = 0.837), negligible effect size (d=-0.09)"}]