[{"cityName": "Kiel", "timestamp": "2021-07", "value": 3.0773991186703953e-05, "incidence": 12.087096774193547, "pValue": 0.7131071578503834, "interpretation": "not statistically significant (p = 0.713), negligible effect size (d=0.17)"}, {"cityName": "L\u00fcbeck", "timestamp": "2021-07", "value": 2.750793161491553e-05, "incidence": 13.451612903225806, "pValue": 0.6627361846443768, "interpretation": "not statistically significant (p = 0.663), small effect size (d=0.22)"}, {"cityName": "Hamburg", "timestamp": "2021-07", "value": 4.086426493746263e-05, "incidence": 17.893548387096775, "pValue": 0.9937745196625758, "interpretation": "not statistically significant (p = 0.994), negligible effect size (d=0.00)"}, {"cityName": "Braunschweig", "timestamp": "2021-07", "value": 3.298194668091395e-05, "incidence": 11.083870967741936, "pValue": 0.004104099548648173, "interpretation": "very significant (p < 0.01), large effect size (d=-1.48)"}, {"cityName": "Salzgitter", "timestamp": "2021-07", "value": 3.517824807204306e-05, "incidence": 20.119354838709675, "pValue": 0.19820670507831697, "interpretation": "not statistically significant (p = 0.198), medium effect size (d=-0.63)"}, {"cityName": "Wolfsburg", "timestamp": "2021-07", "value": 3.0261029391304444e-05, "incidence": 23.229032258064517, "pValue": 0.1417360254879105, "interpretation": "not statistically significant (p = 0.142), medium effect size (d=-0.69)"}, {"cityName": "G\u00f6ttingen", "timestamp": "2021-07", "value": 2.3431798797987757e-05, "incidence": 4.800000000000001, "pValue": 0.10043790825028312, "interpretation": "not statistically significant (p = 0.100), large effect size (d=-1.02)"}, {"cityName": "Hannover", "timestamp": "2021-07", "value": 3.0533447371501674e-05, "incidence": 17.95806451612903, "pValue": 0.01998403848241318, "interpretation": "significant (p = 0.020), large effect size (d=-1.19)"}, {"cityName": "Hildesheim", "timestamp": "2021-07", "value": 2.9383247772998668e-05, "incidence": 7.709677419354838, "pValue": 0.5796975537896103, "interpretation": "not statistically significant (p = 0.580), small effect size (d=0.30)"}, {"cityName": "Oldenburg (Oldb)", "timestamp": "2021-07", "value": 2.5360737345181407e-05, "incidence": 8.554838709677417, "pValue": 0.08040695658126408, "interpretation": "not statistically significant (p = 0.080), large effect size (d=-1.33)"}, {"cityName": "Osnabr\u00fcck", "timestamp": "2021-07", "value": 3.0326360667293724e-05, "incidence": 14.63548387096774, "pValue": 0.029656732645323845, "interpretation": "significant (p = 0.030), large effect size (d=-1.17)"}, {"cityName": "Bremen", "timestamp": "2021-07", "value": 3.258851509480203e-05, "incidence": 13.412903225806451, "pValue": 0.16045932902514418, "interpretation": "not statistically significant (p = 0.160), medium effect size (d=-0.59)"}, {"cityName": "Bremerhaven", "timestamp": "2021-07", "value": 2.7149267095540252e-05, "incidence": 7.183870967741934, "pValue": 0.22200824250465667, "interpretation": "not statistically significant (p = 0.222), medium effect size (d=-0.60)"}, {"cityName": "D\u00fcsseldorf", "timestamp": "2021-07", "value": 6.008195327367724e-05, "incidence": 26.580645161290317, "pValue": 0.016096368366934982, "interpretation": "significant (p = 0.016), large effect size (d=-1.30)"}, {"cityName": "Duisburg", "timestamp": "2021-07", "value": 6.610553902693283e-05, "incidence": 10.203225806451613, "pValue": 0.0032983443048322757, "interpretation": "very significant (p < 0.01), large effect size (d=-1.52)"}, {"cityName": "Essen", "timestamp": "2021-07", "value": 4.924153789686851e-05, "incidence": 10.448387096774193, "pValue": 0.0037548095492658507, "interpretation": "very significant (p < 0.01), large effect size (d=-1.93)"}, {"cityName": "Krefeld", "timestamp": "2021-07", "value": 5.869882611128e-05, "incidence": 13.5, "pValue": 0.2031828240084451, "interpretation": "not statistically significant (p = 0.203), medium effect size (d=-0.73)"}, {"cityName": "M\u00f6nchengladbach", "timestamp": "2021-07", "value": 5.2374779600007783e-05, "incidence": 8.938709677419356, "pValue": 0.10053146249336374, "interpretation": "not statistically significant (p = 0.101), large effect size (d=-0.89)"}, {"cityName": "M\u00fclheim an der Ruhr", "timestamp": "2021-07", "value": 5.9638715659578644e-05, "incidence": 5.9, "pValue": 0.15741081515718608, "interpretation": "not statistically significant (p = 0.157), large effect size (d=-0.84)"}, {"cityName": "Oberhausen", "timestamp": "2021-07", "value": 6.705610296474054e-05, "incidence": 11.693548387096772, "pValue": 0.08480471075293183, "interpretation": "not statistically significant (p = 0.085), large effect size (d=-1.05)"}, {"cityName": "Remscheid", "timestamp": "2021-07", "value": 3.934948860357205e-05, "incidence": 5.732258064516129, "pValue": 0.057141570149814976, "interpretation": "not statistically significant (p = 0.057), large effect size (d=-1.32)"}, {"cityName": "Solingen", "timestamp": "2021-07", "value": 5.580577999353409e-05, "incidence": 27.009677419354837, "pValue": 0.252837015899859, "interpretation": "not statistically significant (p = 0.253), large effect size (d=-0.81)"}, {"cityName": "Wuppertal", "timestamp": "2021-07", "value": 4.280058460103141e-05, "incidence": 14.88709677419355, "pValue": 0.052371118802600335, "interpretation": "not statistically significant (p = 0.052), large effect size (d=-1.35)"}, {"cityName": "Neuss", "timestamp": "2021-07", "value": 6.486335769295692e-05, "incidence": 15.235483870967743, "pValue": 0.07483174405447016, "interpretation": "not statistically significant (p = 0.075), large effect size (d=-0.97)"}, {"cityName": "Moers", "timestamp": "2021-07", "value": 7.120326959661074e-05, "incidence": 9.506451612903225, "pValue": 0.1522837607619656, "interpretation": "not statistically significant (p = 0.152), medium effect size (d=-0.71)"}, {"cityName": "Bonn", "timestamp": "2021-07", "value": 4.782907622443004e-05, "incidence": 13.158064516129032, "pValue": 0.08411466085218547, "interpretation": "not statistically significant (p = 0.084), large effect size (d=-0.87)"}, {"cityName": "K\u00f6ln", "timestamp": "2021-07", "value": 7.27019246874584e-05, "incidence": 21.654838709677414, "pValue": 0.05615364955807162, "interpretation": "not statistically significant (p = 0.056), large effect size (d=-1.02)"}, {"cityName": "Leverkusen", "timestamp": "2021-07", "value": 7.10294358820344e-05, "incidence": 13.187096774193547, "pValue": 0.18896215866272112, "interpretation": "not statistically significant (p = 0.189), large effect size (d=-0.96)"}, {"cityName": "Aachen", "timestamp": "2021-07", "value": 3.4412437375506454e-05, "incidence": 14.625806451612904, "pValue": 0.021226462446523427, "interpretation": "significant (p = 0.021), large effect size (d=-1.25)"}, {"cityName": "Bergisch Gladbach", "timestamp": "2021-07", "value": 4.6206056140363216e-05, "incidence": 10.970967741935485, "pValue": 0.06406997145070707, "interpretation": "not statistically significant (p = 0.064), large effect size (d=-1.10)"}, {"cityName": "Bottrop", "timestamp": "2021-07", "value": 5.115253289284952e-05, "incidence": 9.754838709677419, "pValue": 0.0001271374851426906, "interpretation": "highly significant (p < 0.001), large effect size (d=-2.48)"}, {"cityName": "Gelsenkirchen", "timestamp": "2021-07", "value": 4.67597582267926e-05, "incidence": 8.770967741935484, "pValue": 0.002070378664645365, "interpretation": "very significant (p < 0.01), large effect size (d=-2.41)"}, {"cityName": "M\u00fcnster", "timestamp": "2021-07", "value": 3.2001191325354994e-05, "incidence": 12.561290322580644, "pValue": 0.009367422865725318, "interpretation": "very significant (p < 0.01), large effect size (d=-1.45)"}, {"cityName": "Recklinghausen", "timestamp": "2021-07", "value": 3.9745704270899296e-05, "incidence": 8.66774193548387, "pValue": 0.002007308241431365, "interpretation": "very significant (p < 0.01), large effect size (d=-2.29)"}, {"cityName": "Bielefeld", "timestamp": "2021-07", "value": 3.305223799543455e-05, "incidence": 10.06774193548387, "pValue": 0.11427633237251784, "interpretation": "not statistically significant (p = 0.114), medium effect size (d=-0.75)"}, {"cityName": "G\u00fctersloh", "timestamp": "2021-07", "value": 3.134175494778901e-05, "incidence": 9.877419354838711, "pValue": 0.0093728952642612, "interpretation": "very significant (p < 0.01), large effect size (d=-1.79)"}, {"cityName": "Paderborn", "timestamp": "2021-07", "value": 2.7854434935556305e-05, "incidence": 10.683870967741933, "pValue": 0.052826519273736085, "interpretation": "not statistically significant (p = 0.053), large effect size (d=-1.04)"}, {"cityName": "Bochum", "timestamp": "2021-07", "value": 3.834589976274098e-05, "incidence": 11.283870967741937, "pValue": 0.00012460207891939375, "interpretation": "highly significant (p < 0.001), large effect size (d=-2.60)"}, {"cityName": "Dortmund", "timestamp": "2021-07", "value": 3.687784934014666e-05, "incidence": 9.790322580645164, "pValue": 0.0005631326572237093, "interpretation": "highly significant (p < 0.001), large effect size (d=-2.39)"}, {"cityName": "Hagen", "timestamp": "2021-07", "value": 3.76992192568964e-05, "incidence": 10.86774193548387, "pValue": 0.0013863856676119177, "interpretation": "very significant (p < 0.01), large effect size (d=-2.00)"}, {"cityName": "Hamm", "timestamp": "2021-07", "value": 3.4932302133668036e-05, "incidence": 15.26774193548387, "pValue": 0.0019020985722603245, "interpretation": "very significant (p < 0.01), large effect size (d=-1.91)"}, {"cityName": "Herne", "timestamp": "2021-07", "value": 4.299057472962886e-05, "incidence": 8.232258064516131, "pValue": 0.0007220735681833729, "interpretation": "highly significant (p < 0.001), large effect size (d=-2.32)"}, {"cityName": "Siegen", "timestamp": "2021-07", "value": 2.782924857456237e-05, "incidence": 9.393548387096773, "pValue": 0.06688452544545848, "interpretation": "not statistically significant (p = 0.067), large effect size (d=-1.09)"}, {"cityName": "Darmstadt", "timestamp": "2021-07", "value": 3.83161611601033e-05, "incidence": 22.87096774193548, "pValue": 8.297429414910069e-05, "interpretation": "highly significant (p < 0.001), large effect size (d=-1.82)"}, {"cityName": "Frankfurt am Main", "timestamp": "2021-07", "value": 4.81139656833627e-05, "incidence": 27.35483870967742, "pValue": 0.00036849262101402476, "interpretation": "highly significant (p < 0.001), large effect size (d=-1.61)"}, {"cityName": "Offenbach am Main", "timestamp": "2021-07", "value": 4.510032224722884e-05, "incidence": 19.980645161290326, "pValue": 0.0055680414271181405, "interpretation": "very significant (p < 0.01), large effect size (d=-1.41)"}, {"cityName": "Wiesbaden", "timestamp": "2021-07", "value": 3.6871646039394866e-05, "incidence": 18.322580645161295, "pValue": 0.000804177939043423, "interpretation": "highly significant (p < 0.001), large effect size (d=-1.52)"}, {"cityName": "Hanau", "timestamp": "2021-07", "value": 3.854072957228009e-05, "incidence": 11.583870967741937, "pValue": 0.04810824017448816, "interpretation": "significant (p = 0.048), large effect size (d=-0.91)"}, {"cityName": "Kassel", "timestamp": "2021-07", "value": 2.8055251782966985e-05, "incidence": 6.964516129032258, "pValue": 0.011709254667629126, "interpretation": "significant (p = 0.012), large effect size (d=-1.26)"}, {"cityName": "Koblenz", "timestamp": "2021-07", "value": 3.2023400611554585e-05, "incidence": 11.867741935483872, "pValue": 0.015278492862608902, "interpretation": "significant (p = 0.015), large effect size (d=-1.21)"}, {"cityName": "Trier", "timestamp": "2021-07", "value": 3.2746550277806816e-05, "incidence": 20.83870967741936, "pValue": 0.41937523294766677, "interpretation": "not statistically significant (p = 0.419), small effect size (d=-0.39)"}, {"cityName": "Kaiserslautern", "timestamp": "2021-07", "value": 2.8751965146511793e-05, "incidence": 20.593548387096778, "pValue": 0.04628918003716728, "interpretation": "significant (p = 0.046), large effect size (d=-0.89)"}, {"cityName": "Ludwigshafen am Rhein", "timestamp": "2021-07", "value": 4.530837274311731e-05, "incidence": 13.938709677419356, "pValue": 0.003302764568080891, "interpretation": "very significant (p < 0.01), large effect size (d=-1.27)"}, {"cityName": "Mainz", "timestamp": "2021-07", "value": 3.971211481257342e-05, "incidence": 15.077419354838707, "pValue": 0.0021297655122363484, "interpretation": "very significant (p < 0.01), large effect size (d=-1.29)"}, {"cityName": "Stuttgart", "timestamp": "2021-07", "value": 3.4384067273802226e-05, "incidence": 15.535483870967743, "pValue": 0.008312773014829009, "interpretation": "very significant (p < 0.01), large effect size (d=-1.23)"}, {"cityName": "Heilbronn", "timestamp": "2021-07", "value": 3.437487369713684e-05, "incidence": 14.735483870967743, "pValue": 0.08057281904180229, "interpretation": "not statistically significant (p = 0.081), medium effect size (d=-0.79)"}, {"cityName": "Karlsruhe", "timestamp": "2021-07", "value": 3.767504822462797e-05, "incidence": 13.893548387096773, "pValue": 0.0078090225632736834, "interpretation": "very significant (p < 0.01), large effect size (d=-0.99)"}, {"cityName": "Heidelberg", "timestamp": "2021-07", "value": 3.299909325218514e-05, "incidence": 11.819354838709678, "pValue": 0.0013571059776142005, "interpretation": "very significant (p < 0.01), large effect size (d=-1.44)"}, {"cityName": "Mannheim", "timestamp": "2021-07", "value": 4.3840287253260614e-05, "incidence": 10.074193548387095, "pValue": 0.00027314475628904925, "interpretation": "highly significant (p < 0.001), large effect size (d=-1.66)"}, {"cityName": "Pforzheim", "timestamp": "2021-07", "value": 3.0321702878508302e-05, "incidence": 9.861290322580643, "pValue": 0.062256313133092905, "interpretation": "not statistically significant (p = 0.062), large effect size (d=-0.81)"}, {"cityName": "Freiburg im Breisgau", "timestamp": "2021-07", "value": 2.7560146042594203e-05, "incidence": 14.82258064516129, "pValue": 0.07219177709273894, "interpretation": "not statistically significant (p = 0.072), medium effect size (d=-0.67)"}, {"cityName": "Reutlingen", "timestamp": "2021-07", "value": 2.6556230295682326e-05, "incidence": 8.658064516129032, "pValue": 0.011161244875299039, "interpretation": "significant (p = 0.011), large effect size (d=-1.20)"}, {"cityName": "Ulm", "timestamp": "2021-07", "value": 2.7730904740134354e-05, "incidence": 20.109677419354842, "pValue": 0.007009954375035216, "interpretation": "very significant (p < 0.01), large effect size (d=-1.52)"}, {"cityName": "Ingolstadt", "timestamp": "2021-07", "value": 2.758889119528855e-05, "incidence": 12.706451612903225, "pValue": 0.20495055971952636, "interpretation": "not statistically significant (p = 0.205), medium effect size (d=-0.62)"}, {"cityName": "M\u00fcnchen", "timestamp": "2021-07", "value": 3.670365325748347e-05, "incidence": 17.764516129032256, "pValue": 0.043422648914251696, "interpretation": "significant (p = 0.043), large effect size (d=-1.06)"}, {"cityName": "Regensburg", "timestamp": "2021-07", "value": 2.6661425363272428e-05, "incidence": 15.80967741935484, "pValue": 0.01801763902266058, "interpretation": "significant (p = 0.018), large effect size (d=-1.34)"}, {"cityName": "Erlangen", "timestamp": "2021-07", "value": 2.7175130006591125e-05, "incidence": 8.990322580645161, "pValue": 0.12105724198086729, "interpretation": "not statistically significant (p = 0.121), large effect size (d=-0.86)"}, {"cityName": "F\u00fcrth", "timestamp": "2021-07", "value": 2.683911588974297e-05, "incidence": 8.525806451612901, "pValue": 0.013037863431915082, "interpretation": "significant (p = 0.013), large effect size (d=-1.42)"}, {"cityName": "N\u00fcrnberg", "timestamp": "2021-07", "value": 2.9909636147997595e-05, "incidence": 11.764516129032257, "pValue": 0.014059484165153171, "interpretation": "significant (p = 0.014), large effect size (d=-1.45)"}, {"cityName": "W\u00fcrzburg", "timestamp": "2021-07", "value": 2.9281156457727775e-05, "incidence": 16.983870967741936, "pValue": 0.015446214704424146, "interpretation": "significant (p = 0.015), large effect size (d=-1.20)"}, {"cityName": "Augsburg", "timestamp": "2021-07", "value": 2.9978105046141605e-05, "incidence": 16.98709677419355, "pValue": 0.08772375330739052, "interpretation": "not statistically significant (p = 0.088), large effect size (d=-0.83)"}, {"cityName": "Saarbr\u00fccken", "timestamp": "2021-07", "value": 3.3831790400048094e-05, "incidence": 14.75806451612903, "pValue": 0.20526225505343795, "interpretation": "not statistically significant (p = 0.205), medium effect size (d=-0.51)"}, {"cityName": "Berlin", "timestamp": "2021-07", "value": 3.353374578603884e-05, "incidence": 0.0, "pValue": 0.060935646042186056, "interpretation": "not statistically significant (p = 0.061), medium effect size (d=-0.79)"}, {"cityName": "Cottbus", "timestamp": "2021-07", "value": 2.9501901455939962e-05, "incidence": 9.200000000000001, "pValue": 0.18451287675287206, "interpretation": "not statistically significant (p = 0.185), large effect size (d=-0.94)"}, {"cityName": "Potsdam", "timestamp": "2021-07", "value": 2.888906473184333e-05, "incidence": 5.806451612903225, "pValue": 0.43561312730657176, "interpretation": "not statistically significant (p = 0.436), small effect size (d=-0.40)"}, {"cityName": "Rostock", "timestamp": "2021-07", "value": 2.598028037358414e-05, "incidence": 4.590322580645161, "pValue": 0.9163971044410737, "interpretation": "not statistically significant (p = 0.916), negligible effect size (d=-0.04)"}, {"cityName": "Chemnitz", "timestamp": "2021-07", "value": 3.48719654650223e-05, "incidence": 2.864516129032258, "pValue": 0.40445855244386286, "interpretation": "not statistically significant (p = 0.404), small effect size (d=-0.40)"}, {"cityName": "Dresden", "timestamp": "2021-07", "value": 3.287197429348122e-05, "incidence": 8.60967741935484, "pValue": 0.03941729056351549, "interpretation": "significant (p = 0.039), large effect size (d=-1.06)"}, {"cityName": "Leipzig", "timestamp": "2021-07", "value": 3.9014321587541525e-05, "incidence": 6.464516129032258, "pValue": 0.12579326074267272, "interpretation": "not statistically significant (p = 0.126), medium effect size (d=-0.70)"}, {"cityName": "Halle (Saale)", "timestamp": "2021-07", "value": 4.0133396396413445e-05, "incidence": 3.861290322580645, "pValue": 0.5771803171988897, "interpretation": "not statistically significant (p = 0.577), small effect size (d=-0.27)"}, {"cityName": "Magdeburg", "timestamp": "2021-07", "value": 3.458867094626552e-05, "incidence": 2.5290322580645155, "pValue": 0.33978942201671336, "interpretation": "not statistically significant (p = 0.340), small effect size (d=-0.44)"}, {"cityName": "Erfurt", "timestamp": "2021-07", "value": 2.882944697395284e-05, "incidence": 2.7387096774193544, "pValue": 0.1821216822823187, "interpretation": "not statistically significant (p = 0.182), medium effect size (d=-0.68)"}, {"cityName": "Jena", "timestamp": "2021-07", "value": 2.808908013523453e-05, "incidence": 2.9322580645161294, "pValue": 0.42472933559710957, "interpretation": "not statistically significant (p = 0.425), small effect size (d=-0.49)"}]