[{"cityName": "Kiel", "timestamp": "2023-01", "value": 5.450761610908168e-05, "incidence": 111.8451612903226, "pValue": 0.2991496342944668, "interpretation": "not statistically significant (p = 0.299), small effect size (d=0.39)"}, {"cityName": "L\u00fcbeck", "timestamp": "2023-01", "value": 6.0549581475141975e-05, "incidence": 78.70645161290322, "pValue": 0.9176919788766009, "interpretation": "not statistically significant (p = 0.918), negligible effect size (d=-0.04)"}, {"cityName": "Hamburg", "timestamp": "2023-01", "value": 6.682198080751632e-05, "incidence": 85.59354838709677, "pValue": 0.9133431287449933, "interpretation": "not statistically significant (p = 0.913), negligible effect size (d=-0.04)"}, {"cityName": "Braunschweig", "timestamp": "2023-01", "value": 6.351900040445959e-05, "incidence": 185.45161290322577, "pValue": 0.6716038156435811, "interpretation": "not statistically significant (p = 0.672), negligible effect size (d=-0.18)"}, {"cityName": "Salzgitter", "timestamp": "2023-01", "value": 6.084272172302008e-05, "incidence": 207.02903225806455, "pValue": 0.3271488500101103, "interpretation": "not statistically significant (p = 0.327), small effect size (d=-0.42)"}, {"cityName": "Wolfsburg", "timestamp": "2023-01", "value": 5.4279697666827e-05, "incidence": 183.90322580645164, "pValue": 0.31153447814531265, "interpretation": "not statistically significant (p = 0.312), small effect size (d=-0.41)"}, {"cityName": "G\u00f6ttingen", "timestamp": "2023-01", "value": 4.147267844971447e-05, "incidence": 221.3709677419355, "pValue": 0.21412007584866516, "interpretation": "not statistically significant (p = 0.214), medium effect size (d=-0.61)"}, {"cityName": "Hannover", "timestamp": "2023-01", "value": 5.678577642691763e-05, "incidence": 176.7258064516129, "pValue": 0.23434753036118453, "interpretation": "not statistically significant (p = 0.234), medium effect size (d=-0.55)"}, {"cityName": "Hildesheim", "timestamp": "2023-01", "value": 5.5594876518144324e-05, "incidence": 225.0161290322581, "pValue": 0.4764197815102774, "interpretation": "not statistically significant (p = 0.476), small effect size (d=-0.33)"}, {"cityName": "Oldenburg (Oldb)", "timestamp": "2023-01", "value": 6.589563563466072e-05, "incidence": 180.9903225806452, "pValue": 0.9019336155823688, "interpretation": "not statistically significant (p = 0.902), negligible effect size (d=-0.06)"}, {"cityName": "Osnabr\u00fcck", "timestamp": "2023-01", "value": 7.975561840629035e-05, "incidence": 211.2225806451613, "pValue": 0.5553904085443917, "interpretation": "not statistically significant (p = 0.555), small effect size (d=-0.27)"}, {"cityName": "Bremen", "timestamp": "2023-01", "value": 6.80747029722714e-05, "incidence": 149.2774193548387, "pValue": 0.8263593342989997, "interpretation": "not statistically significant (p = 0.826), negligible effect size (d=0.08)"}, {"cityName": "Bremerhaven", "timestamp": "2023-01", "value": 5.3732015658169985e-05, "incidence": 164.17741935483872, "pValue": 0.5598934583236992, "interpretation": "not statistically significant (p = 0.560), small effect size (d=0.24)"}, {"cityName": "D\u00fcsseldorf", "timestamp": "2023-01", "value": 0.0001229402813606146, "incidence": 149.1483870967742, "pValue": 0.8239290460429183, "interpretation": "not statistically significant (p = 0.824), negligible effect size (d=-0.10)"}, {"cityName": "Duisburg", "timestamp": "2023-01", "value": 0.0001238680755098661, "incidence": 107.89999999999999, "pValue": 0.29958839823980565, "interpretation": "not statistically significant (p = 0.300), small effect size (d=-0.46)"}, {"cityName": "Essen", "timestamp": "2023-01", "value": 0.00011670212141978435, "incidence": 142.14193548387095, "pValue": 0.8709626556069391, "interpretation": "not statistically significant (p = 0.871), negligible effect size (d=-0.08)"}, {"cityName": "Krefeld", "timestamp": "2023-01", "value": 0.00010338171313588436, "incidence": 141.66451612903228, "pValue": 0.865803109749163, "interpretation": "not statistically significant (p = 0.866), negligible effect size (d=-0.08)"}, {"cityName": "M\u00f6nchengladbach", "timestamp": "2023-01", "value": 8.607520079561349e-05, "incidence": 158.84838709677422, "pValue": 0.8121022535801359, "interpretation": "not statistically significant (p = 0.812), negligible effect size (d=0.10)"}, {"cityName": "M\u00fclheim an der Ruhr", "timestamp": "2023-01", "value": 0.00013368677658339342, "incidence": 150.8, "pValue": 0.74083378945349, "interpretation": "not statistically significant (p = 0.741), negligible effect size (d=-0.19)"}, {"cityName": "Oberhausen", "timestamp": "2023-01", "value": 0.00014070174298607386, "incidence": 131.97096774193548, "pValue": 0.37619530986244154, "interpretation": "not statistically significant (p = 0.376), medium effect size (d=-0.52)"}, {"cityName": "Remscheid", "timestamp": "2023-01", "value": 0.00012719854712486267, "incidence": 238.10322580645158, "pValue": 0.331375300165495, "interpretation": "not statistically significant (p = 0.331), medium effect size (d=0.64)"}, {"cityName": "Solingen", "timestamp": "2023-01", "value": 0.00014519899559672922, "incidence": 216.11935483870965, "pValue": 0.6514846075701385, "interpretation": "not statistically significant (p = 0.651), small effect size (d=0.26)"}, {"cityName": "Wuppertal", "timestamp": "2023-01", "value": 0.00011560068189821861, "incidence": 189.39354838709676, "pValue": 0.8228634866776732, "interpretation": "not statistically significant (p = 0.823), negligible effect size (d=0.12)"}, {"cityName": "Neuss", "timestamp": "2023-01", "value": 8.928940223995596e-05, "incidence": 138.00322580645164, "pValue": 0.3670841469766255, "interpretation": "not statistically significant (p = 0.367), small effect size (d=-0.44)"}, {"cityName": "Moers", "timestamp": "2023-01", "value": 0.00010173788593549813, "incidence": 152.2741935483871, "pValue": 0.38869305745600613, "interpretation": "not statistically significant (p = 0.389), small effect size (d=-0.39)"}, {"cityName": "Bonn", "timestamp": "2023-01", "value": 8.882317607375708e-05, "incidence": 108.7258064516129, "pValue": 0.35786879593121435, "interpretation": "not statistically significant (p = 0.358), small effect size (d=-0.43)"}, {"cityName": "K\u00f6ln", "timestamp": "2023-01", "value": 0.00017731234483006928, "incidence": 152.37741935483874, "pValue": 0.7301706458495965, "interpretation": "not statistically significant (p = 0.730), negligible effect size (d=0.15)"}, {"cityName": "Leverkusen", "timestamp": "2023-01", "value": 0.00021553805951649943, "incidence": 228.08064516129033, "pValue": 0.203455322410282, "interpretation": "not statistically significant (p = 0.203), medium effect size (d=0.75)"}, {"cityName": "Aachen", "timestamp": "2023-01", "value": 5.192063138659658e-05, "incidence": 168.33870967741936, "pValue": 0.336889493759314, "interpretation": "not statistically significant (p = 0.337), medium effect size (d=-0.50)"}, {"cityName": "Bergisch Gladbach", "timestamp": "2023-01", "value": 0.00018700692869190658, "incidence": 155.68387096774194, "pValue": 0.0626750885161464, "interpretation": "not statistically significant (p = 0.063), large effect size (d=1.30)"}, {"cityName": "Bottrop", "timestamp": "2023-01", "value": 0.00012917564634014577, "incidence": 162.34838709677422, "pValue": 0.5276966381455781, "interpretation": "not statistically significant (p = 0.528), small effect size (d=-0.34)"}, {"cityName": "Gelsenkirchen", "timestamp": "2023-01", "value": 0.00013988673248711755, "incidence": 144.87096774193552, "pValue": 0.8420755470388014, "interpretation": "not statistically significant (p = 0.842), negligible effect size (d=-0.11)"}, {"cityName": "M\u00fcnster", "timestamp": "2023-01", "value": 8.625197306013943e-05, "incidence": 158.4548387096774, "pValue": 0.39827263752561526, "interpretation": "not statistically significant (p = 0.398), small effect size (d=-0.35)"}, {"cityName": "Recklinghausen", "timestamp": "2023-01", "value": 0.00015165508151627504, "incidence": 134.33225806451614, "pValue": 0.8799008850139728, "interpretation": "not statistically significant (p = 0.880), negligible effect size (d=0.10)"}, {"cityName": "Bielefeld", "timestamp": "2023-01", "value": 7.019460220665981e-05, "incidence": 181.63225806451615, "pValue": 0.5403911288085083, "interpretation": "not statistically significant (p = 0.540), small effect size (d=-0.27)"}, {"cityName": "G\u00fctersloh", "timestamp": "2023-01", "value": 6.399062694981695e-05, "incidence": 137.16129032258064, "pValue": 0.3071512702114845, "interpretation": "not statistically significant (p = 0.307), medium effect size (d=-0.51)"}, {"cityName": "Paderborn", "timestamp": "2023-01", "value": 6.514334029728366e-05, "incidence": 97.28387096774196, "pValue": 0.15892082226878743, "interpretation": "not statistically significant (p = 0.159), medium effect size (d=-0.68)"}, {"cityName": "Bochum", "timestamp": "2023-01", "value": 0.00010842560247207682, "incidence": 173.17741935483872, "pValue": 0.34745475342206333, "interpretation": "not statistically significant (p = 0.347), medium effect size (d=-0.50)"}, {"cityName": "Dortmund", "timestamp": "2023-01", "value": 0.00011479054741999683, "incidence": 150.941935483871, "pValue": 0.610669835370325, "interpretation": "not statistically significant (p = 0.611), small effect size (d=-0.26)"}, {"cityName": "Hagen", "timestamp": "2023-01", "value": 9.29274949534186e-05, "incidence": 176.49677419354836, "pValue": 0.6224867051664371, "interpretation": "not statistically significant (p = 0.622), small effect size (d=-0.26)"}, {"cityName": "Hamm", "timestamp": "2023-01", "value": 9.780896029302053e-05, "incidence": 118.92258064516132, "pValue": 0.611112300878947, "interpretation": "not statistically significant (p = 0.611), small effect size (d=-0.25)"}, {"cityName": "Herne", "timestamp": "2023-01", "value": 0.00012243600795045496, "incidence": 159.78709677419357, "pValue": 0.7838812582413761, "interpretation": "not statistically significant (p = 0.784), negligible effect size (d=-0.18)"}, {"cityName": "Siegen", "timestamp": "2023-01", "value": 3.383051371201873e-05, "incidence": 172.89032258064518, "pValue": 1.0, "interpretation": "Insufficient data for this month for a statistical test."}, {"cityName": "Darmstadt", "timestamp": "2023-01", "value": 4.9603071106089786e-05, "incidence": 151.94193548387096, "pValue": 0.16583784147450836, "interpretation": "not statistically significant (p = 0.166), medium effect size (d=-0.68)"}, {"cityName": "Frankfurt am Main", "timestamp": "2023-01", "value": 7.086001675237308e-05, "incidence": 95.61290322580642, "pValue": 0.311201750788094, "interpretation": "not statistically significant (p = 0.311), small effect size (d=-0.50)"}, {"cityName": "Offenbach am Main", "timestamp": "2023-01", "value": 5.76915494589643e-05, "incidence": 97.8741935483871, "pValue": 0.018021851587572774, "interpretation": "significant (p = 0.018), large effect size (d=-1.27)"}, {"cityName": "Wiesbaden", "timestamp": "2023-01", "value": 6.58367126662698e-05, "incidence": 176.52580645161294, "pValue": 0.5473480904927124, "interpretation": "not statistically significant (p = 0.547), small effect size (d=-0.28)"}, {"cityName": "Hanau", "timestamp": "2023-01", "value": 4.822435305238916e-05, "incidence": 147.50967741935486, "pValue": 0.0051044103600700105, "interpretation": "very significant (p < 0.01), large effect size (d=-1.42)"}, {"cityName": "Kassel", "timestamp": "2023-01", "value": 4.187071721793877e-05, "incidence": 96.08387096774197, "pValue": 0.12894943604327805, "interpretation": "not statistically significant (p = 0.129), medium effect size (d=-0.79)"}, {"cityName": "Koblenz", "timestamp": "2023-01", "value": 6.445342053969701e-05, "incidence": 105.47419354838708, "pValue": 0.031800708011303955, "interpretation": "significant (p = 0.032), large effect size (d=-1.14)"}, {"cityName": "Trier", "timestamp": "2023-01", "value": 6.948634982109069e-05, "incidence": 89.98387096774195, "pValue": 0.8729347003320711, "interpretation": "not statistically significant (p = 0.873), negligible effect size (d=-0.10)"}, {"cityName": "Kaiserslautern", "timestamp": "2023-01", "value": 4.180697186921652e-05, "incidence": 164.9451612903226, "pValue": 0.11211978635560295, "interpretation": "not statistically significant (p = 0.112), large effect size (d=-1.07)"}, {"cityName": "Ludwigshafen am Rhein", "timestamp": "2023-01", "value": 8.173084158139925e-05, "incidence": 77.8193548387097, "pValue": 0.14754304510321933, "interpretation": "not statistically significant (p = 0.148), medium effect size (d=-0.68)"}, {"cityName": "Mainz", "timestamp": "2023-01", "value": 6.279431545408443e-05, "incidence": 158.02258064516124, "pValue": 0.16992015024766063, "interpretation": "not statistically significant (p = 0.170), medium effect size (d=-0.69)"}, {"cityName": "Stuttgart", "timestamp": "2023-01", "value": 7.044578928293454e-05, "incidence": 62.66774193548387, "pValue": 0.17265212453165601, "interpretation": "not statistically significant (p = 0.173), medium effect size (d=-0.65)"}, {"cityName": "Heilbronn", "timestamp": "2023-01", "value": 4.554903070028457e-05, "incidence": 75.40967741935485, "pValue": 0.06961825973442279, "interpretation": "not statistically significant (p = 0.070), large effect size (d=-1.26)"}, {"cityName": "Karlsruhe", "timestamp": "2023-01", "value": 4.826199728995562e-05, "incidence": 74.26774193548384, "pValue": 0.009884627166175296, "interpretation": "very significant (p < 0.01), large effect size (d=-1.24)"}, {"cityName": "Heidelberg", "timestamp": "2023-01", "value": 8.453220423114927e-05, "incidence": 100.56774193548387, "pValue": 0.615493498792746, "interpretation": "not statistically significant (p = 0.615), small effect size (d=-0.24)"}, {"cityName": "Mannheim", "timestamp": "2023-01", "value": 0.00010700960643589497, "incidence": 89.75161290322583, "pValue": 0.416582052543663, "interpretation": "not statistically significant (p = 0.417), small effect size (d=-0.40)"}, {"cityName": "Pforzheim", "timestamp": "2023-01", "value": 4.092101719126933e-05, "incidence": 74.76451612903227, "pValue": 0.04845555010304885, "interpretation": "significant (p = 0.048), large effect size (d=-1.11)"}, {"cityName": "Freiburg im Breisgau", "timestamp": "2023-01", "value": 4.521754777265919e-05, "incidence": 78.81290322580645, "pValue": 0.12652087677157942, "interpretation": "not statistically significant (p = 0.127), medium effect size (d=-0.63)"}, {"cityName": "Reutlingen", "timestamp": "2023-01", "value": 4.3969084799755365e-05, "incidence": 69.81935483870969, "pValue": 0.25295638478092364, "interpretation": "not statistically significant (p = 0.253), medium effect size (d=-0.61)"}, {"cityName": "Ulm", "timestamp": "2023-01", "value": 4.331113182400402e-05, "incidence": 102.78064516129034, "pValue": 0.05673389691708481, "interpretation": "not statistically significant (p = 0.057), large effect size (d=-0.97)"}, {"cityName": "Ingolstadt", "timestamp": "2023-01", "value": 4.396409591815124e-05, "incidence": 101.88387096774193, "pValue": 0.03049740310862055, "interpretation": "significant (p = 0.030), large effect size (d=-1.08)"}, {"cityName": "M\u00fcnchen", "timestamp": "2023-01", "value": 4.344563841676483e-05, "incidence": 77.9774193548387, "pValue": 0.03028704327779129, "interpretation": "significant (p = 0.030), large effect size (d=-0.95)"}, {"cityName": "Regensburg", "timestamp": "2023-01", "value": 5.281470560779174e-05, "incidence": 103.59032258064518, "pValue": 0.025663085162329125, "interpretation": "significant (p = 0.026), large effect size (d=-1.26)"}, {"cityName": "Erlangen", "timestamp": "2023-01", "value": 3.99396480393729e-05, "incidence": 92.73225806451613, "pValue": 0.27357455498928307, "interpretation": "not statistically significant (p = 0.274), medium effect size (d=-0.60)"}, {"cityName": "F\u00fcrth", "timestamp": "2023-01", "value": 4.973395261913538e-05, "incidence": 99.44193548387095, "pValue": 1.0, "interpretation": "Insufficient data for this month for a statistical test."}, {"cityName": "N\u00fcrnberg", "timestamp": "2023-01", "value": 3.968084682569359e-05, "incidence": 89.80000000000001, "pValue": 0.0597799547282656, "interpretation": "not statistically significant (p = 0.060), large effect size (d=-1.28)"}, {"cityName": "W\u00fcrzburg", "timestamp": "2023-01", "value": 4.6042739995755255e-05, "incidence": 102.3258064516129, "pValue": 0.22108596925111737, "interpretation": "not statistically significant (p = 0.221), medium effect size (d=-0.71)"}, {"cityName": "Augsburg", "timestamp": "2023-01", "value": 4.4230434398811594e-05, "incidence": 73.91290322580646, "pValue": 0.5033000964612627, "interpretation": "not statistically significant (p = 0.503), small effect size (d=-0.44)"}, {"cityName": "Saarbr\u00fccken", "timestamp": "2023-01", "value": 9.418710445364316e-05, "incidence": 117.21612903225807, "pValue": 0.7521327790630994, "interpretation": "not statistically significant (p = 0.752), small effect size (d=0.20)"}, {"cityName": "Berlin", "timestamp": "2023-01", "value": 6.16546106956354e-05, "incidence": 0.0, "pValue": 0.1865316917881642, "interpretation": "not statistically significant (p = 0.187), medium effect size (d=-0.56)"}, {"cityName": "Cottbus", "timestamp": "2023-01", "value": 4.2704063861702496e-05, "incidence": 117.07741935483874, "pValue": 0.08127527189359135, "interpretation": "not statistically significant (p = 0.081), large effect size (d=-0.93)"}, {"cityName": "Potsdam", "timestamp": "2023-01", "value": 5.6742683655637154e-05, "incidence": 57.87419354838707, "pValue": 0.48172745709894393, "interpretation": "not statistically significant (p = 0.482), small effect size (d=-0.29)"}, {"cityName": "Rostock", "timestamp": "2023-01", "value": 5.0796478083639435e-05, "incidence": 122.09677419354838, "pValue": 0.16512289269986685, "interpretation": "not statistically significant (p = 0.165), medium effect size (d=0.58)"}, {"cityName": "Chemnitz", "timestamp": "2023-01", "value": 2.6470802656215865e-05, "incidence": 67.0774193548387, "pValue": 0.004829878982670712, "interpretation": "very significant (p < 0.01), large effect size (d=-1.43)"}, {"cityName": "Dresden", "timestamp": "2023-01", "value": 4.674506543034857e-05, "incidence": 79.62580645161289, "pValue": 0.005524548465974409, "interpretation": "very significant (p < 0.01), large effect size (d=-1.28)"}, {"cityName": "Leipzig", "timestamp": "2023-01", "value": 3.9520121051692495e-05, "incidence": 94.53225806451613, "pValue": 0.0878856693052206, "interpretation": "not statistically significant (p = 0.088), large effect size (d=-0.85)"}, {"cityName": "Halle (Saale)", "timestamp": "2023-01", "value": 4.501754301600158e-05, "incidence": 89.87741935483871, "pValue": 0.05710959062009085, "interpretation": "not statistically significant (p = 0.057), large effect size (d=-0.86)"}, {"cityName": "Magdeburg", "timestamp": "2023-01", "value": 5.2496325224637985e-05, "incidence": 67.22258064516129, "pValue": 0.337315505977015, "interpretation": "not statistically significant (p = 0.337), small effect size (d=-0.42)"}, {"cityName": "Erfurt", "timestamp": "2023-01", "value": 5.957032454774735e-05, "incidence": 58.870967741935466, "pValue": 0.9808787910843872, "interpretation": "not statistically significant (p = 0.981), negligible effect size (d=0.01)"}, {"cityName": "Jena", "timestamp": "2023-01", "value": 3.998722079106503e-05, "incidence": 82.10967741935482, "pValue": 0.38234452974744126, "interpretation": "not statistically significant (p = 0.382), medium effect size (d=-0.56)"}]