[{"cityName": "Kiel", "timestamp": "2025-10", "value": 3.515068619024186e-05, "incidence": 4.62258064516129, "pValue": 0.3354977842297422, "interpretation": "not statistically significant (p = 0.335), small effect size (d=-0.44)"}, {"cityName": "L\u00fcbeck", "timestamp": "2025-10", "value": 3.271847122555805e-05, "incidence": 7.958064516129031, "pValue": 0.042005235739000314, "interpretation": "significant (p = 0.042), large effect size (d=-1.05)"}, {"cityName": "Hamburg", "timestamp": "2025-10", "value": 5.8684642944071026e-05, "incidence": 7.235483870967742, "pValue": 0.18478699462805742, "interpretation": "not statistically significant (p = 0.185), medium effect size (d=-0.56)"}, {"cityName": "Braunschweig", "timestamp": "2025-10", "value": 3.808376256047803e-05, "incidence": 2.0645161290322585, "pValue": 0.012507257503613234, "interpretation": "significant (p = 0.013), large effect size (d=-1.36)"}, {"cityName": "Salzgitter", "timestamp": "2025-10", "value": 4.012221470475197e-05, "incidence": 4.2, "pValue": 0.005772227609183264, "interpretation": "very significant (p < 0.01), large effect size (d=-1.47)"}, {"cityName": "Wolfsburg", "timestamp": "2025-10", "value": 3.831238657432167e-05, "incidence": 3.8709677419354835, "pValue": 0.003783353502389782, "interpretation": "very significant (p < 0.01), large effect size (d=-1.75)"}, {"cityName": "G\u00f6ttingen", "timestamp": "2025-10", "value": 3.795108447472254e-05, "incidence": 6.438709677419355, "pValue": 0.13690461039852767, "interpretation": "not statistically significant (p = 0.137), large effect size (d=-0.89)"}, {"cityName": "Hannover", "timestamp": "2025-10", "value": 4.4769034598414836e-05, "incidence": 3.925806451612903, "pValue": 0.020924129318498717, "interpretation": "significant (p = 0.021), large effect size (d=-1.26)"}, {"cityName": "Hildesheim", "timestamp": "2025-10", "value": 3.584830761503647e-05, "incidence": 3.177419354838709, "pValue": 0.014853867587970688, "interpretation": "significant (p = 0.015), large effect size (d=-1.40)"}, {"cityName": "Oldenburg (Oldb)", "timestamp": "2025-10", "value": 4.2941683204844594e-05, "incidence": 4.1, "pValue": 0.03288085583295044, "interpretation": "significant (p = 0.033), large effect size (d=-1.05)"}, {"cityName": "Osnabr\u00fcck", "timestamp": "2025-10", "value": 4.889856261963194e-05, "incidence": 4.567741935483871, "pValue": 0.057987984572894724, "interpretation": "not statistically significant (p = 0.058), large effect size (d=-1.08)"}, {"cityName": "Bremen", "timestamp": "2025-10", "value": 5.2599969213126134e-05, "incidence": 3.590322580645161, "pValue": 0.05406473842478635, "interpretation": "not statistically significant (p = 0.054), large effect size (d=-0.84)"}, {"cityName": "Bremerhaven", "timestamp": "2025-10", "value": 4.6755565563216805e-05, "incidence": 3.809677419354839, "pValue": 0.0804123488618348, "interpretation": "not statistically significant (p = 0.080), large effect size (d=-0.86)"}, {"cityName": "D\u00fcsseldorf", "timestamp": "2025-10", "value": 7.880730100157785e-05, "incidence": 6.529032258064518, "pValue": 0.13275733274910004, "interpretation": "not statistically significant (p = 0.133), large effect size (d=-0.85)"}, {"cityName": "Duisburg", "timestamp": "2025-10", "value": 9.901330877955143e-05, "incidence": 5.5935483870967735, "pValue": 0.3359988799540471, "interpretation": "not statistically significant (p = 0.336), small effect size (d=-0.48)"}, {"cityName": "Essen", "timestamp": "2025-10", "value": 7.226443491303004e-05, "incidence": 5.774193548387096, "pValue": 0.005660209571367352, "interpretation": "very significant (p < 0.01), large effect size (d=-1.54)"}, {"cityName": "Krefeld", "timestamp": "2025-10", "value": 0.00010052546321486052, "incidence": 8.538709677419355, "pValue": 0.5283972540997386, "interpretation": "not statistically significant (p = 0.528), small effect size (d=-0.34)"}, {"cityName": "M\u00f6nchengladbach", "timestamp": "2025-10", "value": 8.43550480002987e-05, "incidence": 4.874193548387096, "pValue": 0.8042485439488141, "interpretation": "not statistically significant (p = 0.804), negligible effect size (d=-0.14)"}, {"cityName": "M\u00fclheim an der Ruhr", "timestamp": "2025-10", "value": 8.1087669564618e-05, "incidence": 4.716129032258063, "pValue": 0.10407206449468821, "interpretation": "not statistically significant (p = 0.104), large effect size (d=-0.94)"}, {"cityName": "Oberhausen", "timestamp": "2025-10", "value": 7.9928574940333e-05, "incidence": 6.851612903225808, "pValue": 0.02460109694437179, "interpretation": "significant (p = 0.025), large effect size (d=-1.39)"}, {"cityName": "Remscheid", "timestamp": "2025-10", "value": 3.8692972157150504e-05, "incidence": 3.5451612903225813, "pValue": 1.0, "interpretation": "Insufficient data for this month for a statistical test."}, {"cityName": "Solingen", "timestamp": "2025-10", "value": 5.233867705101147e-05, "incidence": 9.370967741935484, "pValue": 0.09581894225869364, "interpretation": "not statistically significant (p = 0.096), large effect size (d=-1.05)"}, {"cityName": "Wuppertal", "timestamp": "2025-10", "value": 5.011280343212463e-05, "incidence": 8.732258064516131, "pValue": 1.0, "interpretation": "Insufficient data for this month for a statistical test."}, {"cityName": "Neuss", "timestamp": "2025-10", "value": 7.55933579057455e-05, "incidence": 5.574193548387096, "pValue": 0.1257631333390581, "interpretation": "not statistically significant (p = 0.126), large effect size (d=-0.86)"}, {"cityName": "Moers", "timestamp": "2025-10", "value": 0.00010582627562273826, "incidence": 4.0935483870967735, "pValue": 0.45942235639726936, "interpretation": "not statistically significant (p = 0.459), small effect size (d=-0.39)"}, {"cityName": "Bonn", "timestamp": "2025-10", "value": 5.085211755199866e-05, "incidence": 7.570967741935483, "pValue": 0.05594786325809413, "interpretation": "not statistically significant (p = 0.056), large effect size (d=-1.11)"}, {"cityName": "K\u00f6ln", "timestamp": "2025-10", "value": 6.743623978561825e-05, "incidence": 5.109677419354839, "pValue": 0.12598320746961802, "interpretation": "not statistically significant (p = 0.126), large effect size (d=-0.85)"}, {"cityName": "Leverkusen", "timestamp": "2025-10", "value": 7.202839090799291e-05, "incidence": 5.2645161290322555, "pValue": 0.12433769806549336, "interpretation": "not statistically significant (p = 0.124), large effect size (d=-1.03)"}, {"cityName": "Aachen", "timestamp": "2025-10", "value": 4.552923753086863e-05, "incidence": 3.6741935483870964, "pValue": 0.10891016375284496, "interpretation": "not statistically significant (p = 0.109), large effect size (d=-0.94)"}, {"cityName": "Bergisch Gladbach", "timestamp": "2025-10", "value": 6.173585175669618e-05, "incidence": 1.4129032258064516, "pValue": 0.2137930000552789, "interpretation": "not statistically significant (p = 0.214), medium effect size (d=-0.79)"}, {"cityName": "Bottrop", "timestamp": "2025-10", "value": 8.811642799307319e-05, "incidence": 15.154838709677422, "pValue": 0.2067010043823777, "interpretation": "not statistically significant (p = 0.207), medium effect size (d=-0.79)"}, {"cityName": "Gelsenkirchen", "timestamp": "2025-10", "value": 8.669378482462729e-05, "incidence": 7.519354838709677, "pValue": 0.267430782162799, "interpretation": "not statistically significant (p = 0.267), medium effect size (d=-0.69)"}, {"cityName": "M\u00fcnster", "timestamp": "2025-10", "value": 5.144616098780381e-05, "incidence": 4.845161290322581, "pValue": 0.0037605856681158256, "interpretation": "very significant (p < 0.01), large effect size (d=-1.46)"}, {"cityName": "Recklinghausen", "timestamp": "2025-10", "value": 6.979615248453159e-05, "incidence": 9.129032258064514, "pValue": 0.014010068570081984, "interpretation": "significant (p = 0.014), large effect size (d=-1.66)"}, {"cityName": "Bielefeld", "timestamp": "2025-10", "value": 4.420288799641033e-05, "incidence": 6.951612903225806, "pValue": 0.027950186210935035, "interpretation": "significant (p = 0.028), large effect size (d=-1.14)"}, {"cityName": "G\u00fctersloh", "timestamp": "2025-10", "value": 4.418452153913677e-05, "incidence": 5.577419354838708, "pValue": 0.009075361597931944, "interpretation": "very significant (p < 0.01), large effect size (d=-1.43)"}, {"cityName": "Paderborn", "timestamp": "2025-10", "value": 3.466800215744203e-05, "incidence": 0.4354838709677419, "pValue": 0.07819746166420596, "interpretation": "not statistically significant (p = 0.078), large effect size (d=-1.02)"}, {"cityName": "Bochum", "timestamp": "2025-10", "value": 7.153630819326888e-05, "incidence": 9.593548387096773, "pValue": 0.05600091103639398, "interpretation": "not statistically significant (p = 0.056), large effect size (d=-1.25)"}, {"cityName": "Dortmund", "timestamp": "2025-10", "value": 5.2253628953122625e-05, "incidence": 6.058064516129032, "pValue": 0.024806186709099266, "interpretation": "significant (p = 0.025), large effect size (d=-1.52)"}, {"cityName": "Hagen", "timestamp": "2025-10", "value": 4.959558859339048e-05, "incidence": 13.893548387096775, "pValue": 0.0610000805871871, "interpretation": "not statistically significant (p = 0.061), large effect size (d=-1.35)"}, {"cityName": "Hamm", "timestamp": "2025-10", "value": 3.996516378330333e-05, "incidence": 9.525806451612903, "pValue": 0.006855270062773112, "interpretation": "very significant (p < 0.01), large effect size (d=-1.67)"}, {"cityName": "Herne", "timestamp": "2025-10", "value": 7.888894178904593e-05, "incidence": 8.045161290322582, "pValue": 0.020153886827614414, "interpretation": "significant (p = 0.020), large effect size (d=-1.63)"}, {"cityName": "Siegen", "timestamp": "2025-10", "value": 3.526743676047772e-05, "incidence": 2.906451612903225, "pValue": 0.06236794484026351, "interpretation": "not statistically significant (p = 0.062), large effect size (d=-1.29)"}, {"cityName": "Darmstadt", "timestamp": "2025-10", "value": 4.404195880686695e-05, "incidence": 5.677419354838709, "pValue": 0.0433450976203175, "interpretation": "significant (p = 0.043), large effect size (d=-1.47)"}, {"cityName": "Frankfurt am Main", "timestamp": "2025-10", "value": 6.217492574995214e-05, "incidence": 5.396774193548387, "pValue": 0.006016035446367726, "interpretation": "very significant (p < 0.01), large effect size (d=-1.46)"}, {"cityName": "Offenbach am Main", "timestamp": "2025-10", "value": 5.325450117445805e-05, "incidence": 9.758064516129028, "pValue": 0.004752477532197713, "interpretation": "very significant (p < 0.01), large effect size (d=-1.85)"}, {"cityName": "Wiesbaden", "timestamp": "2025-10", "value": 6.12476918225487e-05, "incidence": 5.709677419354838, "pValue": 0.16480220093334322, "interpretation": "not statistically significant (p = 0.165), medium effect size (d=-0.71)"}, {"cityName": "Hanau", "timestamp": "2025-10", "value": 4.6853719350810235e-05, "incidence": 4.661290322580645, "pValue": 0.00865702091343604, "interpretation": "very significant (p < 0.01), large effect size (d=-1.77)"}, {"cityName": "Kassel", "timestamp": "2025-10", "value": 4.357154506983029e-05, "incidence": 4.67741935483871, "pValue": 0.03559927040779544, "interpretation": "significant (p = 0.036), large effect size (d=-1.21)"}, {"cityName": "Koblenz", "timestamp": "2025-10", "value": 4.511863355421358e-05, "incidence": 5.948387096774194, "pValue": 0.15449002833904346, "interpretation": "not statistically significant (p = 0.154), large effect size (d=-0.81)"}, {"cityName": "Trier", "timestamp": "2025-10", "value": 4.758484137710184e-05, "incidence": 6.141935483870968, "pValue": 0.2560782073676391, "interpretation": "not statistically significant (p = 0.256), medium effect size (d=-0.54)"}, {"cityName": "Kaiserslautern", "timestamp": "2025-10", "value": 3.9007649040566044e-05, "incidence": 6.380645161290324, "pValue": 0.2627078018150746, "interpretation": "not statistically significant (p = 0.263), medium effect size (d=-0.66)"}, {"cityName": "Ludwigshafen am Rhein", "timestamp": "2025-10", "value": 8.332389794910948e-05, "incidence": 5.225806451612903, "pValue": 0.5350264855612932, "interpretation": "not statistically significant (p = 0.535), small effect size (d=-0.34)"}, {"cityName": "Mainz", "timestamp": "2025-10", "value": 4.881089262198657e-05, "incidence": 8.167741935483871, "pValue": 0.002223042457204692, "interpretation": "very significant (p < 0.01), large effect size (d=-1.71)"}, {"cityName": "Stuttgart", "timestamp": "2025-10", "value": 4.960621137999826e-05, "incidence": 4.4967741935483865, "pValue": 0.11964614898986484, "interpretation": "not statistically significant (p = 0.120), large effect size (d=-0.91)"}, {"cityName": "Heilbronn", "timestamp": "2025-10", "value": 5.0776987336575985e-05, "incidence": 7.603225806451613, "pValue": 0.004384839766791268, "interpretation": "very significant (p < 0.01), large effect size (d=-1.53)"}, {"cityName": "Karlsruhe", "timestamp": "2025-10", "value": 4.866705664123098e-05, "incidence": 5.209677419354839, "pValue": 0.047392537087523036, "interpretation": "significant (p = 0.047), large effect size (d=-0.96)"}, {"cityName": "Heidelberg", "timestamp": "2025-10", "value": 3.6760221088403146e-05, "incidence": 7.351612903225806, "pValue": 0.001219214262814096, "interpretation": "very significant (p < 0.01), large effect size (d=-2.04)"}, {"cityName": "Mannheim", "timestamp": "2025-10", "value": 6.830059923231602e-05, "incidence": 8.264516129032257, "pValue": 0.3928294544273817, "interpretation": "not statistically significant (p = 0.393), small effect size (d=-0.46)"}, {"cityName": "Pforzheim", "timestamp": "2025-10", "value": 4.752321142910255e-05, "incidence": 3.903225806451613, "pValue": 0.08800434218217458, "interpretation": "not statistically significant (p = 0.088), large effect size (d=-0.92)"}, {"cityName": "Freiburg im Breisgau", "timestamp": "2025-10", "value": 5.023367702960968e-05, "incidence": 3.9354838709677424, "pValue": 0.7206274445886032, "interpretation": "not statistically significant (p = 0.721), negligible effect size (d=0.15)"}, {"cityName": "Reutlingen", "timestamp": "2025-10", "value": 4.216632078168914e-05, "incidence": 6.112903225806452, "pValue": 0.03571543147749984, "interpretation": "significant (p = 0.036), large effect size (d=-0.99)"}, {"cityName": "Ulm", "timestamp": "2025-10", "value": 4.22015283746939e-05, "incidence": 15.054838709677417, "pValue": 0.10163502752070153, "interpretation": "not statistically significant (p = 0.102), medium effect size (d=-0.73)"}, {"cityName": "Ingolstadt", "timestamp": "2025-10", "value": 5.38863823749125e-05, "incidence": 6.8741935483870975, "pValue": 0.09018195807369996, "interpretation": "not statistically significant (p = 0.090), large effect size (d=-0.88)"}, {"cityName": "M\u00fcnchen", "timestamp": "2025-10", "value": 4.422685238890923e-05, "incidence": 14.922580645161293, "pValue": 0.018656356800461307, "interpretation": "significant (p = 0.019), large effect size (d=-1.06)"}, {"cityName": "Regensburg", "timestamp": "2025-10", "value": 4.477374410877625e-05, "incidence": 9.154838709677419, "pValue": 0.04472688305880927, "interpretation": "significant (p = 0.045), large effect size (d=-1.21)"}, {"cityName": "Erlangen", "timestamp": "2025-10", "value": 4.24772609091763e-05, "incidence": 7.596774193548388, "pValue": 0.00422900225730436, "interpretation": "very significant (p < 0.01), large effect size (d=-1.79)"}, {"cityName": "F\u00fcrth", "timestamp": "2025-10", "value": 4.855769220739603e-05, "incidence": 9.961290322580643, "pValue": 0.035875278059802694, "interpretation": "significant (p = 0.036), large effect size (d=-1.33)"}, {"cityName": "N\u00fcrnberg", "timestamp": "2025-10", "value": 5.058260549875823e-05, "incidence": 5.948387096774193, "pValue": 0.006651991680441042, "interpretation": "very significant (p < 0.01), large effect size (d=-1.60)"}, {"cityName": "W\u00fcrzburg", "timestamp": "2025-10", "value": 4.398588134790771e-05, "incidence": 8.403225806451612, "pValue": 0.030370112248919792, "interpretation": "significant (p = 0.030), large effect size (d=-1.37)"}, {"cityName": "Augsburg", "timestamp": "2025-10", "value": 4.226278262929274e-05, "incidence": 9.964516129032258, "pValue": 0.057147110675852694, "interpretation": "not statistically significant (p = 0.057), large effect size (d=-0.91)"}, {"cityName": "Saarbr\u00fccken", "timestamp": "2025-10", "value": 4.520637836928169e-05, "incidence": 9.6741935483871, "pValue": 0.15428138657726687, "interpretation": "not statistically significant (p = 0.154), medium effect size (d=-0.74)"}, {"cityName": "Berlin", "timestamp": "2025-10", "value": 4.63916874695115e-05, "incidence": 0.0, "pValue": 0.08228345158394121, "interpretation": "not statistically significant (p = 0.082), medium effect size (d=-0.77)"}, {"cityName": "Cottbus", "timestamp": "2025-10", "value": 4.6974397264420986e-05, "incidence": 9.151612903225807, "pValue": 0.053260927601596716, "interpretation": "not statistically significant (p = 0.053), large effect size (d=-1.06)"}, {"cityName": "Potsdam", "timestamp": "2025-10", "value": 4.3212217004860146e-05, "incidence": 7.148387096774192, "pValue": 0.23703624278531005, "interpretation": "not statistically significant (p = 0.237), medium effect size (d=-0.67)"}, {"cityName": "Rostock", "timestamp": "2025-10", "value": 3.692636506236864e-05, "incidence": 9.977419354838714, "pValue": 0.28560020405678, "interpretation": "not statistically significant (p = 0.286), small effect size (d=-0.48)"}, {"cityName": "Chemnitz", "timestamp": "2025-10", "value": 3.0095967259712337e-05, "incidence": 11.161290322580646, "pValue": 0.04523202447973844, "interpretation": "significant (p = 0.045), large effect size (d=-1.21)"}, {"cityName": "Dresden", "timestamp": "2025-10", "value": 4.2209211228923365e-05, "incidence": 8.703225806451613, "pValue": 0.07197605352405177, "interpretation": "not statistically significant (p = 0.072), large effect size (d=-0.91)"}, {"cityName": "Leipzig", "timestamp": "2025-10", "value": 4.749373514570442e-05, "incidence": 12.429032258064513, "pValue": 0.0343348879174784, "interpretation": "significant (p = 0.034), large effect size (d=-1.13)"}, {"cityName": "Halle (Saale)", "timestamp": "2025-10", "value": 4.385790089145303e-05, "incidence": 8.264516129032259, "pValue": 0.007071938319297082, "interpretation": "very significant (p < 0.01), large effect size (d=-1.28)"}, {"cityName": "Magdeburg", "timestamp": "2025-10", "value": 4.398049541602009e-05, "incidence": 9.58064516129032, "pValue": 0.010125954669146299, "interpretation": "significant (p = 0.010), large effect size (d=-1.38)"}, {"cityName": "Erfurt", "timestamp": "2025-10", "value": 3.0345630217739877e-05, "incidence": 7.274193548387096, "pValue": 0.005209329881256202, "interpretation": "very significant (p < 0.01), large effect size (d=-1.78)"}, {"cityName": "Jena", "timestamp": "2025-10", "value": 3.319244003958172e-05, "incidence": 9.116129032258065, "pValue": 0.007585130504899911, "interpretation": "very significant (p < 0.01), large effect size (d=-1.56)"}]