[{"cityName": "Kiel", "timestamp": "2024-03", "value": 3.645586271193766e-05, "incidence": 1.625806451612903, "pValue": 0.8759724460308216, "interpretation": "not statistically significant (p = 0.876), negligible effect size (d=-0.10)"}, {"cityName": "L\u00fcbeck", "timestamp": "2024-03", "value": 3.563169997909831e-05, "incidence": 0.9774193548387093, "pValue": 0.1311713528163788, "interpretation": "not statistically significant (p = 0.131), medium effect size (d=-0.79)"}, {"cityName": "Hamburg", "timestamp": "2024-03", "value": 5.130968918954885e-05, "incidence": 1.3806451612903228, "pValue": 0.1759300992243885, "interpretation": "not statistically significant (p = 0.176), medium effect size (d=-0.64)"}, {"cityName": "Braunschweig", "timestamp": "2024-03", "value": 5.314404980334289e-05, "incidence": 2.193548387096775, "pValue": 0.14672135183659024, "interpretation": "not statistically significant (p = 0.147), medium effect size (d=-0.78)"}, {"cityName": "Salzgitter", "timestamp": "2024-03", "value": 5.4141442524269225e-05, "incidence": 0.6548387096774193, "pValue": 0.1691525712692136, "interpretation": "not statistically significant (p = 0.169), medium effect size (d=-0.72)"}, {"cityName": "Wolfsburg", "timestamp": "2024-03", "value": 5.045742727816105e-05, "incidence": 0.6193548387096776, "pValue": 0.5078100509884957, "interpretation": "not statistically significant (p = 0.508), small effect size (d=-0.40)"}, {"cityName": "G\u00f6ttingen", "timestamp": "2024-03", "value": 4.269627832053673e-05, "incidence": 1.441935483870968, "pValue": 0.0629840878477031, "interpretation": "not statistically significant (p = 0.063), large effect size (d=-0.97)"}, {"cityName": "Hannover", "timestamp": "2024-03", "value": 4.7246125943370555e-05, "incidence": 1.7419354838709675, "pValue": 0.04834163811531109, "interpretation": "significant (p = 0.048), large effect size (d=-1.03)"}, {"cityName": "Hildesheim", "timestamp": "2024-03", "value": 4.8061271252877574e-05, "incidence": 0.7580645161290321, "pValue": 0.13006488844757835, "interpretation": "not statistically significant (p = 0.130), large effect size (d=-1.01)"}, {"cityName": "Oldenburg (Oldb)", "timestamp": "2024-03", "value": 4.75292035844177e-05, "incidence": 0.832258064516129, "pValue": 0.5421937624150834, "interpretation": "not statistically significant (p = 0.542), small effect size (d=-0.34)"}, {"cityName": "Osnabr\u00fcck", "timestamp": "2024-03", "value": 5.838210398161953e-05, "incidence": 2.0709677419354837, "pValue": 0.05115739851629314, "interpretation": "not statistically significant (p = 0.051), large effect size (d=-1.21)"}, {"cityName": "Bremen", "timestamp": "2024-03", "value": 5.303950766559507e-05, "incidence": 0.7064516129032257, "pValue": 0.16079432526486484, "interpretation": "not statistically significant (p = 0.161), medium effect size (d=-0.64)"}, {"cityName": "Bremerhaven", "timestamp": "2024-03", "value": 5.3838593885302544e-05, "incidence": 0.40322580645161293, "pValue": 0.9817328598276567, "interpretation": "not statistically significant (p = 0.982), negligible effect size (d=-0.01)"}, {"cityName": "D\u00fcsseldorf", "timestamp": "2024-03", "value": 0.0001013319280634566, "incidence": 2.5129032258064523, "pValue": 0.027672725624057603, "interpretation": "significant (p = 0.028), large effect size (d=-1.05)"}, {"cityName": "Duisburg", "timestamp": "2024-03", "value": 0.00013589122308752476, "incidence": 2.425806451612904, "pValue": 0.13857343209602715, "interpretation": "not statistically significant (p = 0.139), medium effect size (d=-0.69)"}, {"cityName": "Essen", "timestamp": "2024-03", "value": 8.598849392281129e-05, "incidence": 2.4258064516129036, "pValue": 0.03396685727096885, "interpretation": "significant (p = 0.034), large effect size (d=-1.09)"}, {"cityName": "Krefeld", "timestamp": "2024-03", "value": 9.672318656857197e-05, "incidence": 2.3419354838709676, "pValue": 0.21797137630768348, "interpretation": "not statistically significant (p = 0.218), medium effect size (d=-0.53)"}, {"cityName": "M\u00f6nchengladbach", "timestamp": "2024-03", "value": 8.514496208778743e-05, "incidence": 1.2290322580645163, "pValue": 0.08802171205553763, "interpretation": "not statistically significant (p = 0.088), large effect size (d=-0.83)"}, {"cityName": "M\u00fclheim an der Ruhr", "timestamp": "2024-03", "value": 9.517150465399027e-05, "incidence": 1.7741935483870968, "pValue": 0.09478991908894506, "interpretation": "not statistically significant (p = 0.095), large effect size (d=-0.84)"}, {"cityName": "Oberhausen", "timestamp": "2024-03", "value": 0.00012052607221099046, "incidence": 1.8999999999999997, "pValue": 0.09342032227224957, "interpretation": "not statistically significant (p = 0.093), large effect size (d=-1.02)"}, {"cityName": "Remscheid", "timestamp": "2024-03", "value": 5.965341503421466e-05, "incidence": 1.3903225806451611, "pValue": 0.019459576581336114, "interpretation": "significant (p = 0.019), large effect size (d=-1.32)"}, {"cityName": "Solingen", "timestamp": "2024-03", "value": 6.335836951620877e-05, "incidence": 1.8258064516129038, "pValue": 0.07552226542818356, "interpretation": "not statistically significant (p = 0.076), large effect size (d=-0.85)"}, {"cityName": "Wuppertal", "timestamp": "2024-03", "value": 5.974413620101081e-05, "incidence": 2.064516129032258, "pValue": 0.01578228581646515, "interpretation": "significant (p = 0.016), large effect size (d=-1.44)"}, {"cityName": "Neuss", "timestamp": "2024-03", "value": 0.00010596282663755119, "incidence": 1.9806451612903229, "pValue": 0.2895682134808306, "interpretation": "not statistically significant (p = 0.290), medium effect size (d=-0.50)"}, {"cityName": "Moers", "timestamp": "2024-03", "value": 0.0001210310313451503, "incidence": 1.467741935483871, "pValue": 0.14917231965063668, "interpretation": "not statistically significant (p = 0.149), medium effect size (d=-0.76)"}, {"cityName": "Bonn", "timestamp": "2024-03", "value": 5.7297981005500666e-05, "incidence": 1.035483870967742, "pValue": 0.11775093940218653, "interpretation": "not statistically significant (p = 0.118), large effect size (d=-0.81)"}, {"cityName": "K\u00f6ln", "timestamp": "2024-03", "value": 8.21639356824259e-05, "incidence": 1.8290322580645162, "pValue": 0.022443680786767665, "interpretation": "significant (p = 0.022), large effect size (d=-1.03)"}, {"cityName": "Leverkusen", "timestamp": "2024-03", "value": 7.244455143033217e-05, "incidence": 2.4387096774193546, "pValue": 0.024262808174048113, "interpretation": "significant (p = 0.024), large effect size (d=-1.12)"}, {"cityName": "Aachen", "timestamp": "2024-03", "value": 5.3667407161716756e-05, "incidence": 1.4645161290322577, "pValue": 0.013234380861233432, "interpretation": "significant (p = 0.013), large effect size (d=-1.46)"}, {"cityName": "Bergisch Gladbach", "timestamp": "2024-03", "value": 6.362434942275286e-05, "incidence": 0.7999999999999998, "pValue": 0.1816464321996527, "interpretation": "not statistically significant (p = 0.182), medium effect size (d=-0.73)"}, {"cityName": "Bottrop", "timestamp": "2024-03", "value": 0.00011123392237898181, "incidence": 2.2967741935483876, "pValue": 0.0017101630001413206, "interpretation": "very significant (p < 0.01), large effect size (d=-2.17)"}, {"cityName": "Gelsenkirchen", "timestamp": "2024-03", "value": 9.863599723971943e-05, "incidence": 1.803225806451613, "pValue": 0.02177365999506389, "interpretation": "significant (p = 0.022), large effect size (d=-1.49)"}, {"cityName": "M\u00fcnster", "timestamp": "2024-03", "value": 6.481530471590527e-05, "incidence": 0.8935483870967742, "pValue": 0.1556778510394511, "interpretation": "not statistically significant (p = 0.156), medium effect size (d=-0.68)"}, {"cityName": "Recklinghausen", "timestamp": "2024-03", "value": 9.998774979836665e-05, "incidence": 1.6903225806451612, "pValue": 0.03056459346118374, "interpretation": "significant (p = 0.031), large effect size (d=-1.38)"}, {"cityName": "Bielefeld", "timestamp": "2024-03", "value": 5.883473204448819e-05, "incidence": 1.5096774193548388, "pValue": 0.5113362566938309, "interpretation": "not statistically significant (p = 0.511), small effect size (d=-0.33)"}, {"cityName": "G\u00fctersloh", "timestamp": "2024-03", "value": 5.8910518418997526e-05, "incidence": 0.6354838709677421, "pValue": 0.34906510554678993, "interpretation": "not statistically significant (p = 0.349), medium effect size (d=-0.51)"}, {"cityName": "Paderborn", "timestamp": "2024-03", "value": 4.9760595204368713e-05, "incidence": 0.4903225806451613, "pValue": 0.19432285018693032, "interpretation": "not statistically significant (p = 0.194), medium effect size (d=-0.79)"}, {"cityName": "Bochum", "timestamp": "2024-03", "value": 8.274738987286885e-05, "incidence": 2.570967741935484, "pValue": 0.09533634174615735, "interpretation": "not statistically significant (p = 0.095), large effect size (d=-0.98)"}, {"cityName": "Dortmund", "timestamp": "2024-03", "value": 7.628783693208414e-05, "incidence": 2.2806451612903227, "pValue": 0.044584812946760664, "interpretation": "significant (p = 0.045), large effect size (d=-0.93)"}, {"cityName": "Hagen", "timestamp": "2024-03", "value": 5.838134454499031e-05, "incidence": 2.6774193548387095, "pValue": 0.01547720419616256, "interpretation": "significant (p = 0.015), large effect size (d=-1.80)"}, {"cityName": "Hamm", "timestamp": "2024-03", "value": 8.35457994114785e-05, "incidence": 0.8935483870967745, "pValue": 0.16060501058570717, "interpretation": "not statistically significant (p = 0.161), medium effect size (d=-0.75)"}, {"cityName": "Herne", "timestamp": "2024-03", "value": 0.00010346848284825683, "incidence": 0.906451612903226, "pValue": 0.1686696443283624, "interpretation": "not statistically significant (p = 0.169), medium effect size (d=-0.79)"}, {"cityName": "Siegen", "timestamp": "2024-03", "value": 4.1988267912529406e-05, "incidence": 2.3903225806451616, "pValue": 0.011663101542073265, "interpretation": "significant (p = 0.012), large effect size (d=-1.60)"}, {"cityName": "Darmstadt", "timestamp": "2024-03", "value": 7.161979605867104e-05, "incidence": 2.7161290322580642, "pValue": 0.046301150826927324, "interpretation": "significant (p = 0.046), large effect size (d=-1.06)"}, {"cityName": "Frankfurt am Main", "timestamp": "2024-03", "value": 9.706190956587142e-05, "incidence": 1.5483870967741935, "pValue": 0.06725123685747257, "interpretation": "not statistically significant (p = 0.067), large effect size (d=-0.88)"}, {"cityName": "Offenbach am Main", "timestamp": "2024-03", "value": 8.764779406853698e-05, "incidence": 3.238709677419355, "pValue": 0.11246362619138914, "interpretation": "not statistically significant (p = 0.112), large effect size (d=-0.82)"}, {"cityName": "Wiesbaden", "timestamp": "2024-03", "value": 7.370794709357951e-05, "incidence": 3.4935483870967747, "pValue": 0.0024171889867020914, "interpretation": "very significant (p < 0.01), large effect size (d=-1.80)"}, {"cityName": "Hanau", "timestamp": "2024-03", "value": 7.559592799785045e-05, "incidence": 2.9548387096774187, "pValue": 0.0869620480733756, "interpretation": "not statistically significant (p = 0.087), large effect size (d=-0.92)"}, {"cityName": "Kassel", "timestamp": "2024-03", "value": 4.962846610902084e-05, "incidence": 1.2741935483870968, "pValue": 0.0594208492414017, "interpretation": "not statistically significant (p = 0.059), large effect size (d=-1.04)"}, {"cityName": "Koblenz", "timestamp": "2024-03", "value": 4.647385018567244e-05, "incidence": 3.380645161290322, "pValue": 0.008325454985862926, "interpretation": "very significant (p < 0.01), large effect size (d=-1.66)"}, {"cityName": "Trier", "timestamp": "2024-03", "value": 4.886805545538664e-05, "incidence": 1.219354838709677, "pValue": 0.07589444115852043, "interpretation": "not statistically significant (p = 0.076), large effect size (d=-0.85)"}, {"cityName": "Kaiserslautern", "timestamp": "2024-03", "value": 4.494466926329411e-05, "incidence": 2.032258064516129, "pValue": 0.03669896344096144, "interpretation": "significant (p = 0.037), large effect size (d=-1.01)"}, {"cityName": "Ludwigshafen am Rhein", "timestamp": "2024-03", "value": 8.82622067971776e-05, "incidence": 0.9064516129032261, "pValue": 0.05032727789047522, "interpretation": "not statistically significant (p = 0.050), large effect size (d=-0.94)"}, {"cityName": "Mainz", "timestamp": "2024-03", "value": 6.918422150192782e-05, "incidence": 0.9645161290322578, "pValue": 0.0024467290794983713, "interpretation": "very significant (p < 0.01), large effect size (d=-1.74)"}, {"cityName": "Stuttgart", "timestamp": "2024-03", "value": 5.596867089884149e-05, "incidence": 0.7580645161290325, "pValue": 0.17799398987215836, "interpretation": "not statistically significant (p = 0.178), medium effect size (d=-0.61)"}, {"cityName": "Heilbronn", "timestamp": "2024-03", "value": 5.4118569500537385e-05, "incidence": 3.2709677419354835, "pValue": 0.12624860682819658, "interpretation": "not statistically significant (p = 0.126), medium effect size (d=-0.70)"}, {"cityName": "Karlsruhe", "timestamp": "2024-03", "value": 6.207008846104145e-05, "incidence": 0.9677419354838712, "pValue": 0.08197583387251388, "interpretation": "not statistically significant (p = 0.082), medium effect size (d=-0.77)"}, {"cityName": "Heidelberg", "timestamp": "2024-03", "value": 5.977175590631209e-05, "incidence": 0.7548387096774195, "pValue": 0.04453267090935227, "interpretation": "significant (p = 0.045), large effect size (d=-1.00)"}, {"cityName": "Mannheim", "timestamp": "2024-03", "value": 8.692335337400437e-05, "incidence": 3.064516129032258, "pValue": 0.07198779526584569, "interpretation": "not statistically significant (p = 0.072), large effect size (d=-0.81)"}, {"cityName": "Pforzheim", "timestamp": "2024-03", "value": 5.7283168037732444e-05, "incidence": 0.5419354838709678, "pValue": 0.06547975289744791, "interpretation": "not statistically significant (p = 0.065), large effect size (d=-0.90)"}, {"cityName": "Freiburg im Breisgau", "timestamp": "2024-03", "value": 4.023553251668259e-05, "incidence": 1.032258064516129, "pValue": 0.0037670756583856055, "interpretation": "very significant (p < 0.01), large effect size (d=-1.34)"}, {"cityName": "Reutlingen", "timestamp": "2024-03", "value": 5.0267684855498374e-05, "incidence": 1.5064516129032264, "pValue": 0.07255978677261178, "interpretation": "not statistically significant (p = 0.073), large effect size (d=-0.86)"}, {"cityName": "Ulm", "timestamp": "2024-03", "value": 5.154530395214495e-05, "incidence": 1.7129032258064514, "pValue": 0.008525015826148653, "interpretation": "very significant (p < 0.01), large effect size (d=-1.24)"}, {"cityName": "Ingolstadt", "timestamp": "2024-03", "value": 5.0977279897779226e-05, "incidence": 1.412903225806452, "pValue": 0.021055727320324454, "interpretation": "significant (p = 0.021), large effect size (d=-1.28)"}, {"cityName": "M\u00fcnchen", "timestamp": "2024-03", "value": 4.9909576773643494e-05, "incidence": 1.6419354838709679, "pValue": 0.007615723925779778, "interpretation": "very significant (p < 0.01), large effect size (d=-1.14)"}, {"cityName": "Regensburg", "timestamp": "2024-03", "value": 4.866702171663443e-05, "incidence": 1.9677419354838708, "pValue": 0.11473897123685978, "interpretation": "not statistically significant (p = 0.115), medium effect size (d=-0.79)"}, {"cityName": "Erlangen", "timestamp": "2024-03", "value": 4.948278157306569e-05, "incidence": 0.9580645161290323, "pValue": 0.05249644985422183, "interpretation": "not statistically significant (p = 0.052), large effect size (d=-0.99)"}, {"cityName": "F\u00fcrth", "timestamp": "2024-03", "value": 4.954274045303464e-05, "incidence": 0.7580645161290324, "pValue": 0.05768217375465081, "interpretation": "not statistically significant (p = 0.058), large effect size (d=-1.00)"}, {"cityName": "N\u00fcrnberg", "timestamp": "2024-03", "value": 4.9646541645581074e-05, "incidence": 2.129032258064516, "pValue": 0.0217134828430259, "interpretation": "significant (p = 0.022), large effect size (d=-1.16)"}, {"cityName": "W\u00fcrzburg", "timestamp": "2024-03", "value": 5.211538154981099e-05, "incidence": 1.1419354838709674, "pValue": 0.023701623488602587, "interpretation": "significant (p = 0.024), large effect size (d=-1.11)"}, {"cityName": "Augsburg", "timestamp": "2024-03", "value": 5.330141777029404e-05, "incidence": 0.8870967741935484, "pValue": 0.13070595873481963, "interpretation": "not statistically significant (p = 0.131), medium effect size (d=-0.67)"}, {"cityName": "Saarbr\u00fccken", "timestamp": "2024-03", "value": 4.2040975919614236e-05, "incidence": 3.464516129032258, "pValue": 0.01454730908331541, "interpretation": "significant (p = 0.015), large effect size (d=-1.30)"}, {"cityName": "Berlin", "timestamp": "2024-03", "value": 5.780607348353398e-05, "incidence": 0.0, "pValue": 0.43894471838301474, "interpretation": "not statistically significant (p = 0.439), small effect size (d=-0.32)"}, {"cityName": "Cottbus", "timestamp": "2024-03", "value": 4.649404078148879e-05, "incidence": 1.032258064516129, "pValue": 0.018112128996924843, "interpretation": "significant (p = 0.018), large effect size (d=-1.34)"}, {"cityName": "Potsdam", "timestamp": "2024-03", "value": 5.140570882598267e-05, "incidence": 2.2290322580645165, "pValue": 0.8194490999068025, "interpretation": "not statistically significant (p = 0.819), negligible effect size (d=-0.11)"}, {"cityName": "Rostock", "timestamp": "2024-03", "value": 3.484556112777103e-05, "incidence": 0.9709677419354839, "pValue": 0.5539284854549009, "interpretation": "not statistically significant (p = 0.554), small effect size (d=-0.28)"}, {"cityName": "Chemnitz", "timestamp": "2024-03", "value": 5.035382332053126e-05, "incidence": 1.329032258064516, "pValue": 0.7469007841682288, "interpretation": "not statistically significant (p = 0.747), negligible effect size (d=-0.14)"}, {"cityName": "Dresden", "timestamp": "2024-03", "value": 5.185568959198215e-05, "incidence": 1.2483870967741937, "pValue": 0.0016027335160503494, "interpretation": "very significant (p < 0.01), large effect size (d=-1.62)"}, {"cityName": "Leipzig", "timestamp": "2024-03", "value": 5.68057328243466e-05, "incidence": 1.2258064516129028, "pValue": 0.19879098261751316, "interpretation": "not statistically significant (p = 0.199), medium effect size (d=-0.66)"}, {"cityName": "Halle (Saale)", "timestamp": "2024-03", "value": 5.203914285326997e-05, "incidence": 1.9935483870967747, "pValue": 0.15550364565376174, "interpretation": "not statistically significant (p = 0.156), large effect size (d=-0.81)"}, {"cityName": "Magdeburg", "timestamp": "2024-03", "value": 5.045217020731223e-05, "incidence": 1.2129032258064518, "pValue": 0.014048128914903096, "interpretation": "significant (p = 0.014), large effect size (d=-1.22)"}, {"cityName": "Erfurt", "timestamp": "2024-03", "value": 5.196196898976539e-05, "incidence": 1.693548387096774, "pValue": 0.020226880300687575, "interpretation": "significant (p = 0.020), large effect size (d=-1.32)"}, {"cityName": "Jena", "timestamp": "2024-03", "value": 4.743764616755975e-05, "incidence": 1.9741935483870965, "pValue": 0.11497234769478207, "interpretation": "not statistically significant (p = 0.115), large effect size (d=-0.84)"}]