[{"cityName": "Kiel", "timestamp": "2021-06", "value": 3.126158844679594e-05, "incidence": 8.483333333333333, "pValue": 0.06529138690164786, "interpretation": "not statistically significant (p = 0.065), large effect size (d=-0.83)"}, {"cityName": "L\u00fcbeck", "timestamp": "2021-06", "value": 2.854819629444844e-05, "incidence": 8.680000000000001, "pValue": 0.17539954496572957, "interpretation": "not statistically significant (p = 0.175), medium effect size (d=-0.56)"}, {"cityName": "Hamburg", "timestamp": "2021-06", "value": 4.4850391094331385e-05, "incidence": 15.473333333333333, "pValue": 0.16829909560266473, "interpretation": "not statistically significant (p = 0.168), medium effect size (d=-0.51)"}, {"cityName": "Braunschweig", "timestamp": "2021-06", "value": 3.514616914531764e-05, "incidence": 8.063333333333334, "pValue": 0.6760174381835047, "interpretation": "not statistically significant (p = 0.676), negligible effect size (d=-0.15)"}, {"cityName": "Salzgitter", "timestamp": "2021-06", "value": 3.935592831112444e-05, "incidence": 15.999999999999996, "pValue": 0.4235060707460765, "interpretation": "not statistically significant (p = 0.424), small effect size (d=0.30)"}, {"cityName": "Wolfsburg", "timestamp": "2021-06", "value": 3.10241195716356e-05, "incidence": 12.999999999999998, "pValue": 0.12219399471124753, "interpretation": "not statistically significant (p = 0.122), medium effect size (d=-0.65)"}, {"cityName": "G\u00f6ttingen", "timestamp": "2021-06", "value": 2.93485022016934e-05, "incidence": 10.606666666666664, "pValue": 0.2548364316367689, "interpretation": "not statistically significant (p = 0.255), medium effect size (d=-0.51)"}, {"cityName": "Hannover", "timestamp": "2021-06", "value": 3.791718412876913e-05, "incidence": 12.450000000000001, "pValue": 0.2643058448191513, "interpretation": "not statistically significant (p = 0.264), small effect size (d=-0.41)"}, {"cityName": "Hildesheim", "timestamp": "2021-06", "value": 3.189594923135112e-05, "incidence": 13.866666666666667, "pValue": 0.24879347881912264, "interpretation": "not statistically significant (p = 0.249), small effect size (d=-0.46)"}, {"cityName": "Oldenburg (Oldb)", "timestamp": "2021-06", "value": 3.694487968459725e-05, "incidence": 11.083333333333334, "pValue": 0.5531768950273828, "interpretation": "not statistically significant (p = 0.553), small effect size (d=-0.24)"}, {"cityName": "Osnabr\u00fcck", "timestamp": "2021-06", "value": 3.5184170966121286e-05, "incidence": 9.993333333333332, "pValue": 0.04812181875593577, "interpretation": "significant (p = 0.048), large effect size (d=-0.86)"}, {"cityName": "Bremen", "timestamp": "2021-06", "value": 4.1874274458797255e-05, "incidence": 16.150000000000002, "pValue": 0.24254350149476894, "interpretation": "not statistically significant (p = 0.243), small effect size (d=-0.41)"}, {"cityName": "Bremerhaven", "timestamp": "2021-06", "value": 3.587610055027264e-05, "incidence": 11.096666666666666, "pValue": 0.066277471526052, "interpretation": "not statistically significant (p = 0.066), medium effect size (d=-0.71)"}, {"cityName": "D\u00fcsseldorf", "timestamp": "2021-06", "value": 8.827016302725164e-05, "incidence": 17.326666666666668, "pValue": 0.4338610818634785, "interpretation": "not statistically significant (p = 0.434), small effect size (d=-0.31)"}, {"cityName": "Duisburg", "timestamp": "2021-06", "value": 9.633088484406471e-05, "incidence": 22.013333333333335, "pValue": 0.9265700684966973, "interpretation": "not statistically significant (p = 0.927), negligible effect size (d=0.03)"}, {"cityName": "Essen", "timestamp": "2021-06", "value": 7.839071062894967e-05, "incidence": 17.30333333333333, "pValue": 0.8961253563731868, "interpretation": "not statistically significant (p = 0.896), negligible effect size (d=-0.05)"}, {"cityName": "Krefeld", "timestamp": "2021-06", "value": 7.960957904847768e-05, "incidence": 22.040000000000003, "pValue": 0.818955569584565, "interpretation": "not statistically significant (p = 0.819), negligible effect size (d=0.09)"}, {"cityName": "M\u00f6nchengladbach", "timestamp": "2021-06", "value": 6.961659528315067e-05, "incidence": 16.686666666666664, "pValue": 0.9847290077524438, "interpretation": "not statistically significant (p = 0.985), negligible effect size (d=0.01)"}, {"cityName": "M\u00fclheim an der Ruhr", "timestamp": "2021-06", "value": 8.925814957668383e-05, "incidence": 13.956666666666667, "pValue": 0.41822623739111375, "interpretation": "not statistically significant (p = 0.418), small effect size (d=0.32)"}, {"cityName": "Oberhausen", "timestamp": "2021-06", "value": 9.88253248998752e-05, "incidence": 16.01666666666667, "pValue": 0.8125069050928623, "interpretation": "not statistically significant (p = 0.813), negligible effect size (d=0.10)"}, {"cityName": "Remscheid", "timestamp": "2021-06", "value": 4.9103583053996164e-05, "incidence": 19.000000000000004, "pValue": 0.22832197688187644, "interpretation": "not statistically significant (p = 0.228), medium effect size (d=-0.56)"}, {"cityName": "Solingen", "timestamp": "2021-06", "value": 5.650825914926827e-05, "incidence": 20.166666666666668, "pValue": 0.2686504670616922, "interpretation": "not statistically significant (p = 0.269), small effect size (d=-0.49)"}, {"cityName": "Wuppertal", "timestamp": "2021-06", "value": 5.5947729075948395e-05, "incidence": 26.263333333333332, "pValue": 0.23873220341942722, "interpretation": "not statistically significant (p = 0.239), medium effect size (d=-0.52)"}, {"cityName": "Neuss", "timestamp": "2021-06", "value": 9.477300773141906e-05, "incidence": 18.939999999999998, "pValue": 0.47421761275568886, "interpretation": "not statistically significant (p = 0.474), small effect size (d=-0.32)"}, {"cityName": "Moers", "timestamp": "2021-06", "value": 7.902110727237803e-05, "incidence": 13.206666666666669, "pValue": 0.9916585065211054, "interpretation": "not statistically significant (p = 0.992), negligible effect size (d=0.00)"}, {"cityName": "Bonn", "timestamp": "2021-06", "value": 5.387100496922027e-05, "incidence": 32.470000000000006, "pValue": 0.23261084583996405, "interpretation": "not statistically significant (p = 0.233), medium effect size (d=-0.50)"}, {"cityName": "K\u00f6ln", "timestamp": "2021-06", "value": 9.253146385567056e-05, "incidence": 19.566666666666663, "pValue": 0.6758698823946091, "interpretation": "not statistically significant (p = 0.676), negligible effect size (d=0.17)"}, {"cityName": "Leverkusen", "timestamp": "2021-06", "value": 8.021958152918766e-05, "incidence": 24.266666666666666, "pValue": 0.7722967931228182, "interpretation": "not statistically significant (p = 0.772), negligible effect size (d=-0.13)"}, {"cityName": "Aachen", "timestamp": "2021-06", "value": 4.977401313853675e-05, "incidence": 17.676666666666666, "pValue": 0.8255275472256995, "interpretation": "not statistically significant (p = 0.826), negligible effect size (d=-0.08)"}, {"cityName": "Bergisch Gladbach", "timestamp": "2021-06", "value": 7.109218443344747e-05, "incidence": 14.566666666666668, "pValue": 0.7958360860281803, "interpretation": "not statistically significant (p = 0.796), negligible effect size (d=0.12)"}, {"cityName": "Bottrop", "timestamp": "2021-06", "value": 8.539572659441653e-05, "incidence": 15.276666666666667, "pValue": 0.46408209035735026, "interpretation": "not statistically significant (p = 0.464), small effect size (d=-0.30)"}, {"cityName": "Gelsenkirchen", "timestamp": "2021-06", "value": 9.036613354349837e-05, "incidence": 20.83333333333334, "pValue": 0.9926909802149159, "interpretation": "not statistically significant (p = 0.993), negligible effect size (d=-0.00)"}, {"cityName": "M\u00fcnster", "timestamp": "2021-06", "value": 4.038137073318163e-05, "incidence": 5.876666666666668, "pValue": 0.08478391680694825, "interpretation": "not statistically significant (p = 0.085), medium effect size (d=-0.64)"}, {"cityName": "Recklinghausen", "timestamp": "2021-06", "value": 7.555689304493941e-05, "incidence": 17.360000000000003, "pValue": 0.6636189044802245, "interpretation": "not statistically significant (p = 0.664), negligible effect size (d=-0.18)"}, {"cityName": "Bielefeld", "timestamp": "2021-06", "value": 3.690801289243003e-05, "incidence": 17.803333333333335, "pValue": 0.057319638295770525, "interpretation": "not statistically significant (p = 0.057), medium effect size (d=-0.78)"}, {"cityName": "G\u00fctersloh", "timestamp": "2021-06", "value": 3.7479004822671415e-05, "incidence": 23.48666666666667, "pValue": 0.021653693857270798, "interpretation": "significant (p = 0.022), large effect size (d=-1.03)"}, {"cityName": "Paderborn", "timestamp": "2021-06", "value": 3.370714013374621e-05, "incidence": 20.7, "pValue": 0.07145321129636809, "interpretation": "not statistically significant (p = 0.071), medium effect size (d=-0.74)"}, {"cityName": "Bochum", "timestamp": "2021-06", "value": 7.006411033216864e-05, "incidence": 20.483333333333334, "pValue": 0.8288745902441425, "interpretation": "not statistically significant (p = 0.829), negligible effect size (d=-0.09)"}, {"cityName": "Dortmund", "timestamp": "2021-06", "value": 7.014308928274641e-05, "incidence": 22.319999999999997, "pValue": 0.7451857979343341, "interpretation": "not statistically significant (p = 0.745), negligible effect size (d=0.13)"}, {"cityName": "Hagen", "timestamp": "2021-06", "value": 5.348668241038405e-05, "incidence": 40.906666666666666, "pValue": 0.529918664264559, "interpretation": "not statistically significant (p = 0.530), small effect size (d=-0.31)"}, {"cityName": "Hamm", "timestamp": "2021-06", "value": 4.860013723373413e-05, "incidence": 18.250000000000004, "pValue": 0.4955637016780856, "interpretation": "not statistically significant (p = 0.496), small effect size (d=-0.25)"}, {"cityName": "Herne", "timestamp": "2021-06", "value": 8.478340459987521e-05, "incidence": 16.116666666666664, "pValue": 0.8886245965936567, "interpretation": "not statistically significant (p = 0.889), negligible effect size (d=0.06)"}, {"cityName": "Siegen", "timestamp": "2021-06", "value": 3.997224266640842e-05, "incidence": 20.566666666666663, "pValue": 0.3054630827493479, "interpretation": "not statistically significant (p = 0.305), small effect size (d=-0.47)"}, {"cityName": "Darmstadt", "timestamp": "2021-06", "value": 4.424441563473506e-05, "incidence": 14.923333333333328, "pValue": 0.3826055926057501, "interpretation": "not statistically significant (p = 0.383), small effect size (d=-0.35)"}, {"cityName": "Frankfurt am Main", "timestamp": "2021-06", "value": 6.214554675600745e-05, "incidence": 25.646666666666665, "pValue": 0.267737355876636, "interpretation": "not statistically significant (p = 0.268), small effect size (d=-0.43)"}, {"cityName": "Offenbach am Main", "timestamp": "2021-06", "value": 5.3573008203371003e-05, "incidence": 19.58333333333334, "pValue": 0.1612311797215649, "interpretation": "not statistically significant (p = 0.161), medium effect size (d=-0.61)"}, {"cityName": "Wiesbaden", "timestamp": "2021-06", "value": 4.871820177262028e-05, "incidence": 27.936666666666664, "pValue": 0.2517401483957236, "interpretation": "not statistically significant (p = 0.252), small effect size (d=-0.44)"}, {"cityName": "Hanau", "timestamp": "2021-06", "value": 4.645239096134901e-05, "incidence": 19.533333333333328, "pValue": 0.019535758723032384, "interpretation": "significant (p = 0.020), large effect size (d=-1.01)"}, {"cityName": "Kassel", "timestamp": "2021-06", "value": 2.6656398808376656e-05, "incidence": 20.899999999999995, "pValue": 0.0035711232231731447, "interpretation": "very significant (p < 0.01), large effect size (d=-1.54)"}, {"cityName": "Koblenz", "timestamp": "2021-06", "value": 4.604725270635552e-05, "incidence": 10.846666666666668, "pValue": 0.7260416323584022, "interpretation": "not statistically significant (p = 0.726), negligible effect size (d=-0.15)"}, {"cityName": "Trier", "timestamp": "2021-06", "value": 3.309616004116833e-05, "incidence": 13.37666666666667, "pValue": 0.39115385684810944, "interpretation": "not statistically significant (p = 0.391), small effect size (d=-0.35)"}, {"cityName": "Kaiserslautern", "timestamp": "2021-06", "value": 3.243672500292842e-05, "incidence": 21.80333333333333, "pValue": 0.44475256190111145, "interpretation": "not statistically significant (p = 0.445), small effect size (d=-0.30)"}, {"cityName": "Ludwigshafen am Rhein", "timestamp": "2021-06", "value": 6.665576559801896e-05, "incidence": 38.02666666666668, "pValue": 0.881644586441816, "interpretation": "not statistically significant (p = 0.882), negligible effect size (d=-0.06)"}, {"cityName": "Mainz", "timestamp": "2021-06", "value": 4.392363189253956e-05, "incidence": 30.35, "pValue": 0.09540763016308362, "interpretation": "not statistically significant (p = 0.095), medium effect size (d=-0.66)"}, {"cityName": "Stuttgart", "timestamp": "2021-06", "value": 4.198641787904004e-05, "incidence": 25.98, "pValue": 0.4108649006736983, "interpretation": "not statistically significant (p = 0.411), small effect size (d=-0.33)"}, {"cityName": "Heilbronn", "timestamp": "2021-06", "value": 4.512850945401523e-05, "incidence": 46.103333333333346, "pValue": 0.10397369652514389, "interpretation": "not statistically significant (p = 0.104), medium effect size (d=0.73)"}, {"cityName": "Karlsruhe", "timestamp": "2021-06", "value": 4.6659734410544235e-05, "incidence": 9.72, "pValue": 0.6453284526874916, "interpretation": "not statistically significant (p = 0.645), negligible effect size (d=-0.18)"}, {"cityName": "Heidelberg", "timestamp": "2021-06", "value": 4.191957352879016e-05, "incidence": 9.799999999999999, "pValue": 0.7482768480021701, "interpretation": "not statistically significant (p = 0.748), negligible effect size (d=-0.13)"}, {"cityName": "Mannheim", "timestamp": "2021-06", "value": 6.189974956214428e-05, "incidence": 18.5, "pValue": 0.7435303303857527, "interpretation": "not statistically significant (p = 0.744), negligible effect size (d=-0.12)"}, {"cityName": "Pforzheim", "timestamp": "2021-06", "value": 3.479248779411945e-05, "incidence": 39.50333333333334, "pValue": 0.5190704076693431, "interpretation": "not statistically significant (p = 0.519), small effect size (d=-0.24)"}, {"cityName": "Freiburg im Breisgau", "timestamp": "2021-06", "value": 3.395527946176352e-05, "incidence": 11.74, "pValue": 0.8599137841853255, "interpretation": "not statistically significant (p = 0.860), negligible effect size (d=-0.07)"}, {"cityName": "Reutlingen", "timestamp": "2021-06", "value": 2.796415355987847e-05, "incidence": 20.823333333333334, "pValue": 0.06897256465660957, "interpretation": "not statistically significant (p = 0.069), medium effect size (d=-0.78)"}, {"cityName": "Ulm", "timestamp": "2021-06", "value": 3.080837440824038e-05, "incidence": 28.643333333333324, "pValue": 0.07862916948934058, "interpretation": "not statistically significant (p = 0.079), medium effect size (d=-0.79)"}, {"cityName": "Ingolstadt", "timestamp": "2021-06", "value": 3.194632396722833e-05, "incidence": 26.99, "pValue": 0.02353699837589153, "interpretation": "significant (p = 0.024), large effect size (d=-0.98)"}, {"cityName": "M\u00fcnchen", "timestamp": "2021-06", "value": 3.928814728099566e-05, "incidence": 17.656666666666663, "pValue": 0.08772066220789501, "interpretation": "not statistically significant (p = 0.088), medium effect size (d=-0.71)"}, {"cityName": "Regensburg", "timestamp": "2021-06", "value": 3.2616732642054555e-05, "incidence": 17.61, "pValue": 0.649362712846371, "interpretation": "not statistically significant (p = 0.649), negligible effect size (d=-0.19)"}, {"cityName": "Erlangen", "timestamp": "2021-06", "value": 3.127701555578304e-05, "incidence": 16.1, "pValue": 0.020226356289255096, "interpretation": "significant (p = 0.020), large effect size (d=-1.08)"}, {"cityName": "F\u00fcrth", "timestamp": "2021-06", "value": 3.537958255037665e-05, "incidence": 22.703333333333333, "pValue": 0.08202655708862625, "interpretation": "not statistically significant (p = 0.082), large effect size (d=-0.80)"}, {"cityName": "N\u00fcrnberg", "timestamp": "2021-06", "value": 3.641823334901622e-05, "incidence": 32.03333333333333, "pValue": 0.016156348515118546, "interpretation": "significant (p = 0.016), large effect size (d=-1.06)"}, {"cityName": "W\u00fcrzburg", "timestamp": "2021-06", "value": 3.3017546229530126e-05, "incidence": 20.97000000000001, "pValue": 0.09978827717366491, "interpretation": "not statistically significant (p = 0.100), medium effect size (d=-0.69)"}, {"cityName": "Augsburg", "timestamp": "2021-06", "value": 3.568601543800189e-05, "incidence": 24.90333333333333, "pValue": 0.3164334743511137, "interpretation": "not statistically significant (p = 0.316), small effect size (d=-0.42)"}, {"cityName": "Saarbr\u00fccken", "timestamp": "2021-06", "value": 3.3998885191977025e-05, "incidence": 22.286666666666665, "pValue": 0.49340740131352934, "interpretation": "not statistically significant (p = 0.493), small effect size (d=-0.28)"}, {"cityName": "Berlin", "timestamp": "2021-06", "value": 3.773904201097605e-05, "incidence": 0.0, "pValue": 0.04082070178532786, "interpretation": "significant (p = 0.041), medium effect size (d=-0.76)"}, {"cityName": "Cottbus", "timestamp": "2021-06", "value": 4.045140499678942e-05, "incidence": 9.583333333333334, "pValue": 0.4248543646109566, "interpretation": "not statistically significant (p = 0.425), small effect size (d=-0.36)"}, {"cityName": "Potsdam", "timestamp": "2021-06", "value": 3.4759499077849526e-05, "incidence": 7.073333333333333, "pValue": 0.5383382681282501, "interpretation": "not statistically significant (p = 0.538), small effect size (d=-0.25)"}, {"cityName": "Rostock", "timestamp": "2021-06", "value": 2.9188344452643033e-05, "incidence": 4.3100000000000005, "pValue": 0.5303214805203864, "interpretation": "not statistically significant (p = 0.530), small effect size (d=-0.23)"}, {"cityName": "Chemnitz", "timestamp": "2021-06", "value": 3.4138835716720033e-05, "incidence": 11.873333333333335, "pValue": 0.35155447563276454, "interpretation": "not statistically significant (p = 0.352), small effect size (d=-0.43)"}, {"cityName": "Dresden", "timestamp": "2021-06", "value": 3.888600675219839e-05, "incidence": 12.326666666666664, "pValue": 0.7736962389076549, "interpretation": "not statistically significant (p = 0.774), negligible effect size (d=-0.11)"}, {"cityName": "Leipzig", "timestamp": "2021-06", "value": 3.796117380261421e-05, "incidence": 11.00333333333333, "pValue": 0.32908738635870094, "interpretation": "not statistically significant (p = 0.329), small effect size (d=-0.39)"}, {"cityName": "Halle (Saale)", "timestamp": "2021-06", "value": 3.657109239914765e-05, "incidence": 11.43, "pValue": 0.3997778359256027, "interpretation": "not statistically significant (p = 0.400), small effect size (d=-0.37)"}, {"cityName": "Magdeburg", "timestamp": "2021-06", "value": 3.4125368601005325e-05, "incidence": 7.170000000000001, "pValue": 0.29149246014047464, "interpretation": "not statistically significant (p = 0.291), small effect size (d=-0.41)"}, {"cityName": "Erfurt", "timestamp": "2021-06", "value": 2.7535879548559798e-05, "incidence": 11.696666666666665, "pValue": 0.3527198948815995, "interpretation": "not statistically significant (p = 0.353), small effect size (d=-0.43)"}, {"cityName": "Jena", "timestamp": "2021-06", "value": 3.0513778458245928e-05, "incidence": 9.059999999999997, "pValue": 0.14434622215482323, "interpretation": "not statistically significant (p = 0.144), medium effect size (d=-0.73)"}]