[{"cityName": "Kiel", "timestamp": "2025-06", "value": 2.299315279482731e-05, "incidence": 0.7066666666666664, "pValue": 0.0001940574083908469, "interpretation": "highly significant (p < 0.001), large effect size (d=-1.94)"}, {"cityName": "L\u00fcbeck", "timestamp": "2025-06", "value": 2.477494126651436e-05, "incidence": 0.7799999999999997, "pValue": 0.0007592161031500527, "interpretation": "highly significant (p < 0.001), large effect size (d=-1.48)"}, {"cityName": "Hamburg", "timestamp": "2025-06", "value": 3.793988790776994e-05, "incidence": 1.1933333333333331, "pValue": 0.0020660897679909457, "interpretation": "very significant (p < 0.01), large effect size (d=-1.30)"}, {"cityName": "Braunschweig", "timestamp": "2025-06", "value": 3.1996285542845726e-05, "incidence": 0.5733333333333335, "pValue": 0.2553365323044333, "interpretation": "not statistically significant (p = 0.255), small effect size (d=-0.41)"}, {"cityName": "Salzgitter", "timestamp": "2025-06", "value": 3.339233808219433e-05, "incidence": 0.7433333333333333, "pValue": 0.5279025692986663, "interpretation": "not statistically significant (p = 0.528), small effect size (d=-0.22)"}, {"cityName": "Wolfsburg", "timestamp": "2025-06", "value": 2.8471330695442464e-05, "incidence": 0.08000000000000002, "pValue": 0.03292363614484048, "interpretation": "significant (p = 0.033), large effect size (d=-0.82)"}, {"cityName": "G\u00f6ttingen", "timestamp": "2025-06", "value": 3.131782813441186e-05, "incidence": 0.9, "pValue": 0.6892485457112449, "interpretation": "not statistically significant (p = 0.689), negligible effect size (d=-0.15)"}, {"cityName": "Hannover", "timestamp": "2025-06", "value": 3.400404851785616e-05, "incidence": 0.6500000000000001, "pValue": 0.008048217532966391, "interpretation": "very significant (p < 0.01), large effect size (d=-1.08)"}, {"cityName": "Hildesheim", "timestamp": "2025-06", "value": 3.0164312406936113e-05, "incidence": 0.4866666666666667, "pValue": 0.1941654535496217, "interpretation": "not statistically significant (p = 0.194), medium effect size (d=-0.54)"}, {"cityName": "Oldenburg (Oldb)", "timestamp": "2025-06", "value": 3.2194549567066134e-05, "incidence": 1.2200000000000002, "pValue": 0.004112566140915594, "interpretation": "very significant (p < 0.01), large effect size (d=-1.48)"}, {"cityName": "Osnabr\u00fcck", "timestamp": "2025-06", "value": 3.7703070450912825e-05, "incidence": 0.5599999999999999, "pValue": 0.047025369072886375, "interpretation": "significant (p = 0.047), large effect size (d=-0.81)"}, {"cityName": "Bremen", "timestamp": "2025-06", "value": 3.886342308193934e-05, "incidence": 0.6833333333333332, "pValue": 0.004480034103911921, "interpretation": "very significant (p < 0.01), large effect size (d=-1.17)"}, {"cityName": "Bremerhaven", "timestamp": "2025-06", "value": 3.206797659264079e-05, "incidence": 0.8166666666666663, "pValue": 0.010641951573011201, "interpretation": "significant (p = 0.011), large effect size (d=-1.18)"}, {"cityName": "D\u00fcsseldorf", "timestamp": "2025-06", "value": 5.6028297943312945e-05, "incidence": 1.0666666666666669, "pValue": 0.009075486152480468, "interpretation": "very significant (p < 0.01), large effect size (d=-1.03)"}, {"cityName": "Duisburg", "timestamp": "2025-06", "value": 7.08907162054227e-05, "incidence": 0.5666666666666667, "pValue": 0.1453713592912532, "interpretation": "not statistically significant (p = 0.145), medium effect size (d=-0.54)"}, {"cityName": "Essen", "timestamp": "2025-06", "value": 6.12595572303503e-05, "incidence": 1.3433333333333337, "pValue": 0.20070176483266594, "interpretation": "not statistically significant (p = 0.201), small effect size (d=-0.49)"}, {"cityName": "Krefeld", "timestamp": "2025-06", "value": 6.566603685944126e-05, "incidence": 1.3099999999999998, "pValue": 0.3872672535815096, "interpretation": "not statistically significant (p = 0.387), small effect size (d=-0.32)"}, {"cityName": "M\u00f6nchengladbach", "timestamp": "2025-06", "value": 4.768839651911423e-05, "incidence": 0.6733333333333333, "pValue": 0.013076303917912634, "interpretation": "significant (p = 0.013), large effect size (d=-0.94)"}, {"cityName": "M\u00fclheim an der Ruhr", "timestamp": "2025-06", "value": 6.411978716237677e-05, "incidence": 0.9533333333333336, "pValue": 0.2767801960741984, "interpretation": "not statistically significant (p = 0.277), small effect size (d=-0.43)"}, {"cityName": "Oberhausen", "timestamp": "2025-06", "value": 7.80243157910613e-05, "incidence": 1.073333333333333, "pValue": 0.17391787918139706, "interpretation": "not statistically significant (p = 0.174), medium effect size (d=-0.55)"}, {"cityName": "Remscheid", "timestamp": "2025-06", "value": 4.484065187474092e-05, "incidence": 0.36000000000000004, "pValue": 0.05450844375163058, "interpretation": "not statistically significant (p = 0.055), medium effect size (d=-0.79)"}, {"cityName": "Solingen", "timestamp": "2025-06", "value": 4.761845775647089e-05, "incidence": 0.27999999999999997, "pValue": 0.03752040869929803, "interpretation": "significant (p = 0.038), large effect size (d=-0.84)"}, {"cityName": "Wuppertal", "timestamp": "2025-06", "value": 4.84526088392293e-05, "incidence": 0.46000000000000013, "pValue": 0.05039337079899918, "interpretation": "not statistically significant (p = 0.050), medium effect size (d=-0.77)"}, {"cityName": "Neuss", "timestamp": "2025-06", "value": 5.576264811679721e-05, "incidence": 1.443333333333333, "pValue": 0.014495728005657585, "interpretation": "significant (p = 0.014), large effect size (d=-0.98)"}, {"cityName": "Moers", "timestamp": "2025-06", "value": 6.796048754560096e-05, "incidence": 0.4266666666666665, "pValue": 0.539345369106939, "interpretation": "not statistically significant (p = 0.539), small effect size (d=-0.23)"}, {"cityName": "Bonn", "timestamp": "2025-06", "value": 4.371207482604818e-05, "incidence": 1.77, "pValue": 0.031882246591351825, "interpretation": "significant (p = 0.032), large effect size (d=-0.82)"}, {"cityName": "K\u00f6ln", "timestamp": "2025-06", "value": 5.6441317105458845e-05, "incidence": 0.56, "pValue": 0.00902349978944488, "interpretation": "very significant (p < 0.01), large effect size (d=-0.97)"}, {"cityName": "Leverkusen", "timestamp": "2025-06", "value": 5.9405467861021556e-05, "incidence": 0.8400000000000002, "pValue": 0.08053511968655878, "interpretation": "not statistically significant (p = 0.081), medium effect size (d=-0.72)"}, {"cityName": "Aachen", "timestamp": "2025-06", "value": 3.7548947148025036e-05, "incidence": 0.4666666666666665, "pValue": 0.08618877540294574, "interpretation": "not statistically significant (p = 0.086), medium effect size (d=-0.59)"}, {"cityName": "Bergisch Gladbach", "timestamp": "2025-06", "value": 4.834934536899839e-05, "incidence": 0.4333333333333334, "pValue": 0.12422275172622461, "interpretation": "not statistically significant (p = 0.124), medium effect size (d=-0.65)"}, {"cityName": "Bottrop", "timestamp": "2025-06", "value": 6.670726682333385e-05, "incidence": 2.213333333333333, "pValue": 0.10498236097765759, "interpretation": "not statistically significant (p = 0.105), medium effect size (d=-0.64)"}, {"cityName": "Gelsenkirchen", "timestamp": "2025-06", "value": 6.530724246712292e-05, "incidence": 1.0166666666666666, "pValue": 0.12659710037702676, "interpretation": "not statistically significant (p = 0.127), medium effect size (d=-0.59)"}, {"cityName": "M\u00fcnster", "timestamp": "2025-06", "value": 4.1496735719735165e-05, "incidence": 1.0533333333333335, "pValue": 0.08388783820742404, "interpretation": "not statistically significant (p = 0.084), medium effect size (d=-0.62)"}, {"cityName": "Recklinghausen", "timestamp": "2025-06", "value": 6.052659143908666e-05, "incidence": 0.9433333333333335, "pValue": 0.15863545021851128, "interpretation": "not statistically significant (p = 0.159), medium effect size (d=-0.57)"}, {"cityName": "Bielefeld", "timestamp": "2025-06", "value": 3.8693605650526784e-05, "incidence": 1.38, "pValue": 0.0946418031936434, "interpretation": "not statistically significant (p = 0.095), medium effect size (d=-0.65)"}, {"cityName": "G\u00fctersloh", "timestamp": "2025-06", "value": 4.089428985025734e-05, "incidence": 0.3933333333333335, "pValue": 0.10267160171687409, "interpretation": "not statistically significant (p = 0.103), medium effect size (d=-0.63)"}, {"cityName": "Paderborn", "timestamp": "2025-06", "value": 3.448643931938756e-05, "incidence": 0.07, "pValue": 0.24153125158631514, "interpretation": "not statistically significant (p = 0.242), small effect size (d=-0.45)"}, {"cityName": "Bochum", "timestamp": "2025-06", "value": 5.856271794376274e-05, "incidence": 1.1199999999999999, "pValue": 0.2370328754699862, "interpretation": "not statistically significant (p = 0.237), small effect size (d=-0.46)"}, {"cityName": "Dortmund", "timestamp": "2025-06", "value": 5.542837065078464e-05, "incidence": 0.5099999999999999, "pValue": 0.08317061018720776, "interpretation": "not statistically significant (p = 0.083), medium effect size (d=-0.65)"}, {"cityName": "Hagen", "timestamp": "2025-06", "value": 4.1650479723667274e-05, "incidence": 2.863333333333334, "pValue": 0.04948537153028774, "interpretation": "significant (p = 0.049), large effect size (d=-0.85)"}, {"cityName": "Hamm", "timestamp": "2025-06", "value": 5.083808320618811e-05, "incidence": 1.0533333333333335, "pValue": 0.7670266650892693, "interpretation": "not statistically significant (p = 0.767), negligible effect size (d=-0.11)"}, {"cityName": "Herne", "timestamp": "2025-06", "value": 6.772737251594662e-05, "incidence": 0.5833333333333335, "pValue": 0.4616455782746288, "interpretation": "not statistically significant (p = 0.462), small effect size (d=-0.29)"}, {"cityName": "Siegen", "timestamp": "2025-06", "value": 3.467237984295934e-05, "incidence": 0.2833333333333333, "pValue": 0.024653130845374148, "interpretation": "significant (p = 0.025), large effect size (d=-0.92)"}, {"cityName": "Darmstadt", "timestamp": "2025-06", "value": 4.393963503058661e-05, "incidence": 1.7200000000000002, "pValue": 0.25662658821959566, "interpretation": "not statistically significant (p = 0.257), small effect size (d=-0.44)"}, {"cityName": "Frankfurt am Main", "timestamp": "2025-06", "value": 5.90334424156357e-05, "incidence": 1.4400000000000002, "pValue": 0.1149649413353643, "interpretation": "not statistically significant (p = 0.115), medium effect size (d=-0.60)"}, {"cityName": "Offenbach am Main", "timestamp": "2025-06", "value": 5.3061712109907106e-05, "incidence": 1.3966666666666672, "pValue": 0.07084892149892685, "interpretation": "not statistically significant (p = 0.071), medium effect size (d=-0.74)"}, {"cityName": "Wiesbaden", "timestamp": "2025-06", "value": 4.995377255707151e-05, "incidence": 1.1933333333333331, "pValue": 0.5329824641046537, "interpretation": "not statistically significant (p = 0.533), small effect size (d=-0.23)"}, {"cityName": "Hanau", "timestamp": "2025-06", "value": 4.4721366765980536e-05, "incidence": 0.7033333333333334, "pValue": 0.003528457226588216, "interpretation": "very significant (p < 0.01), large effect size (d=-1.19)"}, {"cityName": "Kassel", "timestamp": "2025-06", "value": 3.162304508603281e-05, "incidence": 0.4666666666666667, "pValue": 0.10524001964143455, "interpretation": "not statistically significant (p = 0.105), medium effect size (d=-0.62)"}, {"cityName": "Koblenz", "timestamp": "2025-06", "value": 3.7724957413350545e-05, "incidence": 0.7666666666666668, "pValue": 0.06613371640452496, "interpretation": "not statistically significant (p = 0.066), medium effect size (d=-0.73)"}, {"cityName": "Trier", "timestamp": "2025-06", "value": 3.5865986137650904e-05, "incidence": 0.21000000000000002, "pValue": 0.8047126237863009, "interpretation": "not statistically significant (p = 0.805), negligible effect size (d=-0.09)"}, {"cityName": "Kaiserslautern", "timestamp": "2025-06", "value": 3.5699380812450094e-05, "incidence": 1.1533333333333333, "pValue": 0.8880323730215822, "interpretation": "not statistically significant (p = 0.888), negligible effect size (d=0.05)"}, {"cityName": "Ludwigshafen am Rhein", "timestamp": "2025-06", "value": 5.659522139467299e-05, "incidence": 0.13999999999999999, "pValue": 0.15704230747266115, "interpretation": "not statistically significant (p = 0.157), medium effect size (d=-0.51)"}, {"cityName": "Mainz", "timestamp": "2025-06", "value": 4.7790948883630335e-05, "incidence": 1.96, "pValue": 0.1529201997098345, "interpretation": "not statistically significant (p = 0.153), medium effect size (d=-0.55)"}, {"cityName": "Stuttgart", "timestamp": "2025-06", "value": 3.590985498805013e-05, "incidence": 0.5233333333333334, "pValue": 0.010234467081542716, "interpretation": "significant (p = 0.010), large effect size (d=-0.99)"}, {"cityName": "Heilbronn", "timestamp": "2025-06", "value": 3.5609619873058466e-05, "incidence": 0.26666666666666666, "pValue": 0.34934642450404607, "interpretation": "not statistically significant (p = 0.349), small effect size (d=-0.33)"}, {"cityName": "Karlsruhe", "timestamp": "2025-06", "value": 3.925071408351262e-05, "incidence": 0.5333333333333333, "pValue": 0.01266253090282116, "interpretation": "significant (p = 0.013), large effect size (d=-0.88)"}, {"cityName": "Heidelberg", "timestamp": "2025-06", "value": 3.698147147109634e-05, "incidence": 0.94, "pValue": 0.18943306299962634, "interpretation": "not statistically significant (p = 0.189), small effect size (d=-0.48)"}, {"cityName": "Mannheim", "timestamp": "2025-06", "value": 4.8579787835478784e-05, "incidence": 0.45333333333333337, "pValue": 0.05815568965805984, "interpretation": "not statistically significant (p = 0.058), medium effect size (d=-0.67)"}, {"cityName": "Pforzheim", "timestamp": "2025-06", "value": 3.062973782006237e-05, "incidence": 0.5066666666666668, "pValue": 0.009580099335612609, "interpretation": "very significant (p < 0.01), large effect size (d=-0.97)"}, {"cityName": "Freiburg im Breisgau", "timestamp": "2025-06", "value": 3.161089046409836e-05, "incidence": 0.09333333333333334, "pValue": 0.18928183196896403, "interpretation": "not statistically significant (p = 0.189), small effect size (d=-0.45)"}, {"cityName": "Reutlingen", "timestamp": "2025-06", "value": 3.214318348909728e-05, "incidence": 0.4833333333333334, "pValue": 0.4702687466924609, "interpretation": "not statistically significant (p = 0.470), small effect size (d=-0.28)"}, {"cityName": "Ulm", "timestamp": "2025-06", "value": 3.43461196232391e-05, "incidence": 1.2866666666666664, "pValue": 0.1083158724848845, "interpretation": "not statistically significant (p = 0.108), medium effect size (d=-0.64)"}, {"cityName": "Ingolstadt", "timestamp": "2025-06", "value": 3.503178353033339e-05, "incidence": 0.6299999999999998, "pValue": 0.11821700130298618, "interpretation": "not statistically significant (p = 0.118), medium effect size (d=-0.63)"}, {"cityName": "M\u00fcnchen", "timestamp": "2025-06", "value": 3.7010821800392405e-05, "incidence": 1.7866666666666668, "pValue": 0.012724493423736825, "interpretation": "significant (p = 0.013), large effect size (d=-0.92)"}, {"cityName": "Regensburg", "timestamp": "2025-06", "value": 3.2916548661887646e-05, "incidence": 0.7533333333333334, "pValue": 0.6403354189163997, "interpretation": "not statistically significant (p = 0.640), negligible effect size (d=-0.18)"}, {"cityName": "Erlangen", "timestamp": "2025-06", "value": 3.3198051304290334e-05, "incidence": 1.5633333333333335, "pValue": 0.004082371733116312, "interpretation": "very significant (p < 0.01), large effect size (d=-1.22)"}, {"cityName": "F\u00fcrth", "timestamp": "2025-06", "value": 3.705564595293254e-05, "incidence": 1.0733333333333333, "pValue": 0.01862120292255028, "interpretation": "significant (p = 0.019), large effect size (d=-0.95)"}, {"cityName": "N\u00fcrnberg", "timestamp": "2025-06", "value": 3.7018583635940694e-05, "incidence": 0.6333333333333331, "pValue": 0.015484240844197838, "interpretation": "significant (p = 0.015), large effect size (d=-0.96)"}, {"cityName": "W\u00fcrzburg", "timestamp": "2025-06", "value": 3.7391408113762736e-05, "incidence": 1.7899999999999994, "pValue": 0.7113721237735942, "interpretation": "not statistically significant (p = 0.711), negligible effect size (d=-0.15)"}, {"cityName": "Augsburg", "timestamp": "2025-06", "value": 3.398899794914402e-05, "incidence": 0.7699999999999999, "pValue": 0.03781771351426017, "interpretation": "significant (p = 0.038), medium effect size (d=-0.77)"}, {"cityName": "Saarbr\u00fccken", "timestamp": "2025-06", "value": 3.5397793787221114e-05, "incidence": 0.9100000000000003, "pValue": 0.7445686668827427, "interpretation": "not statistically significant (p = 0.745), negligible effect size (d=-0.12)"}, {"cityName": "Berlin", "timestamp": "2025-06", "value": 3.106335019011323e-05, "incidence": 0.0, "pValue": 1.9966735280936626e-05, "interpretation": "highly significant (p < 0.001), large effect size (d=-1.75)"}, {"cityName": "Cottbus", "timestamp": "2025-06", "value": 2.8866764086370284e-05, "incidence": 0.6, "pValue": 0.002479614846293949, "interpretation": "very significant (p < 0.01), large effect size (d=-1.40)"}, {"cityName": "Potsdam", "timestamp": "2025-06", "value": 2.7657900799942366e-05, "incidence": 0.9333333333333336, "pValue": 0.015935031678646135, "interpretation": "significant (p = 0.016), large effect size (d=-0.98)"}, {"cityName": "Rostock", "timestamp": "2025-06", "value": 2.1454606515665848e-05, "incidence": 1.3466666666666667, "pValue": 3.315604911318061e-05, "interpretation": "highly significant (p < 0.001), large effect size (d=-1.75)"}, {"cityName": "Chemnitz", "timestamp": "2025-06", "value": 2.7824454463836623e-05, "incidence": 1.3200000000000003, "pValue": 0.0033030212002409447, "interpretation": "very significant (p < 0.01), large effect size (d=-1.17)"}, {"cityName": "Dresden", "timestamp": "2025-06", "value": 3.212048164145513e-05, "incidence": 1.19, "pValue": 0.06280325467672505, "interpretation": "not statistically significant (p = 0.063), medium effect size (d=-0.65)"}, {"cityName": "Leipzig", "timestamp": "2025-06", "value": 2.901870802994452e-05, "incidence": 1.5433333333333334, "pValue": 1.4057732019921424e-05, "interpretation": "highly significant (p < 0.001), large effect size (d=-1.90)"}, {"cityName": "Halle (Saale)", "timestamp": "2025-06", "value": 2.835192329560717e-05, "incidence": 1.9200000000000004, "pValue": 0.00020434615216131095, "interpretation": "highly significant (p < 0.001), large effect size (d=-1.57)"}, {"cityName": "Magdeburg", "timestamp": "2025-06", "value": 2.718535497000343e-05, "incidence": 0.9999999999999999, "pValue": 0.0007305133286762629, "interpretation": "highly significant (p < 0.001), large effect size (d=-1.26)"}, {"cityName": "Erfurt", "timestamp": "2025-06", "value": 2.837087463666784e-05, "incidence": 0.4433333333333334, "pValue": 0.3786015985474669, "interpretation": "not statistically significant (p = 0.379), small effect size (d=-0.35)"}, {"cityName": "Jena", "timestamp": "2025-06", "value": 2.8091162675991654e-05, "incidence": 0.9, "pValue": 0.07137507273132462, "interpretation": "not statistically significant (p = 0.071), medium effect size (d=-0.77)"}]