[{"cityName": "Kiel", "timestamp": "2025-08", "value": 2.6464778264718397e-05, "incidence": 1.3548387096774197, "pValue": 0.004834114232836856, "interpretation": "very significant (p < 0.01), large effect size (d=-1.25)"}, {"cityName": "L\u00fcbeck", "timestamp": "2025-08", "value": 3.287561574122972e-05, "incidence": 2.17741935483871, "pValue": 0.21528596269837402, "interpretation": "not statistically significant (p = 0.215), small effect size (d=-0.47)"}, {"cityName": "Hamburg", "timestamp": "2025-08", "value": 4.147796167267693e-05, "incidence": 2.2483870967741932, "pValue": 0.0022828069130257315, "interpretation": "very significant (p < 0.01), large effect size (d=-1.09)"}, {"cityName": "Braunschweig", "timestamp": "2025-08", "value": 3.745421246789834e-05, "incidence": 1.3161290322580652, "pValue": 0.15508392683663466, "interpretation": "not statistically significant (p = 0.155), medium effect size (d=-0.57)"}, {"cityName": "Salzgitter", "timestamp": "2025-08", "value": 3.755018988158554e-05, "incidence": 1.619354838709677, "pValue": 0.4375813070144049, "interpretation": "not statistically significant (p = 0.438), small effect size (d=-0.29)"}, {"cityName": "Wolfsburg", "timestamp": "2025-08", "value": 3.230719410471226e-05, "incidence": 0.6967741935483872, "pValue": 0.00904368438253528, "interpretation": "very significant (p < 0.01), large effect size (d=-1.03)"}, {"cityName": "G\u00f6ttingen", "timestamp": "2025-08", "value": 3.126974306291058e-05, "incidence": 1.9096774193548383, "pValue": 0.8194348499704669, "interpretation": "not statistically significant (p = 0.819), negligible effect size (d=-0.09)"}, {"cityName": "Hannover", "timestamp": "2025-08", "value": 4.209158329391166e-05, "incidence": 1.3290322580645162, "pValue": 0.011340359117240243, "interpretation": "significant (p = 0.011), large effect size (d=-1.07)"}, {"cityName": "Hildesheim", "timestamp": "2025-08", "value": 3.445740131770863e-05, "incidence": 1.7000000000000004, "pValue": 0.2759204281084186, "interpretation": "not statistically significant (p = 0.276), small effect size (d=-0.44)"}, {"cityName": "Oldenburg (Oldb)", "timestamp": "2025-08", "value": 3.4177800989709796e-05, "incidence": 0.964516129032258, "pValue": 0.0027843346766102295, "interpretation": "very significant (p < 0.01), large effect size (d=-1.51)"}, {"cityName": "Osnabr\u00fcck", "timestamp": "2025-08", "value": 3.822317177599127e-05, "incidence": 1.3161290322580645, "pValue": 0.0047757352724889235, "interpretation": "very significant (p < 0.01), large effect size (d=-1.26)"}, {"cityName": "Bremen", "timestamp": "2025-08", "value": 3.766002835797482e-05, "incidence": 1.5935483870967742, "pValue": 0.004702008714048439, "interpretation": "very significant (p < 0.01), large effect size (d=-1.00)"}, {"cityName": "Bremerhaven", "timestamp": "2025-08", "value": 3.1280169163697534e-05, "incidence": 1.0516129032258066, "pValue": 0.08977850764537067, "interpretation": "not statistically significant (p = 0.090), medium effect size (d=-0.62)"}, {"cityName": "D\u00fcsseldorf", "timestamp": "2025-08", "value": 7.222542857251516e-05, "incidence": 1.7516129032258063, "pValue": 0.0021163976211660135, "interpretation": "very significant (p < 0.01), large effect size (d=-1.35)"}, {"cityName": "Duisburg", "timestamp": "2025-08", "value": 8.304347881139853e-05, "incidence": 1.3741935483870968, "pValue": 0.00871642174654074, "interpretation": "very significant (p < 0.01), large effect size (d=-1.02)"}, {"cityName": "Essen", "timestamp": "2025-08", "value": 5.5983817825714745e-05, "incidence": 1.5516129032258068, "pValue": 2.2659031798378327e-05, "interpretation": "highly significant (p < 0.001), large effect size (d=-1.85)"}, {"cityName": "Krefeld", "timestamp": "2025-08", "value": 6.850122456223919e-05, "incidence": 1.1290322580645158, "pValue": 0.012773612624896048, "interpretation": "significant (p = 0.013), large effect size (d=-1.01)"}, {"cityName": "M\u00f6nchengladbach", "timestamp": "2025-08", "value": 5.2121431759462273e-05, "incidence": 1.0064516129032257, "pValue": 0.02513653464674267, "interpretation": "significant (p = 0.025), large effect size (d=-0.90)"}, {"cityName": "M\u00fclheim an der Ruhr", "timestamp": "2025-08", "value": 6.067974673998025e-05, "incidence": 2.1225806451612903, "pValue": 0.00011962120826484454, "interpretation": "highly significant (p < 0.001), large effect size (d=-1.80)"}, {"cityName": "Oberhausen", "timestamp": "2025-08", "value": 7.058341557589862e-05, "incidence": 0.9967741935483867, "pValue": 4.4176141256685004e-05, "interpretation": "highly significant (p < 0.001), large effect size (d=-2.07)"}, {"cityName": "Remscheid", "timestamp": "2025-08", "value": 4.582298764338096e-05, "incidence": 0.46451612903225814, "pValue": 0.0017681616861100525, "interpretation": "very significant (p < 0.01), large effect size (d=-1.65)"}, {"cityName": "Solingen", "timestamp": "2025-08", "value": 5.735575541621074e-05, "incidence": 1.974193548387097, "pValue": 0.002716640529377545, "interpretation": "very significant (p < 0.01), large effect size (d=-1.29)"}, {"cityName": "Wuppertal", "timestamp": "2025-08", "value": 5.154532414895517e-05, "incidence": 1.548387096774194, "pValue": 0.0022386368934307578, "interpretation": "very significant (p < 0.01), large effect size (d=-1.39)"}, {"cityName": "Neuss", "timestamp": "2025-08", "value": 6.789002509322017e-05, "incidence": 1.4903225806451614, "pValue": 0.008264291723934636, "interpretation": "very significant (p < 0.01), large effect size (d=-1.10)"}, {"cityName": "Moers", "timestamp": "2025-08", "value": 8.151553005778364e-05, "incidence": 0.6322580645161291, "pValue": 0.05317616672144078, "interpretation": "not statistically significant (p = 0.053), medium effect size (d=-0.74)"}, {"cityName": "Bonn", "timestamp": "2025-08", "value": 5.0750005439939826e-05, "incidence": 1.8483870967741935, "pValue": 0.38580767438102304, "interpretation": "not statistically significant (p = 0.386), small effect size (d=-0.34)"}, {"cityName": "K\u00f6ln", "timestamp": "2025-08", "value": 6.797771978502472e-05, "incidence": 0.9354838709677419, "pValue": 0.04755765427680358, "interpretation": "significant (p = 0.048), medium effect size (d=-0.76)"}, {"cityName": "Leverkusen", "timestamp": "2025-08", "value": 7.024726073723286e-05, "incidence": 1.683870967741936, "pValue": 0.013876728130224274, "interpretation": "significant (p = 0.014), large effect size (d=-1.07)"}, {"cityName": "Aachen", "timestamp": "2025-08", "value": 4.494832106063078e-05, "incidence": 0.6290322580645159, "pValue": 0.30474721289636497, "interpretation": "not statistically significant (p = 0.305), small effect size (d=-0.38)"}, {"cityName": "Bergisch Gladbach", "timestamp": "2025-08", "value": 5.3458028040560226e-05, "incidence": 0.2935483870967741, "pValue": 0.04395083912557316, "interpretation": "significant (p = 0.044), large effect size (d=-0.87)"}, {"cityName": "Bottrop", "timestamp": "2025-08", "value": 6.964228882947388e-05, "incidence": 2.658064516129033, "pValue": 0.0017978710048964079, "interpretation": "very significant (p < 0.01), large effect size (d=-1.45)"}, {"cityName": "Gelsenkirchen", "timestamp": "2025-08", "value": 7.284418268896202e-05, "incidence": 1.7774193548387092, "pValue": 0.0042452996995748496, "interpretation": "very significant (p < 0.01), large effect size (d=-1.18)"}, {"cityName": "M\u00fcnster", "timestamp": "2025-08", "value": 4.615476191566702e-05, "incidence": 1.4612903225806453, "pValue": 0.02681968996932907, "interpretation": "significant (p = 0.027), medium effect size (d=-0.75)"}, {"cityName": "Recklinghausen", "timestamp": "2025-08", "value": 6.594381724985746e-05, "incidence": 1.9516129032258067, "pValue": 0.014153352705782166, "interpretation": "significant (p = 0.014), large effect size (d=-1.04)"}, {"cityName": "Bielefeld", "timestamp": "2025-08", "value": 3.8931936918136976e-05, "incidence": 0.7838709677419355, "pValue": 0.01911866851245626, "interpretation": "significant (p = 0.019), large effect size (d=-0.91)"}, {"cityName": "G\u00fctersloh", "timestamp": "2025-08", "value": 3.940268652513623e-05, "incidence": 1.248387096774194, "pValue": 0.08086962649382198, "interpretation": "not statistically significant (p = 0.081), medium effect size (d=-0.77)"}, {"cityName": "Paderborn", "timestamp": "2025-08", "value": 3.6693606225232925e-05, "incidence": 0.06774193548387096, "pValue": 0.01014815737303429, "interpretation": "significant (p = 0.010), large effect size (d=-0.99)"}, {"cityName": "Bochum", "timestamp": "2025-08", "value": 6.084588918990145e-05, "incidence": 1.3935483870967742, "pValue": 0.008145392921496599, "interpretation": "very significant (p < 0.01), large effect size (d=-1.13)"}, {"cityName": "Dortmund", "timestamp": "2025-08", "value": 6.0153134422851544e-05, "incidence": 0.9096774193548386, "pValue": 0.0057712342218443815, "interpretation": "very significant (p < 0.01), large effect size (d=-1.11)"}, {"cityName": "Hagen", "timestamp": "2025-08", "value": 4.995957916152888e-05, "incidence": 5.238709677419357, "pValue": 0.1415098317244087, "interpretation": "not statistically significant (p = 0.142), medium effect size (d=-0.68)"}, {"cityName": "Hamm", "timestamp": "2025-08", "value": 4.379963502287865e-05, "incidence": 2.193548387096774, "pValue": 0.0020200343568946674, "interpretation": "very significant (p < 0.01), large effect size (d=-1.30)"}, {"cityName": "Herne", "timestamp": "2025-08", "value": 7.25594349205494e-05, "incidence": 2.2419354838709675, "pValue": 0.013803021836654992, "interpretation": "significant (p = 0.014), large effect size (d=-1.07)"}, {"cityName": "Siegen", "timestamp": "2025-08", "value": 3.7496114964596926e-05, "incidence": 0.8645161290322579, "pValue": 0.3769222098607098, "interpretation": "not statistically significant (p = 0.377), small effect size (d=0.38)"}, {"cityName": "Darmstadt", "timestamp": "2025-08", "value": 4.9504504369741135e-05, "incidence": 1.2258064516129037, "pValue": 0.32263238833048735, "interpretation": "not statistically significant (p = 0.323), small effect size (d=-0.34)"}, {"cityName": "Frankfurt am Main", "timestamp": "2025-08", "value": 6.734455448829316e-05, "incidence": 2.083870967741935, "pValue": 0.010106996389343731, "interpretation": "significant (p = 0.010), large effect size (d=-0.91)"}, {"cityName": "Offenbach am Main", "timestamp": "2025-08", "value": 5.757749948481267e-05, "incidence": 4.048387096774194, "pValue": 0.03592123820784412, "interpretation": "significant (p = 0.036), medium effect size (d=-0.75)"}, {"cityName": "Wiesbaden", "timestamp": "2025-08", "value": 5.257257402667569e-05, "incidence": 3.296774193548387, "pValue": 0.010827787495200197, "interpretation": "significant (p = 0.011), large effect size (d=-0.94)"}, {"cityName": "Hanau", "timestamp": "2025-08", "value": 4.865979560865806e-05, "incidence": 1.445161290322581, "pValue": 0.07853155329091291, "interpretation": "not statistically significant (p = 0.079), medium effect size (d=-0.62)"}, {"cityName": "Kassel", "timestamp": "2025-08", "value": 3.6199645061666765e-05, "incidence": 1.4548387096774191, "pValue": 0.11432722968535122, "interpretation": "not statistically significant (p = 0.114), medium effect size (d=-0.63)"}, {"cityName": "Koblenz", "timestamp": "2025-08", "value": 4.501566743581659e-05, "incidence": 1.3419354838709678, "pValue": 0.8234688889710324, "interpretation": "not statistically significant (p = 0.823), negligible effect size (d=-0.08)"}, {"cityName": "Trier", "timestamp": "2025-08", "value": 3.5682611633092164e-05, "incidence": 1.829032258064516, "pValue": 0.24364427741151806, "interpretation": "not statistically significant (p = 0.244), small effect size (d=-0.40)"}, {"cityName": "Kaiserslautern", "timestamp": "2025-08", "value": 3.2385795538385326e-05, "incidence": 2.1806451612903226, "pValue": 0.040632661266935884, "interpretation": "significant (p = 0.041), large effect size (d=-0.86)"}, {"cityName": "Ludwigshafen am Rhein", "timestamp": "2025-08", "value": 6.0247102131446205e-05, "incidence": 2.819354838709678, "pValue": 0.04861855260807002, "interpretation": "significant (p = 0.049), medium effect size (d=-0.76)"}, {"cityName": "Mainz", "timestamp": "2025-08", "value": 5.655358836520463e-05, "incidence": 2.1451612903225805, "pValue": 0.4938017129692702, "interpretation": "not statistically significant (p = 0.494), small effect size (d=-0.24)"}, {"cityName": "Stuttgart", "timestamp": "2025-08", "value": 3.957671449623174e-05, "incidence": 1.1483870967741934, "pValue": 0.4204748954493648, "interpretation": "not statistically significant (p = 0.420), small effect size (d=-0.28)"}, {"cityName": "Heilbronn", "timestamp": "2025-08", "value": 3.6648810944623416e-05, "incidence": 1.738709677419355, "pValue": 0.5290835445788529, "interpretation": "not statistically significant (p = 0.529), small effect size (d=-0.21)"}, {"cityName": "Karlsruhe", "timestamp": "2025-08", "value": 3.9833625002453725e-05, "incidence": 0.7516129032258064, "pValue": 0.45210811617131497, "interpretation": "not statistically significant (p = 0.452), small effect size (d=-0.24)"}, {"cityName": "Heidelberg", "timestamp": "2025-08", "value": 3.950485628784487e-05, "incidence": 0.9161290322580645, "pValue": 0.3428507399785865, "interpretation": "not statistically significant (p = 0.343), small effect size (d=-0.33)"}, {"cityName": "Mannheim", "timestamp": "2025-08", "value": 5.4793311282992365e-05, "incidence": 0.46129032258064523, "pValue": 0.0072907159945581924, "interpretation": "very significant (p < 0.01), large effect size (d=-1.01)"}, {"cityName": "Pforzheim", "timestamp": "2025-08", "value": 3.2674838116185536e-05, "incidence": 1.1193548387096772, "pValue": 0.6952494600611017, "interpretation": "not statistically significant (p = 0.695), negligible effect size (d=-0.13)"}, {"cityName": "Freiburg im Breisgau", "timestamp": "2025-08", "value": 2.8739239227164676e-05, "incidence": 1.0774193548387097, "pValue": 0.6614853407809065, "interpretation": "not statistically significant (p = 0.661), negligible effect size (d=-0.14)"}, {"cityName": "Reutlingen", "timestamp": "2025-08", "value": 3.3881893614307046e-05, "incidence": 1.0193548387096774, "pValue": 0.567234172968246, "interpretation": "not statistically significant (p = 0.567), small effect size (d=0.22)"}, {"cityName": "Ulm", "timestamp": "2025-08", "value": 3.502560828469301e-05, "incidence": 3.519354838709676, "pValue": 0.8494467275026943, "interpretation": "not statistically significant (p = 0.849), negligible effect size (d=-0.07)"}, {"cityName": "Ingolstadt", "timestamp": "2025-08", "value": 3.871596224295596e-05, "incidence": 0.790322580645161, "pValue": 0.3758815652765467, "interpretation": "not statistically significant (p = 0.376), small effect size (d=0.34)"}, {"cityName": "M\u00fcnchen", "timestamp": "2025-08", "value": 3.753735039096612e-05, "incidence": 2.2838709677419353, "pValue": 0.046833490338094225, "interpretation": "significant (p = 0.047), medium effect size (d=-0.79)"}, {"cityName": "Regensburg", "timestamp": "2025-08", "value": 3.862435696646571e-05, "incidence": 0.906451612903226, "pValue": 0.40313315638058267, "interpretation": "not statistically significant (p = 0.403), small effect size (d=0.34)"}, {"cityName": "Erlangen", "timestamp": "2025-08", "value": 3.7719948782718605e-05, "incidence": 0.9774193548387095, "pValue": 0.3252998633479157, "interpretation": "not statistically significant (p = 0.325), small effect size (d=0.39)"}, {"cityName": "F\u00fcrth", "timestamp": "2025-08", "value": 3.5709835356101396e-05, "incidence": 2.7225806451612895, "pValue": 0.725673054113821, "interpretation": "not statistically significant (p = 0.726), negligible effect size (d=-0.14)"}, {"cityName": "N\u00fcrnberg", "timestamp": "2025-08", "value": 3.722015500181552e-05, "incidence": 1.0612903225806454, "pValue": 0.455383511057063, "interpretation": "not statistically significant (p = 0.455), small effect size (d=-0.28)"}, {"cityName": "W\u00fcrzburg", "timestamp": "2025-08", "value": 3.7998761399649084e-05, "incidence": 0.3096774193548387, "pValue": 0.6291167002554295, "interpretation": "not statistically significant (p = 0.629), negligible effect size (d=-0.19)"}, {"cityName": "Augsburg", "timestamp": "2025-08", "value": 3.606815097065499e-05, "incidence": 2.3838709677419354, "pValue": 0.7751313761477506, "interpretation": "not statistically significant (p = 0.775), negligible effect size (d=-0.12)"}, {"cityName": "Saarbr\u00fccken", "timestamp": "2025-08", "value": 3.542095655575395e-05, "incidence": 2.2451612903225806, "pValue": 0.5672030258135337, "interpretation": "not statistically significant (p = 0.567), negligible effect size (d=0.19)"}, {"cityName": "Berlin", "timestamp": "2025-08", "value": 3.685769284280335e-05, "incidence": 0.0, "pValue": 0.007053406944946061, "interpretation": "very significant (p < 0.01), large effect size (d=-0.96)"}, {"cityName": "Cottbus", "timestamp": "2025-08", "value": 3.3887076334884536e-05, "incidence": 1.0, "pValue": 0.09030166968127896, "interpretation": "not statistically significant (p = 0.090), medium effect size (d=-0.72)"}, {"cityName": "Potsdam", "timestamp": "2025-08", "value": 3.099296351566034e-05, "incidence": 1.4580645161290324, "pValue": 0.1670510860791703, "interpretation": "not statistically significant (p = 0.167), medium effect size (d=-0.50)"}, {"cityName": "Rostock", "timestamp": "2025-08", "value": 2.8396147006953303e-05, "incidence": 1.5161290322580643, "pValue": 0.010434184547328557, "interpretation": "significant (p = 0.010), large effect size (d=-0.93)"}, {"cityName": "Chemnitz", "timestamp": "2025-08", "value": 3.195346741959816e-05, "incidence": 2.8000000000000003, "pValue": 0.20136631614129788, "interpretation": "not statistically significant (p = 0.201), medium effect size (d=-0.51)"}, {"cityName": "Dresden", "timestamp": "2025-08", "value": 3.7729647010564805e-05, "incidence": 2.0387096774193547, "pValue": 0.8088505671970256, "interpretation": "not statistically significant (p = 0.809), negligible effect size (d=-0.09)"}, {"cityName": "Leipzig", "timestamp": "2025-08", "value": 3.6844234986632476e-05, "incidence": 3.8774193548387097, "pValue": 0.3702204897558107, "interpretation": "not statistically significant (p = 0.370), small effect size (d=-0.31)"}, {"cityName": "Halle (Saale)", "timestamp": "2025-08", "value": 3.549194661900401e-05, "incidence": 2.790322580645161, "pValue": 0.8072072156936683, "interpretation": "not statistically significant (p = 0.807), negligible effect size (d=0.09)"}, {"cityName": "Magdeburg", "timestamp": "2025-08", "value": 3.374892434007243e-05, "incidence": 2.5774193548387094, "pValue": 0.18044235816694096, "interpretation": "not statistically significant (p = 0.180), small effect size (d=-0.49)"}, {"cityName": "Erfurt", "timestamp": "2025-08", "value": 3.293021383913273e-05, "incidence": 1.9290322580645154, "pValue": 0.4811047048645053, "interpretation": "not statistically significant (p = 0.481), small effect size (d=-0.27)"}, {"cityName": "Jena", "timestamp": "2025-08", "value": 2.9879007747189866e-05, "incidence": 1.6548387096774195, "pValue": 0.30082819480931683, "interpretation": "not statistically significant (p = 0.301), small effect size (d=-0.38)"}]