[{"cityName": "Kiel", "timestamp": "2022-08", "value": 3.430142533034086e-05, "incidence": 278.1129032258064, "pValue": 0.3685526039891248, "interpretation": "not statistically significant (p = 0.369), small effect size (d=-0.34)"}, {"cityName": "L\u00fcbeck", "timestamp": "2022-08", "value": 3.038579274693297e-05, "incidence": 474.47096774193557, "pValue": 0.0022989437409590705, "interpretation": "very significant (p < 0.01), large effect size (d=-1.17)"}, {"cityName": "Hamburg", "timestamp": "2022-08", "value": 4.316177564086737e-05, "incidence": 290.9483870967741, "pValue": 0.02045006910933573, "interpretation": "significant (p = 0.020), medium effect size (d=-0.79)"}, {"cityName": "Braunschweig", "timestamp": "2022-08", "value": 3.820726209703614e-05, "incidence": 411.1161290322581, "pValue": 0.7149143463733447, "interpretation": "not statistically significant (p = 0.715), negligible effect size (d=-0.14)"}, {"cityName": "Salzgitter", "timestamp": "2022-08", "value": 4.387749067973346e-05, "incidence": 371.6806451612903, "pValue": 0.4528926821531404, "interpretation": "not statistically significant (p = 0.453), small effect size (d=0.28)"}, {"cityName": "Wolfsburg", "timestamp": "2022-08", "value": 3.588809264137557e-05, "incidence": 420.94193548387113, "pValue": 0.07146761155962374, "interpretation": "not statistically significant (p = 0.071), medium effect size (d=-0.69)"}, {"cityName": "G\u00f6ttingen", "timestamp": "2022-08", "value": 3.271350925344796e-05, "incidence": 443.1677419354839, "pValue": 0.8655443591485359, "interpretation": "not statistically significant (p = 0.866), negligible effect size (d=0.06)"}, {"cityName": "Hannover", "timestamp": "2022-08", "value": 4.470023314321512e-05, "incidence": 392.99677419354833, "pValue": 0.10448083468266861, "interpretation": "not statistically significant (p = 0.104), medium effect size (d=-0.65)"}, {"cityName": "Hildesheim", "timestamp": "2022-08", "value": 3.9774585542652534e-05, "incidence": 428.25161290322586, "pValue": 0.5778378949942646, "interpretation": "not statistically significant (p = 0.578), small effect size (d=0.20)"}, {"cityName": "Oldenburg (Oldb)", "timestamp": "2022-08", "value": 4.021603381261229e-05, "incidence": 407.7870967741935, "pValue": 0.03144162925934449, "interpretation": "significant (p = 0.031), large effect size (d=-0.97)"}, {"cityName": "Osnabr\u00fcck", "timestamp": "2022-08", "value": 4.192697551016781e-05, "incidence": 312.5290322580645, "pValue": 0.0085304179185972, "interpretation": "very significant (p < 0.01), large effect size (d=-0.99)"}, {"cityName": "Bremen", "timestamp": "2022-08", "value": 4.3078279886089385e-05, "incidence": 374.86129032258066, "pValue": 0.009270755507419208, "interpretation": "very significant (p < 0.01), large effect size (d=-0.90)"}, {"cityName": "Bremerhaven", "timestamp": "2022-08", "value": 3.523799490981868e-05, "incidence": 366.04838709677426, "pValue": 0.08810300878236009, "interpretation": "not statistically significant (p = 0.088), medium effect size (d=-0.61)"}, {"cityName": "D\u00fcsseldorf", "timestamp": "2022-08", "value": 8.15475416347021e-05, "incidence": 377.5483870967742, "pValue": 0.01317174791068071, "interpretation": "significant (p = 0.013), large effect size (d=-0.95)"}, {"cityName": "Duisburg", "timestamp": "2022-08", "value": 0.00010787576245955932, "incidence": 285.03225806451616, "pValue": 0.071740605547566, "interpretation": "not statistically significant (p = 0.072), medium effect size (d=-0.67)"}, {"cityName": "Essen", "timestamp": "2022-08", "value": 7.532165648463445e-05, "incidence": 403.9451612903226, "pValue": 0.004960956445334089, "interpretation": "very significant (p < 0.01), large effect size (d=-1.04)"}, {"cityName": "Krefeld", "timestamp": "2022-08", "value": 9.029244001095112e-05, "incidence": 314.46451612903223, "pValue": 0.07385575425354939, "interpretation": "not statistically significant (p = 0.074), medium effect size (d=-0.65)"}, {"cityName": "M\u00f6nchengladbach", "timestamp": "2022-08", "value": 7.485818310544409e-05, "incidence": 417.52580645161294, "pValue": 0.13602356845208555, "interpretation": "not statistically significant (p = 0.136), medium effect size (d=-0.52)"}, {"cityName": "M\u00fclheim an der Ruhr", "timestamp": "2022-08", "value": 8.057401929464605e-05, "incidence": 417.7741935483871, "pValue": 0.01178520768216563, "interpretation": "significant (p = 0.012), large effect size (d=-0.99)"}, {"cityName": "Oberhausen", "timestamp": "2022-08", "value": 9.843073068903043e-05, "incidence": 325.6354838709678, "pValue": 0.004561757109501193, "interpretation": "very significant (p < 0.01), large effect size (d=-1.17)"}, {"cityName": "Remscheid", "timestamp": "2022-08", "value": 5.6144110082338254e-05, "incidence": 491.54838709677415, "pValue": 0.020703596021364765, "interpretation": "significant (p = 0.021), large effect size (d=-1.12)"}, {"cityName": "Solingen", "timestamp": "2022-08", "value": 6.400195707101375e-05, "incidence": 483.9258064516129, "pValue": 0.008742849870679744, "interpretation": "very significant (p < 0.01), large effect size (d=-1.04)"}, {"cityName": "Wuppertal", "timestamp": "2022-08", "value": 6.0367691158144565e-05, "incidence": 421.92903225806447, "pValue": 0.005956631896289507, "interpretation": "very significant (p < 0.01), large effect size (d=-1.14)"}, {"cityName": "Neuss", "timestamp": "2022-08", "value": 8.564018935430795e-05, "incidence": 349.93548387096774, "pValue": 0.06240201411914262, "interpretation": "not statistically significant (p = 0.062), medium effect size (d=-0.69)"}, {"cityName": "Moers", "timestamp": "2022-08", "value": 9.942243507664119e-05, "incidence": 403.04516129032265, "pValue": 0.13174341327063196, "interpretation": "not statistically significant (p = 0.132), medium effect size (d=-0.55)"}, {"cityName": "Bonn", "timestamp": "2022-08", "value": 5.5332689292051576e-05, "incidence": 357.4774193548387, "pValue": 0.7996857552389701, "interpretation": "not statistically significant (p = 0.800), negligible effect size (d=-0.09)"}, {"cityName": "K\u00f6ln", "timestamp": "2022-08", "value": 7.716332200086779e-05, "incidence": 392.5548387096774, "pValue": 0.102289344761492, "interpretation": "not statistically significant (p = 0.102), medium effect size (d=-0.56)"}, {"cityName": "Leverkusen", "timestamp": "2022-08", "value": 7.380823565957446e-05, "incidence": 462.6225806451613, "pValue": 0.015028533782560867, "interpretation": "significant (p = 0.015), large effect size (d=-0.97)"}, {"cityName": "Aachen", "timestamp": "2022-08", "value": 7.082351708206637e-05, "incidence": 401.10967741935485, "pValue": 0.1807480590597323, "interpretation": "not statistically significant (p = 0.181), small effect size (d=0.47)"}, {"cityName": "Bergisch Gladbach", "timestamp": "2022-08", "value": 5.9453246649354696e-05, "incidence": 386.99032258064506, "pValue": 0.087950828864806, "interpretation": "not statistically significant (p = 0.088), medium effect size (d=-0.67)"}, {"cityName": "Bottrop", "timestamp": "2022-08", "value": 8.756345521439525e-05, "incidence": 397.0225806451614, "pValue": 0.0010533495581659762, "interpretation": "very significant (p < 0.01), large effect size (d=-1.31)"}, {"cityName": "Gelsenkirchen", "timestamp": "2022-08", "value": 8.051232982646016e-05, "incidence": 397.70645161290327, "pValue": 0.0036523926753359594, "interpretation": "very significant (p < 0.01), large effect size (d=-1.12)"}, {"cityName": "M\u00fcnster", "timestamp": "2022-08", "value": 4.454508521839192e-05, "incidence": 422.016129032258, "pValue": 0.01471651405056932, "interpretation": "significant (p = 0.015), medium effect size (d=-0.80)"}, {"cityName": "Recklinghausen", "timestamp": "2022-08", "value": 6.902862179021422e-05, "incidence": 392.80645161290334, "pValue": 0.008681211157604878, "interpretation": "very significant (p < 0.01), large effect size (d=-1.04)"}, {"cityName": "Bielefeld", "timestamp": "2022-08", "value": 4.0898817436148725e-05, "incidence": 489.03548387096777, "pValue": 0.010612449849074494, "interpretation": "significant (p = 0.011), large effect size (d=-0.89)"}, {"cityName": "G\u00fctersloh", "timestamp": "2022-08", "value": 4.0627125417813656e-05, "incidence": 435.79032258064524, "pValue": 0.045611304466503674, "interpretation": "significant (p = 0.046), medium effect size (d=-0.76)"}, {"cityName": "Paderborn", "timestamp": "2022-08", "value": 3.522756930080152e-05, "incidence": 463.0903225806453, "pValue": 0.002957432012987556, "interpretation": "very significant (p < 0.01), large effect size (d=-1.05)"}, {"cityName": "Bochum", "timestamp": "2022-08", "value": 6.444644047102581e-05, "incidence": 433.5096774193549, "pValue": 0.005065593610751998, "interpretation": "very significant (p < 0.01), large effect size (d=-1.06)"}, {"cityName": "Dortmund", "timestamp": "2022-08", "value": 5.922591605899381e-05, "incidence": 455.6193548387097, "pValue": 0.0024866883106962885, "interpretation": "very significant (p < 0.01), large effect size (d=-1.14)"}, {"cityName": "Hagen", "timestamp": "2022-08", "value": 4.62198694204462e-05, "incidence": 394.6064516129032, "pValue": 0.03736857772510168, "interpretation": "significant (p = 0.037), large effect size (d=-0.88)"}, {"cityName": "Hamm", "timestamp": "2022-08", "value": 4.270367900885287e-05, "incidence": 457.02903225806455, "pValue": 0.0001731115712298799, "interpretation": "highly significant (p < 0.001), large effect size (d=-1.46)"}, {"cityName": "Herne", "timestamp": "2022-08", "value": 7.024032529443503e-05, "incidence": 576.0032258064517, "pValue": 0.003947836098669207, "interpretation": "very significant (p < 0.01), large effect size (d=-1.16)"}, {"cityName": "Siegen", "timestamp": "2022-08", "value": 3.784908330999315e-05, "incidence": 476.84838709677405, "pValue": 0.5469676859546935, "interpretation": "not statistically significant (p = 0.547), small effect size (d=0.23)"}, {"cityName": "Darmstadt", "timestamp": "2022-08", "value": 4.665446679361842e-05, "incidence": 384.2999999999999, "pValue": 0.023212962331886366, "interpretation": "significant (p = 0.023), medium effect size (d=-0.78)"}, {"cityName": "Frankfurt am Main", "timestamp": "2022-08", "value": 6.758030080659823e-05, "incidence": 333.3709677419355, "pValue": 0.00610047085147036, "interpretation": "very significant (p < 0.01), large effect size (d=-0.99)"}, {"cityName": "Offenbach am Main", "timestamp": "2022-08", "value": 5.753671178932894e-05, "incidence": 377.49677419354845, "pValue": 0.0517698359985292, "interpretation": "not statistically significant (p = 0.052), medium effect size (d=-0.71)"}, {"cityName": "Wiesbaden", "timestamp": "2022-08", "value": 5.490014639993509e-05, "incidence": 417.8774193548387, "pValue": 0.019218585417005, "interpretation": "significant (p = 0.019), large effect size (d=-0.85)"}, {"cityName": "Hanau", "timestamp": "2022-08", "value": 4.855029356594269e-05, "incidence": 443.68387096774194, "pValue": 0.17324801463500475, "interpretation": "not statistically significant (p = 0.173), small effect size (d=-0.46)"}, {"cityName": "Kassel", "timestamp": "2022-08", "value": 3.676706304152807e-05, "incidence": 491.5258064516128, "pValue": 0.34729087569073025, "interpretation": "not statistically significant (p = 0.347), small effect size (d=-0.37)"}, {"cityName": "Koblenz", "timestamp": "2022-08", "value": 4.304069766981734e-05, "incidence": 339.70322580645166, "pValue": 0.8718973346268529, "interpretation": "not statistically significant (p = 0.872), negligible effect size (d=-0.06)"}, {"cityName": "Trier", "timestamp": "2022-08", "value": 3.568746033124626e-05, "incidence": 332.68064516129033, "pValue": 0.4009093956795413, "interpretation": "not statistically significant (p = 0.401), small effect size (d=-0.29)"}, {"cityName": "Kaiserslautern", "timestamp": "2022-08", "value": 3.591969680900757e-05, "incidence": 440.6903225806452, "pValue": 0.21462609690511722, "interpretation": "not statistically significant (p = 0.215), medium effect size (d=-0.51)"}, {"cityName": "Ludwigshafen am Rhein", "timestamp": "2022-08", "value": 6.654582587846865e-05, "incidence": 251.13870967741934, "pValue": 0.1195081148120659, "interpretation": "not statistically significant (p = 0.120), medium effect size (d=-0.58)"}, {"cityName": "Mainz", "timestamp": "2022-08", "value": 5.9050631534773856e-05, "incidence": 367.3741935483872, "pValue": 0.7511143937403499, "interpretation": "not statistically significant (p = 0.751), negligible effect size (d=-0.11)"}, {"cityName": "Stuttgart", "timestamp": "2022-08", "value": 3.850937355309725e-05, "incidence": 237.70967741935488, "pValue": 0.342089312618854, "interpretation": "not statistically significant (p = 0.342), small effect size (d=-0.32)"}, {"cityName": "Heilbronn", "timestamp": "2022-08", "value": 3.826440661214292e-05, "incidence": 279.7935483870968, "pValue": 0.9777801698008057, "interpretation": "not statistically significant (p = 0.978), negligible effect size (d=-0.01)"}, {"cityName": "Karlsruhe", "timestamp": "2022-08", "value": 4.2326236143708226e-05, "incidence": 318.56451612903237, "pValue": 0.9218328489732701, "interpretation": "not statistically significant (p = 0.922), negligible effect size (d=-0.03)"}, {"cityName": "Heidelberg", "timestamp": "2022-08", "value": 3.963579595285026e-05, "incidence": 284.4903225806451, "pValue": 0.5768300097869603, "interpretation": "not statistically significant (p = 0.577), small effect size (d=-0.21)"}, {"cityName": "Mannheim", "timestamp": "2022-08", "value": 6.059286184608936e-05, "incidence": 395.2354838709677, "pValue": 0.027218626818668355, "interpretation": "significant (p = 0.027), large effect size (d=-0.83)"}, {"cityName": "Pforzheim", "timestamp": "2022-08", "value": 3.527322163184484e-05, "incidence": 432.8645161290322, "pValue": 0.626116919865204, "interpretation": "not statistically significant (p = 0.626), negligible effect size (d=0.16)"}, {"cityName": "Freiburg im Breisgau", "timestamp": "2022-08", "value": 3.0337220609739973e-05, "incidence": 306.32580645161283, "pValue": 0.6166634135697138, "interpretation": "not statistically significant (p = 0.617), negligible effect size (d=0.15)"}, {"cityName": "Reutlingen", "timestamp": "2022-08", "value": 2.873841549444478e-05, "incidence": 264.80967741935484, "pValue": 0.2388063418110303, "interpretation": "not statistically significant (p = 0.239), small effect size (d=-0.44)"}, {"cityName": "Ulm", "timestamp": "2022-08", "value": 3.3301120550420725e-05, "incidence": 320.7806451612903, "pValue": 0.28753408578310896, "interpretation": "not statistically significant (p = 0.288), small effect size (d=-0.38)"}, {"cityName": "Ingolstadt", "timestamp": "2022-08", "value": 3.711138560902327e-05, "incidence": 363.64193548387095, "pValue": 0.6139960103814341, "interpretation": "not statistically significant (p = 0.614), negligible effect size (d=0.18)"}, {"cityName": "M\u00fcnchen", "timestamp": "2022-08", "value": 3.850257221179513e-05, "incidence": 291.85806451612905, "pValue": 0.1319580608865701, "interpretation": "not statistically significant (p = 0.132), medium effect size (d=-0.56)"}, {"cityName": "Regensburg", "timestamp": "2022-08", "value": 3.6464317236095664e-05, "incidence": 326.86774193548393, "pValue": 0.7319852995247669, "interpretation": "not statistically significant (p = 0.732), negligible effect size (d=0.14)"}, {"cityName": "Erlangen", "timestamp": "2022-08", "value": 3.257108619436622e-05, "incidence": 282.69999999999993, "pValue": 0.7992191482945128, "interpretation": "not statistically significant (p = 0.799), negligible effect size (d=-0.10)"}, {"cityName": "F\u00fcrth", "timestamp": "2022-08", "value": 3.5252468660473826e-05, "incidence": 377.6096774193549, "pValue": 0.7355198475130309, "interpretation": "not statistically significant (p = 0.736), negligible effect size (d=-0.14)"}, {"cityName": "N\u00fcrnberg", "timestamp": "2022-08", "value": 3.6722860496604085e-05, "incidence": 371.0096774193549, "pValue": 0.6119480942091734, "interpretation": "not statistically significant (p = 0.612), negligible effect size (d=-0.19)"}, {"cityName": "W\u00fcrzburg", "timestamp": "2022-08", "value": 3.447523704380728e-05, "incidence": 423.9193548387096, "pValue": 0.1281105699282372, "interpretation": "not statistically significant (p = 0.128), medium effect size (d=-0.59)"}, {"cityName": "Augsburg", "timestamp": "2022-08", "value": 3.9069250655862e-05, "incidence": 311.99677419354845, "pValue": 0.7427071685916641, "interpretation": "not statistically significant (p = 0.743), negligible effect size (d=0.13)"}, {"cityName": "Saarbr\u00fccken", "timestamp": "2022-08", "value": 3.5216259614874916e-05, "incidence": 331.7935483870967, "pValue": 0.20723187936697562, "interpretation": "not statistically significant (p = 0.207), small effect size (d=0.43)"}, {"cityName": "Berlin", "timestamp": "2022-08", "value": 4.1178322578893926e-05, "incidence": 0.0, "pValue": 0.21100717452882553, "interpretation": "not statistically significant (p = 0.211), small effect size (d=-0.44)"}, {"cityName": "Cottbus", "timestamp": "2022-08", "value": 4.927954600694088e-05, "incidence": 451.1967741935484, "pValue": 0.5515308563382195, "interpretation": "not statistically significant (p = 0.552), small effect size (d=0.25)"}, {"cityName": "Potsdam", "timestamp": "2022-08", "value": 3.384623115005739e-05, "incidence": 349.416129032258, "pValue": 0.5281001130988778, "interpretation": "not statistically significant (p = 0.528), small effect size (d=-0.25)"}, {"cityName": "Rostock", "timestamp": "2022-08", "value": 3.4576602929243535e-05, "incidence": 410.18709677419355, "pValue": 0.5122484861599935, "interpretation": "not statistically significant (p = 0.512), small effect size (d=-0.22)"}, {"cityName": "Chemnitz", "timestamp": "2022-08", "value": 3.419433743125055e-05, "incidence": 325.9548387096774, "pValue": 0.6533341442124239, "interpretation": "not statistically significant (p = 0.653), small effect size (d=-0.21)"}, {"cityName": "Dresden", "timestamp": "2022-08", "value": 3.75645404512232e-05, "incidence": 366.6645161290322, "pValue": 0.7428023077654824, "interpretation": "not statistically significant (p = 0.743), negligible effect size (d=-0.13)"}, {"cityName": "Leipzig", "timestamp": "2022-08", "value": 3.84619468640463e-05, "incidence": 359.49354838709684, "pValue": 0.9045746301429105, "interpretation": "not statistically significant (p = 0.905), negligible effect size (d=-0.04)"}, {"cityName": "Halle (Saale)", "timestamp": "2022-08", "value": 3.7327365134842694e-05, "incidence": 383.22258064516126, "pValue": 0.9178655150541447, "interpretation": "not statistically significant (p = 0.918), negligible effect size (d=0.04)"}, {"cityName": "Magdeburg", "timestamp": "2022-08", "value": 3.447470647331915e-05, "incidence": 253.58064516129028, "pValue": 0.24715603609561537, "interpretation": "not statistically significant (p = 0.247), small effect size (d=-0.43)"}, {"cityName": "Erfurt", "timestamp": "2022-08", "value": 3.171782504687918e-05, "incidence": 203.0129032258064, "pValue": 0.31851677977035536, "interpretation": "not statistically significant (p = 0.319), small effect size (d=-0.37)"}, {"cityName": "Jena", "timestamp": "2022-08", "value": 3.257320754023062e-05, "incidence": 274.6677419354839, "pValue": 0.8966630904351351, "interpretation": "not statistically significant (p = 0.897), negligible effect size (d=-0.05)"}]