[{"cityName": "Kiel", "timestamp": "2025-03", "value": 7.097522861191205e-05, "incidence": 3.596774193548386, "pValue": 0.09489123741461633, "interpretation": "not statistically significant (p = 0.095), large effect size (d=0.88)"}, {"cityName": "L\u00fcbeck", "timestamp": "2025-03", "value": 6.597055794878138e-05, "incidence": 1.9741935483870967, "pValue": 0.6000662027231124, "interpretation": "not statistically significant (p = 0.600), small effect size (d=0.24)"}, {"cityName": "Hamburg", "timestamp": "2025-03", "value": 8.381042905427792e-05, "incidence": 1.8838709677419359, "pValue": 0.33535197179597664, "interpretation": "not statistically significant (p = 0.335), small effect size (d=0.40)"}, {"cityName": "Braunschweig", "timestamp": "2025-03", "value": 6.91258636138895e-05, "incidence": 0.7870967741935483, "pValue": 0.8288725638753267, "interpretation": "not statistically significant (p = 0.829), negligible effect size (d=0.10)"}, {"cityName": "Salzgitter", "timestamp": "2025-03", "value": 7.37567781470716e-05, "incidence": 0.0, "pValue": 0.6921285278682172, "interpretation": "not statistically significant (p = 0.692), negligible effect size (d=0.19)"}, {"cityName": "Wolfsburg", "timestamp": "2025-03", "value": 6.176722481062538e-05, "incidence": 0.7741935483870969, "pValue": 0.7254502310482978, "interpretation": "not statistically significant (p = 0.725), negligible effect size (d=-0.15)"}, {"cityName": "G\u00f6ttingen", "timestamp": "2025-03", "value": 5.605930484653938e-05, "incidence": 2.7258064516129026, "pValue": 0.3844975127152783, "interpretation": "not statistically significant (p = 0.384), small effect size (d=-0.39)"}, {"cityName": "Hannover", "timestamp": "2025-03", "value": 7.315374616729586e-05, "incidence": 1.3064516129032262, "pValue": 0.556907814136105, "interpretation": "not statistically significant (p = 0.557), small effect size (d=-0.26)"}, {"cityName": "Hildesheim", "timestamp": "2025-03", "value": 6.671390934463809e-05, "incidence": 1.3129032258064515, "pValue": 0.7738476999241277, "interpretation": "not statistically significant (p = 0.774), negligible effect size (d=-0.16)"}, {"cityName": "Oldenburg (Oldb)", "timestamp": "2025-03", "value": 7.651104824617505e-05, "incidence": 1.1935483870967742, "pValue": 0.5140551077210886, "interpretation": "not statistically significant (p = 0.514), small effect size (d=0.30)"}, {"cityName": "Osnabr\u00fcck", "timestamp": "2025-03", "value": 8.596740768883716e-05, "incidence": 1.3548387096774197, "pValue": 0.5936059432692677, "interpretation": "not statistically significant (p = 0.594), small effect size (d=-0.27)"}, {"cityName": "Bremen", "timestamp": "2025-03", "value": 8.228927331625438e-05, "incidence": 0.861290322580645, "pValue": 0.38683216834359846, "interpretation": "not statistically significant (p = 0.387), small effect size (d=0.33)"}, {"cityName": "Bremerhaven", "timestamp": "2025-03", "value": 7.253224196444665e-05, "incidence": 0.20322580645161292, "pValue": 0.22840563214013515, "interpretation": "not statistically significant (p = 0.228), small effect size (d=0.48)"}, {"cityName": "D\u00fcsseldorf", "timestamp": "2025-03", "value": 0.00014959288215855274, "incidence": 1.3741935483870968, "pValue": 0.2860077667675242, "interpretation": "not statistically significant (p = 0.286), small effect size (d=-0.43)"}, {"cityName": "Duisburg", "timestamp": "2025-03", "value": 0.00017709347108999887, "incidence": 1.1612903225806455, "pValue": 0.8395303056509116, "interpretation": "not statistically significant (p = 0.840), negligible effect size (d=0.08)"}, {"cityName": "Essen", "timestamp": "2025-03", "value": 0.0001378835011751224, "incidence": 1.4129032258064516, "pValue": 0.20288202656299612, "interpretation": "not statistically significant (p = 0.203), medium effect size (d=-0.52)"}, {"cityName": "Krefeld", "timestamp": "2025-03", "value": 0.00014431197912647174, "incidence": 1.8935483870967738, "pValue": 0.46674190510166713, "interpretation": "not statistically significant (p = 0.467), small effect size (d=0.26)"}, {"cityName": "M\u00f6nchengladbach", "timestamp": "2025-03", "value": 0.00012437548038774524, "incidence": 0.35806451612903223, "pValue": 0.6154566861620452, "interpretation": "not statistically significant (p = 0.615), small effect size (d=-0.20)"}, {"cityName": "M\u00fclheim an der Ruhr", "timestamp": "2025-03", "value": 0.00014756803607775105, "incidence": 1.0903225806451615, "pValue": 0.4361434676005438, "interpretation": "not statistically significant (p = 0.436), small effect size (d=-0.32)"}, {"cityName": "Oberhausen", "timestamp": "2025-03", "value": 0.000177400831419688, "incidence": 0.9387096774193546, "pValue": 0.5268211140039214, "interpretation": "not statistically significant (p = 0.527), small effect size (d=-0.29)"}, {"cityName": "Remscheid", "timestamp": "2025-03", "value": 8.674891820798318e-05, "incidence": 3.483870967741935, "pValue": 0.0277185277103817, "interpretation": "significant (p = 0.028), large effect size (d=-0.97)"}, {"cityName": "Solingen", "timestamp": "2025-03", "value": 0.0001095027182600461, "incidence": 0.9838709677419358, "pValue": 0.3668302425104628, "interpretation": "not statistically significant (p = 0.367), small effect size (d=-0.37)"}, {"cityName": "Wuppertal", "timestamp": "2025-03", "value": 0.0001024886517337075, "incidence": 1.5870967741935487, "pValue": 0.09832076022843271, "interpretation": "not statistically significant (p = 0.098), medium effect size (d=-0.75)"}, {"cityName": "Neuss", "timestamp": "2025-03", "value": 0.00014647628995589912, "incidence": 1.0709677419354837, "pValue": 0.8501506534929522, "interpretation": "not statistically significant (p = 0.850), negligible effect size (d=-0.07)"}, {"cityName": "Moers", "timestamp": "2025-03", "value": 0.00016708371029900654, "incidence": 1.0193548387096774, "pValue": 0.9511195778857662, "interpretation": "not statistically significant (p = 0.951), negligible effect size (d=0.03)"}, {"cityName": "Bonn", "timestamp": "2025-03", "value": 8.466211147606373e-05, "incidence": 1.1129032258064517, "pValue": 0.20030158499338632, "interpretation": "not statistically significant (p = 0.200), medium effect size (d=-0.54)"}, {"cityName": "K\u00f6ln", "timestamp": "2025-03", "value": 0.00012077285080320305, "incidence": 1.6870967741935483, "pValue": 0.23351531166135817, "interpretation": "not statistically significant (p = 0.234), small effect size (d=-0.43)"}, {"cityName": "Leverkusen", "timestamp": "2025-03", "value": 0.00012002278041715424, "incidence": 1.2774193548387098, "pValue": 0.4540803274631806, "interpretation": "not statistically significant (p = 0.454), small effect size (d=-0.32)"}, {"cityName": "Aachen", "timestamp": "2025-03", "value": 7.695317717975583e-05, "incidence": 1.1806451612903226, "pValue": 0.09490548295738313, "interpretation": "not statistically significant (p = 0.095), large effect size (d=-0.81)"}, {"cityName": "Bergisch Gladbach", "timestamp": "2025-03", "value": 9.415652103988188e-05, "incidence": 0.9354838709677418, "pValue": 0.6203776690825586, "interpretation": "not statistically significant (p = 0.620), small effect size (d=-0.22)"}, {"cityName": "Bottrop", "timestamp": "2025-03", "value": 0.00016306399586884414, "incidence": 4.590322580645162, "pValue": 0.11208281750693183, "interpretation": "not statistically significant (p = 0.112), medium effect size (d=-0.77)"}, {"cityName": "Gelsenkirchen", "timestamp": "2025-03", "value": 0.00015862047781839092, "incidence": 1.3096774193548386, "pValue": 0.07677280347147494, "interpretation": "not statistically significant (p = 0.077), large effect size (d=-0.81)"}, {"cityName": "M\u00fcnster", "timestamp": "2025-03", "value": 0.00010691133017341296, "incidence": 1.6419354838709679, "pValue": 0.8172514477271762, "interpretation": "not statistically significant (p = 0.817), negligible effect size (d=0.09)"}, {"cityName": "Recklinghausen", "timestamp": "2025-03", "value": 0.00014017903819107093, "incidence": 1.8387096774193548, "pValue": 0.02521942639819204, "interpretation": "significant (p = 0.025), large effect size (d=-1.05)"}, {"cityName": "Bielefeld", "timestamp": "2025-03", "value": 8.028181036934257e-05, "incidence": 1.7225806451612906, "pValue": 0.576479384961801, "interpretation": "not statistically significant (p = 0.576), small effect size (d=0.24)"}, {"cityName": "G\u00fctersloh", "timestamp": "2025-03", "value": 8.691404364071786e-05, "incidence": 1.1741935483870964, "pValue": 0.9534609140014204, "interpretation": "not statistically significant (p = 0.953), negligible effect size (d=-0.03)"}, {"cityName": "Paderborn", "timestamp": "2025-03", "value": 6.685390948287903e-05, "incidence": 0.4096774193548387, "pValue": 0.5967973877183317, "interpretation": "not statistically significant (p = 0.597), small effect size (d=-0.27)"}, {"cityName": "Bochum", "timestamp": "2025-03", "value": 0.00013087074815606078, "incidence": 2.3290322580645166, "pValue": 0.20725598054853153, "interpretation": "not statistically significant (p = 0.207), medium effect size (d=-0.55)"}, {"cityName": "Dortmund", "timestamp": "2025-03", "value": 0.00011667435733126659, "incidence": 1.2870967741935484, "pValue": 0.15415691910926127, "interpretation": "not statistically significant (p = 0.154), medium effect size (d=-0.52)"}, {"cityName": "Hagen", "timestamp": "2025-03", "value": 8.30882646400353e-05, "incidence": 0.6806451612903226, "pValue": 0.0008160287478347003, "interpretation": "highly significant (p < 0.001), large effect size (d=-1.78)"}, {"cityName": "Hamm", "timestamp": "2025-03", "value": 9.890859724865073e-05, "incidence": 1.0419354838709678, "pValue": 0.203354296351508, "interpretation": "not statistically significant (p = 0.203), medium effect size (d=-0.52)"}, {"cityName": "Herne", "timestamp": "2025-03", "value": 0.0001469914335757494, "incidence": 1.2451612903225806, "pValue": 0.21057022930759475, "interpretation": "not statistically significant (p = 0.211), medium effect size (d=-0.54)"}, {"cityName": "Siegen", "timestamp": "2025-03", "value": 5.955764790996909e-05, "incidence": 0.6741935483870966, "pValue": 0.1940637897154641, "interpretation": "not statistically significant (p = 0.194), medium effect size (d=-0.63)"}, {"cityName": "Darmstadt", "timestamp": "2025-03", "value": 9.007715958763252e-05, "incidence": 2.0387096774193547, "pValue": 0.04066682031429017, "interpretation": "significant (p = 0.041), large effect size (d=-0.95)"}, {"cityName": "Frankfurt am Main", "timestamp": "2025-03", "value": 0.00013550060843540862, "incidence": 0.8161290322580645, "pValue": 0.24351860978252374, "interpretation": "not statistically significant (p = 0.244), small effect size (d=-0.46)"}, {"cityName": "Offenbach am Main", "timestamp": "2025-03", "value": 0.00011050562501292337, "incidence": 1.858064516129033, "pValue": 0.17599168484642252, "interpretation": "not statistically significant (p = 0.176), medium effect size (d=-0.57)"}, {"cityName": "Wiesbaden", "timestamp": "2025-03", "value": 0.00011900544632226229, "incidence": 0.9580645161290321, "pValue": 0.09504478932443214, "interpretation": "not statistically significant (p = 0.095), large effect size (d=-0.82)"}, {"cityName": "Hanau", "timestamp": "2025-03", "value": 9.28628365867413e-05, "incidence": 1.235483870967742, "pValue": 0.24277582192737482, "interpretation": "not statistically significant (p = 0.243), medium effect size (d=-0.50)"}, {"cityName": "Kassel", "timestamp": "2025-03", "value": 6.041599489334557e-05, "incidence": 0.49032258064516127, "pValue": 0.17560898992826823, "interpretation": "not statistically significant (p = 0.176), medium effect size (d=-0.66)"}, {"cityName": "Koblenz", "timestamp": "2025-03", "value": 7.511581578809355e-05, "incidence": 1.1806451612903224, "pValue": 0.017292704162566168, "interpretation": "significant (p = 0.017), large effect size (d=-1.28)"}, {"cityName": "Trier", "timestamp": "2025-03", "value": 5.715869483537972e-05, "incidence": 1.5387096774193552, "pValue": 0.07043813636422938, "interpretation": "not statistically significant (p = 0.070), medium effect size (d=-0.72)"}, {"cityName": "Kaiserslautern", "timestamp": "2025-03", "value": 5.872833291785075e-05, "incidence": 1.8064516129032258, "pValue": 0.0961153491600582, "interpretation": "not statistically significant (p = 0.096), medium effect size (d=-0.70)"}, {"cityName": "Ludwigshafen am Rhein", "timestamp": "2025-03", "value": 0.00013715861132368445, "incidence": 0.6903225806451615, "pValue": 0.7784345524431443, "interpretation": "not statistically significant (p = 0.778), negligible effect size (d=-0.11)"}, {"cityName": "Mainz", "timestamp": "2025-03", "value": 0.00011964569421252236, "incidence": 1.3290322580645157, "pValue": 0.02149856098076684, "interpretation": "significant (p = 0.021), large effect size (d=-1.08)"}, {"cityName": "Stuttgart", "timestamp": "2025-03", "value": 9.33260889723897e-05, "incidence": 0.5612903225806453, "pValue": 0.9298526147770737, "interpretation": "not statistically significant (p = 0.930), negligible effect size (d=0.03)"}, {"cityName": "Heilbronn", "timestamp": "2025-03", "value": 8.952669385406707e-05, "incidence": 0.6193548387096776, "pValue": 0.45753507927248793, "interpretation": "not statistically significant (p = 0.458), small effect size (d=0.30)"}, {"cityName": "Karlsruhe", "timestamp": "2025-03", "value": 9.179788175970316e-05, "incidence": 1.0419354838709676, "pValue": 0.6176724547386455, "interpretation": "not statistically significant (p = 0.618), negligible effect size (d=-0.18)"}, {"cityName": "Heidelberg", "timestamp": "2025-03", "value": 8.765839677500098e-05, "incidence": 0.4064516129032258, "pValue": 0.4418607186187773, "interpretation": "not statistically significant (p = 0.442), small effect size (d=-0.33)"}, {"cityName": "Mannheim", "timestamp": "2025-03", "value": 0.00012447336688637734, "incidence": 2.716129032258064, "pValue": 0.8877284407014958, "interpretation": "not statistically significant (p = 0.888), negligible effect size (d=-0.06)"}, {"cityName": "Pforzheim", "timestamp": "2025-03", "value": 8.734562692956792e-05, "incidence": 1.1064516129032258, "pValue": 0.527154617163604, "interpretation": "not statistically significant (p = 0.527), small effect size (d=-0.26)"}, {"cityName": "Freiburg im Breisgau", "timestamp": "2025-03", "value": 6.276446705063184e-05, "incidence": 1.1161290322580641, "pValue": 0.2315584739069538, "interpretation": "not statistically significant (p = 0.232), small effect size (d=-0.49)"}, {"cityName": "Reutlingen", "timestamp": "2025-03", "value": 8.233364496845752e-05, "incidence": 1.0612903225806454, "pValue": 0.8871302005028581, "interpretation": "not statistically significant (p = 0.887), negligible effect size (d=0.06)"}, {"cityName": "Ulm", "timestamp": "2025-03", "value": 7.030672981942955e-05, "incidence": 1.9548387096774194, "pValue": 0.36308543790004266, "interpretation": "not statistically significant (p = 0.363), small effect size (d=-0.37)"}, {"cityName": "Ingolstadt", "timestamp": "2025-03", "value": 8.291039072598021e-05, "incidence": 0.6999999999999998, "pValue": 0.7200889402498822, "interpretation": "not statistically significant (p = 0.720), negligible effect size (d=0.18)"}, {"cityName": "M\u00fcnchen", "timestamp": "2025-03", "value": 0.00010566022963478015, "incidence": 0.9870967741935484, "pValue": 0.20857824361526722, "interpretation": "not statistically significant (p = 0.209), medium effect size (d=0.52)"}, {"cityName": "Regensburg", "timestamp": "2025-03", "value": 6.840482819825411e-05, "incidence": 2.141935483870967, "pValue": 0.7055636767395141, "interpretation": "not statistically significant (p = 0.706), negligible effect size (d=-0.16)"}, {"cityName": "Erlangen", "timestamp": "2025-03", "value": 8.857307589745947e-05, "incidence": 0.5870967741935483, "pValue": 0.5445616899513256, "interpretation": "not statistically significant (p = 0.545), small effect size (d=0.25)"}, {"cityName": "F\u00fcrth", "timestamp": "2025-03", "value": 9.469928918406367e-05, "incidence": 3.4935483870967743, "pValue": 0.8265058608454199, "interpretation": "not statistically significant (p = 0.827), negligible effect size (d=0.09)"}, {"cityName": "N\u00fcrnberg", "timestamp": "2025-03", "value": 8.942677187874462e-05, "incidence": 2.9580645161290318, "pValue": 0.469976238891212, "interpretation": "not statistically significant (p = 0.470), small effect size (d=0.29)"}, {"cityName": "W\u00fcrzburg", "timestamp": "2025-03", "value": 6.831973587395623e-05, "incidence": 0.6193548387096776, "pValue": 0.14498006375906325, "interpretation": "not statistically significant (p = 0.145), medium effect size (d=-0.61)"}, {"cityName": "Augsburg", "timestamp": "2025-03", "value": 9.0614570161471e-05, "incidence": 0.6516129032258066, "pValue": 0.36765763650081507, "interpretation": "not statistically significant (p = 0.368), small effect size (d=0.38)"}, {"cityName": "Saarbr\u00fccken", "timestamp": "2025-03", "value": 6.028783973306417e-05, "incidence": 1.8774193548387093, "pValue": 0.02380894497491108, "interpretation": "significant (p = 0.024), large effect size (d=-0.96)"}, {"cityName": "Berlin", "timestamp": "2025-03", "value": 7.356530645998513e-05, "incidence": 0.0, "pValue": 0.8685737293887505, "interpretation": "not statistically significant (p = 0.869), negligible effect size (d=0.06)"}, {"cityName": "Cottbus", "timestamp": "2025-03", "value": 6.422232567834166e-05, "incidence": 1.7741935483870968, "pValue": 0.33432477637197866, "interpretation": "not statistically significant (p = 0.334), small effect size (d=-0.50)"}, {"cityName": "Potsdam", "timestamp": "2025-03", "value": 5.861610749407726e-05, "incidence": 1.4225806451612908, "pValue": 0.7256701875150066, "interpretation": "not statistically significant (p = 0.726), negligible effect size (d=0.16)"}, {"cityName": "Rostock", "timestamp": "2025-03", "value": 5.050966600802812e-05, "incidence": 2.9612903225806457, "pValue": 0.23139655763030303, "interpretation": "not statistically significant (p = 0.231), medium effect size (d=0.54)"}, {"cityName": "Chemnitz", "timestamp": "2025-03", "value": 6.442094539723745e-05, "incidence": 1.2129032258064518, "pValue": 0.45470336308957826, "interpretation": "not statistically significant (p = 0.455), small effect size (d=0.31)"}, {"cityName": "Dresden", "timestamp": "2025-03", "value": 8.161352439360184e-05, "incidence": 2.45483870967742, "pValue": 0.8304902149908746, "interpretation": "not statistically significant (p = 0.830), negligible effect size (d=-0.09)"}, {"cityName": "Leipzig", "timestamp": "2025-03", "value": 6.98220477822949e-05, "incidence": 2.4483870967741934, "pValue": 0.7654354452631397, "interpretation": "not statistically significant (p = 0.765), negligible effect size (d=-0.14)"}, {"cityName": "Halle (Saale)", "timestamp": "2025-03", "value": 6.661602916816871e-05, "incidence": 2.4516129032258065, "pValue": 0.37163158298785826, "interpretation": "not statistically significant (p = 0.372), small effect size (d=-0.46)"}, {"cityName": "Magdeburg", "timestamp": "2025-03", "value": 6.193953174117364e-05, "incidence": 2.4677419354838714, "pValue": 0.09863133993765422, "interpretation": "not statistically significant (p = 0.099), medium effect size (d=-0.71)"}, {"cityName": "Erfurt", "timestamp": "2025-03", "value": 6.375121487740506e-05, "incidence": 1.354838709677419, "pValue": 0.28105917329537217, "interpretation": "not statistically significant (p = 0.281), small effect size (d=-0.49)"}, {"cityName": "Jena", "timestamp": "2025-03", "value": 6.343650036594934e-05, "incidence": 1.0451612903225806, "pValue": 0.7829043074065715, "interpretation": "not statistically significant (p = 0.783), negligible effect size (d=-0.12)"}]