[{"cityName": "Kiel", "timestamp": "2020-12", "value": 8.142225643885987e-05, "incidence": 92.6548387096774, "pValue": 0.682920262273387, "interpretation": "not statistically significant (p = 0.683), small effect size (d=0.29)"}, {"cityName": "L\u00fcbeck", "timestamp": "2020-12", "value": 9.830197086557746e-05, "incidence": 132.14193548387098, "pValue": 0.17051878510467156, "interpretation": "not statistically significant (p = 0.171), large effect size (d=0.90)"}, {"cityName": "Hamburg", "timestamp": "2020-12", "value": 6.928886356416033e-05, "incidence": 137.03870967741935, "pValue": 0.9305806890495487, "interpretation": "not statistically significant (p = 0.931), negligible effect size (d=-0.05)"}, {"cityName": "Braunschweig", "timestamp": "2020-12", "value": 7.38020205651136e-05, "incidence": 72.68387096774194, "pValue": 0.7929726793340008, "interpretation": "not statistically significant (p = 0.793), negligible effect size (d=0.14)"}, {"cityName": "Salzgitter", "timestamp": "2020-12", "value": 5.7159934658557174e-05, "incidence": 105.88709677419355, "pValue": 0.6789070402665239, "interpretation": "not statistically significant (p = 0.679), small effect size (d=-0.21)"}, {"cityName": "Wolfsburg", "timestamp": "2020-12", "value": 7.858063633504666e-05, "incidence": 78.20967741935483, "pValue": 0.9054129795587573, "interpretation": "not statistically significant (p = 0.905), negligible effect size (d=-0.06)"}, {"cityName": "G\u00f6ttingen", "timestamp": "2020-12", "value": 8.06055807818969e-05, "incidence": 74.3258064516129, "pValue": 0.3276630858645936, "interpretation": "not statistically significant (p = 0.328), medium effect size (d=0.58)"}, {"cityName": "Hannover", "timestamp": "2020-12", "value": 7.523296057785813e-05, "incidence": 126.28064516129032, "pValue": 0.9991497048984366, "interpretation": "not statistically significant (p = 0.999), negligible effect size (d=-0.00)"}, {"cityName": "Hildesheim", "timestamp": "2020-12", "value": 6.756533676867976e-05, "incidence": 99.7, "pValue": 0.3471368468233045, "interpretation": "not statistically significant (p = 0.347), small effect size (d=0.46)"}, {"cityName": "Oldenburg (Oldb)", "timestamp": "2020-12", "value": 8.021925459615886e-05, "incidence": 89.04193548387096, "pValue": 0.7951557801271045, "interpretation": "not statistically significant (p = 0.795), negligible effect size (d=0.15)"}, {"cityName": "Osnabr\u00fcck", "timestamp": "2020-12", "value": 7.099268788641149e-05, "incidence": 145.71612903225807, "pValue": 0.3710999030350537, "interpretation": "not statistically significant (p = 0.371), small effect size (d=-0.49)"}, {"cityName": "Bremen", "timestamp": "2020-12", "value": 8.448891982924743e-05, "incidence": 121.30645161290323, "pValue": 0.7962228843419457, "interpretation": "not statistically significant (p = 0.796), negligible effect size (d=-0.13)"}, {"cityName": "Bremerhaven", "timestamp": "2020-12", "value": 7.874925254977175e-05, "incidence": 94.45161290322577, "pValue": 0.5466928087045958, "interpretation": "not statistically significant (p = 0.547), small effect size (d=0.29)"}, {"cityName": "D\u00fcsseldorf", "timestamp": "2020-12", "value": 0.0001342811553580005, "incidence": 115.09354838709677, "pValue": 0.3227384685572736, "interpretation": "not statistically significant (p = 0.323), small effect size (d=-0.44)"}, {"cityName": "Duisburg", "timestamp": "2020-12", "value": 0.00012090358023460094, "incidence": 199.11935483870968, "pValue": 0.24662021125795483, "interpretation": "not statistically significant (p = 0.247), small effect size (d=-0.49)"}, {"cityName": "Essen", "timestamp": "2020-12", "value": 0.00013293897828612573, "incidence": 172.3774193548387, "pValue": 0.6646712666524814, "interpretation": "not statistically significant (p = 0.665), small effect size (d=-0.21)"}, {"cityName": "Krefeld", "timestamp": "2020-12", "value": 9.636815565709885e-05, "incidence": 149.12580645161293, "pValue": 0.49128032024548496, "interpretation": "not statistically significant (p = 0.491), small effect size (d=-0.30)"}, {"cityName": "M\u00f6nchengladbach", "timestamp": "2020-12", "value": 6.609476283834926e-05, "incidence": 170.98709677419356, "pValue": 0.16938801799894249, "interpretation": "not statistically significant (p = 0.169), medium effect size (d=-0.67)"}, {"cityName": "M\u00fclheim an der Ruhr", "timestamp": "2020-12", "value": 0.00012258561845454905, "incidence": 210.05483870967743, "pValue": 0.9084340124673662, "interpretation": "not statistically significant (p = 0.908), negligible effect size (d=-0.05)"}, {"cityName": "Oberhausen", "timestamp": "2020-12", "value": 0.0001301177992270543, "incidence": 244.43548387096772, "pValue": 0.9284541363017391, "interpretation": "not statistically significant (p = 0.928), negligible effect size (d=0.04)"}, {"cityName": "Remscheid", "timestamp": "2020-12", "value": 4.1620961079994835e-05, "incidence": 174.3032258064516, "pValue": 0.1781600568247088, "interpretation": "not statistically significant (p = 0.178), large effect size (d=-0.89)"}, {"cityName": "Solingen", "timestamp": "2020-12", "value": 8.500405238009989e-05, "incidence": 245.5903225806451, "pValue": 0.6574399491698055, "interpretation": "not statistically significant (p = 0.657), small effect size (d=-0.25)"}, {"cityName": "Wuppertal", "timestamp": "2020-12", "value": 4.7625452107577415e-05, "incidence": 203.2516129032258, "pValue": 0.6865248359881932, "interpretation": "not statistically significant (p = 0.687), small effect size (d=-0.22)"}, {"cityName": "Neuss", "timestamp": "2020-12", "value": 0.00011149123747600242, "incidence": 133.2225806451613, "pValue": 0.3521673791399209, "interpretation": "not statistically significant (p = 0.352), small effect size (d=-0.42)"}, {"cityName": "Moers", "timestamp": "2020-12", "value": 9.690131992101669e-05, "incidence": 167.16129032258067, "pValue": 0.2551089135276878, "interpretation": "not statistically significant (p = 0.255), medium effect size (d=-0.50)"}, {"cityName": "Bonn", "timestamp": "2020-12", "value": 7.72492600266229e-05, "incidence": 182.81290322580648, "pValue": 0.8434178064720887, "interpretation": "not statistically significant (p = 0.843), negligible effect size (d=-0.09)"}, {"cityName": "K\u00f6ln", "timestamp": "2020-12", "value": 0.000105898710899055, "incidence": 142.1903225806452, "pValue": 0.302029860944128, "interpretation": "not statistically significant (p = 0.302), small effect size (d=-0.48)"}, {"cityName": "Leverkusen", "timestamp": "2020-12", "value": 0.0001423262874595821, "incidence": 157.01935483870966, "pValue": 0.6730145866483372, "interpretation": "not statistically significant (p = 0.673), small effect size (d=0.27)"}, {"cityName": "Aachen", "timestamp": "2020-12", "value": 4.151599192670707e-05, "incidence": 163.2064516129032, "pValue": 0.4109712964809126, "interpretation": "not statistically significant (p = 0.411), small effect size (d=-0.40)"}, {"cityName": "Bergisch Gladbach", "timestamp": "2020-12", "value": 4.8367460424612674e-05, "incidence": 149.6967741935484, "pValue": 0.07208604427675051, "interpretation": "not statistically significant (p = 0.072), large effect size (d=-1.23)"}, {"cityName": "Bottrop", "timestamp": "2020-12", "value": 0.00014552953379119143, "incidence": 195.6774193548387, "pValue": 0.7848881531074924, "interpretation": "not statistically significant (p = 0.785), negligible effect size (d=-0.13)"}, {"cityName": "Gelsenkirchen", "timestamp": "2020-12", "value": 0.00011131674845648162, "incidence": 206.4677419354839, "pValue": 0.7929967177161709, "interpretation": "not statistically significant (p = 0.793), negligible effect size (d=-0.14)"}, {"cityName": "M\u00fcnster", "timestamp": "2020-12", "value": 8.663973003103022e-05, "incidence": 92.45483870967742, "pValue": 0.44892204165573457, "interpretation": "not statistically significant (p = 0.449), small effect size (d=-0.38)"}, {"cityName": "Recklinghausen", "timestamp": "2020-12", "value": 0.0001391990540119318, "incidence": 214.99677419354842, "pValue": 0.5312915175223303, "interpretation": "not statistically significant (p = 0.531), small effect size (d=0.35)"}, {"cityName": "Bielefeld", "timestamp": "2020-12", "value": 4.824560407238702e-05, "incidence": 179.60967741935482, "pValue": 0.033423236299400756, "interpretation": "significant (p = 0.033), large effect size (d=-1.19)"}, {"cityName": "G\u00fctersloh", "timestamp": "2020-12", "value": 6.342718843370676e-05, "incidence": 208.16451612903225, "pValue": 0.48057075566275576, "interpretation": "not statistically significant (p = 0.481), small effect size (d=-0.42)"}, {"cityName": "Paderborn", "timestamp": "2020-12", "value": 4.3048320578471306e-05, "incidence": 116.80645161290326, "pValue": 0.26935732943446444, "interpretation": "not statistically significant (p = 0.269), medium effect size (d=-0.58)"}, {"cityName": "Bochum", "timestamp": "2020-12", "value": 0.00014510774053633213, "incidence": 171.59032258064516, "pValue": 0.8949571329280197, "interpretation": "not statistically significant (p = 0.895), negligible effect size (d=0.07)"}, {"cityName": "Dortmund", "timestamp": "2020-12", "value": 0.00013667198044120096, "incidence": 177.80000000000004, "pValue": 0.9486193940312901, "interpretation": "not statistically significant (p = 0.949), negligible effect size (d=0.03)"}, {"cityName": "Hagen", "timestamp": "2020-12", "value": 7.31599485052043e-05, "incidence": 212.43870967741935, "pValue": 0.8188687897765331, "interpretation": "not statistically significant (p = 0.819), negligible effect size (d=0.13)"}, {"cityName": "Hamm", "timestamp": "2020-12", "value": 8.625356436130547e-05, "incidence": 192.06774193548392, "pValue": 0.4994263207660068, "interpretation": "not statistically significant (p = 0.499), small effect size (d=-0.36)"}, {"cityName": "Herne", "timestamp": "2020-12", "value": 0.00012076288694515825, "incidence": 208.11935483870968, "pValue": 0.25661052873475804, "interpretation": "not statistically significant (p = 0.257), medium effect size (d=-0.74)"}, {"cityName": "Siegen", "timestamp": "2020-12", "value": 5.430738092400133e-05, "incidence": 140.93870967741935, "pValue": 0.5546724235541924, "interpretation": "not statistically significant (p = 0.555), small effect size (d=-0.35)"}, {"cityName": "Darmstadt", "timestamp": "2020-12", "value": 8.398786039006981e-05, "incidence": 134.24838709677422, "pValue": 0.7427104658566602, "interpretation": "not statistically significant (p = 0.743), negligible effect size (d=-0.17)"}, {"cityName": "Frankfurt am Main", "timestamp": "2020-12", "value": 9.565224701708013e-05, "incidence": 156.33870967741936, "pValue": 0.8486199987030899, "interpretation": "not statistically significant (p = 0.849), negligible effect size (d=0.11)"}, {"cityName": "Offenbach am Main", "timestamp": "2020-12", "value": 0.0001052321485159072, "incidence": 242.53870967741935, "pValue": 0.526340144820839, "interpretation": "not statistically significant (p = 0.526), small effect size (d=0.38)"}, {"cityName": "Wiesbaden", "timestamp": "2020-12", "value": 5.843116539633936e-05, "incidence": 143.68709677419358, "pValue": 1.0, "interpretation": "Insufficient data for this month for a statistical test."}, {"cityName": "Hanau", "timestamp": "2020-12", "value": 0.00010518072387919977, "incidence": 238.16129032258064, "pValue": 0.3576663521748885, "interpretation": "not statistically significant (p = 0.358), medium effect size (d=0.55)"}, {"cityName": "Kassel", "timestamp": "2020-12", "value": 5.9462288239349924e-05, "incidence": 166.22580645161287, "pValue": 0.7529503918658444, "interpretation": "not statistically significant (p = 0.753), negligible effect size (d=0.15)"}, {"cityName": "Koblenz", "timestamp": "2020-12", "value": 4.850890319277015e-05, "incidence": 155.1709677419355, "pValue": 1.0, "interpretation": "Insufficient data for this month for a statistical test."}, {"cityName": "Trier", "timestamp": "2020-12", "value": 5.49783231690526e-05, "incidence": 93.90322580645162, "pValue": 0.18797358143013262, "interpretation": "not statistically significant (p = 0.188), large effect size (d=-0.83)"}, {"cityName": "Kaiserslautern", "timestamp": "2020-12", "value": 5.8134784922003746e-05, "incidence": 128.7774193548387, "pValue": 0.5397261032938819, "interpretation": "not statistically significant (p = 0.540), small effect size (d=-0.36)"}, {"cityName": "Ludwigshafen am Rhein", "timestamp": "2020-12", "value": 0.00010985409608110785, "incidence": 323.0548387096774, "pValue": 0.7631116914506273, "interpretation": "not statistically significant (p = 0.763), negligible effect size (d=0.18)"}, {"cityName": "Mainz", "timestamp": "2020-12", "value": 5.741825225413777e-05, "incidence": 159.76451612903222, "pValue": 0.25729764480765804, "interpretation": "not statistically significant (p = 0.257), medium effect size (d=-0.73)"}, {"cityName": "Stuttgart", "timestamp": "2020-12", "value": 7.841497426852584e-05, "incidence": 157.86774193548385, "pValue": 0.28637304939916, "interpretation": "not statistically significant (p = 0.286), medium effect size (d=-0.50)"}, {"cityName": "Heilbronn", "timestamp": "2020-12", "value": 0.00011722123922987116, "incidence": 296.8806451612904, "pValue": 0.5294089646729361, "interpretation": "not statistically significant (p = 0.529), small effect size (d=0.42)"}, {"cityName": "Karlsruhe", "timestamp": "2020-12", "value": 7.469673485805591e-05, "incidence": 125.89354838709679, "pValue": 0.28022622210420417, "interpretation": "not statistically significant (p = 0.280), medium effect size (d=-0.54)"}, {"cityName": "Heidelberg", "timestamp": "2020-12", "value": 9.172460015274977e-05, "incidence": 147.82258064516128, "pValue": 0.3207146510423679, "interpretation": "not statistically significant (p = 0.321), medium effect size (d=-0.53)"}, {"cityName": "Mannheim", "timestamp": "2020-12", "value": 0.00011296035721898078, "incidence": 237.9290322580645, "pValue": 0.4739593650188624, "interpretation": "not statistically significant (p = 0.474), small effect size (d=-0.41)"}, {"cityName": "Pforzheim", "timestamp": "2020-12", "value": 7.450852232674758e-05, "incidence": 310.82903225806444, "pValue": 0.9202075369463261, "interpretation": "not statistically significant (p = 0.920), negligible effect size (d=0.06)"}, {"cityName": "Freiburg im Breisgau", "timestamp": "2020-12", "value": 5.6079355999827385e-05, "incidence": 128.8774193548387, "pValue": 0.41697856290139346, "interpretation": "not statistically significant (p = 0.417), small effect size (d=-0.41)"}, {"cityName": "Reutlingen", "timestamp": "2020-12", "value": 8.495170186506584e-05, "incidence": 204.35806451612905, "pValue": 0.5816094379561373, "interpretation": "not statistically significant (p = 0.582), small effect size (d=0.32)"}, {"cityName": "Ulm", "timestamp": "2020-12", "value": 7.79605899496298e-05, "incidence": 165.79032258064512, "pValue": 0.7752594648593246, "interpretation": "not statistically significant (p = 0.775), negligible effect size (d=0.19)"}, {"cityName": "Ingolstadt", "timestamp": "2020-12", "value": 7.73112600048383e-05, "incidence": 148.88709677419357, "pValue": 0.30554799845783653, "interpretation": "not statistically significant (p = 0.306), medium effect size (d=-0.54)"}, {"cityName": "M\u00fcnchen", "timestamp": "2020-12", "value": 7.79617649431412e-05, "incidence": 214.25161290322575, "pValue": 0.726677079513953, "interpretation": "not statistically significant (p = 0.727), negligible effect size (d=-0.15)"}, {"cityName": "Regensburg", "timestamp": "2020-12", "value": 7.196367563058933e-05, "incidence": 144.31612903225803, "pValue": 0.9375474711463756, "interpretation": "not statistically significant (p = 0.938), negligible effect size (d=0.05)"}, {"cityName": "Erlangen", "timestamp": "2020-12", "value": 7.988742852051343e-05, "incidence": 163.78387096774193, "pValue": 0.38778180691537767, "interpretation": "not statistically significant (p = 0.388), medium effect size (d=0.59)"}, {"cityName": "F\u00fcrth", "timestamp": "2020-12", "value": 9.33772069402039e-05, "incidence": 223.5, "pValue": 0.259329868070719, "interpretation": "not statistically significant (p = 0.259), medium effect size (d=0.78)"}, {"cityName": "N\u00fcrnberg", "timestamp": "2020-12", "value": 6.144057084439379e-05, "incidence": 330.9709677419356, "pValue": 0.8764095212884714, "interpretation": "not statistically significant (p = 0.876), negligible effect size (d=-0.09)"}, {"cityName": "W\u00fcrzburg", "timestamp": "2020-12", "value": 8.106329914880916e-05, "incidence": 96.81935483870969, "pValue": 0.8563553262940689, "interpretation": "not statistically significant (p = 0.856), negligible effect size (d=-0.10)"}, {"cityName": "Augsburg", "timestamp": "2020-12", "value": 6.211547252650444e-05, "incidence": 228.61935483870968, "pValue": 0.7128032967029441, "interpretation": "not statistically significant (p = 0.713), negligible effect size (d=-0.18)"}, {"cityName": "Saarbr\u00fccken", "timestamp": "2020-12", "value": 6.923599479099114e-05, "incidence": 206.0322580645161, "pValue": 0.35446752119577707, "interpretation": "not statistically significant (p = 0.354), medium effect size (d=-0.58)"}, {"cityName": "Berlin", "timestamp": "2020-12", "value": 8.640910794095295e-05, "incidence": 0.0, "pValue": 0.6855400681656537, "interpretation": "not statistically significant (p = 0.686), negligible effect size (d=0.18)"}, {"cityName": "Cottbus", "timestamp": "2020-12", "value": 9.487869325452126e-05, "incidence": 301.31612903225806, "pValue": 0.11452341091596878, "interpretation": "not statistically significant (p = 0.115), large effect size (d=0.89)"}, {"cityName": "Potsdam", "timestamp": "2020-12", "value": 7.535466540823964e-05, "incidence": 106.11935483870968, "pValue": 0.481296505943436, "interpretation": "not statistically significant (p = 0.481), small effect size (d=0.33)"}, {"cityName": "Rostock", "timestamp": "2020-12", "value": 8.240558743251093e-05, "incidence": 24.193548387096776, "pValue": 0.3349288379197557, "interpretation": "not statistically significant (p = 0.335), medium effect size (d=0.50)"}, {"cityName": "Chemnitz", "timestamp": "2020-12", "value": 5.857699845985669e-05, "incidence": 400.51612903225805, "pValue": 0.6657460587791852, "interpretation": "not statistically significant (p = 0.666), negligible effect size (d=0.19)"}, {"cityName": "Dresden", "timestamp": "2020-12", "value": 7.78750516474247e-05, "incidence": 360.27741935483874, "pValue": 0.6658163540339652, "interpretation": "not statistically significant (p = 0.666), negligible effect size (d=0.18)"}, {"cityName": "Leipzig", "timestamp": "2020-12", "value": 8.532255157536151e-05, "incidence": 185.62903225806454, "pValue": 0.36456115290891566, "interpretation": "not statistically significant (p = 0.365), small effect size (d=0.42)"}, {"cityName": "Halle (Saale)", "timestamp": "2020-12", "value": 9.102411180113752e-05, "incidence": 169.67096774193547, "pValue": 0.06407811691285971, "interpretation": "not statistically significant (p = 0.064), large effect size (d=1.01)"}, {"cityName": "Magdeburg", "timestamp": "2020-12", "value": 7.474394882784079e-05, "incidence": 88.25161290322582, "pValue": 0.3571211727723318, "interpretation": "not statistically significant (p = 0.357), small effect size (d=0.47)"}, {"cityName": "Erfurt", "timestamp": "2020-12", "value": 6.471327605082634e-05, "incidence": 147.6774193548387, "pValue": 0.9874242807896927, "interpretation": "not statistically significant (p = 0.987), negligible effect size (d=0.01)"}, {"cityName": "Jena", "timestamp": "2020-12", "value": 6.801563237483303e-05, "incidence": 194.13225806451615, "pValue": 0.38107576427118095, "interpretation": "not statistically significant (p = 0.381), small effect size (d=0.49)"}]