[{"cityName": "Kiel", "timestamp": "2022-04", "value": 3.152343699531186e-05, "incidence": 1292.8633333333335, "pValue": 0.04726679065565192, "interpretation": "significant (p = 0.047), medium effect size (d=-0.73)"}, {"cityName": "L\u00fcbeck", "timestamp": "2022-04", "value": 3.515505037891368e-05, "incidence": 1278.9833333333336, "pValue": 0.09662532274092468, "interpretation": "not statistically significant (p = 0.097), medium effect size (d=-0.62)"}, {"cityName": "Hamburg", "timestamp": "2022-04", "value": 5.093761202361849e-05, "incidence": 1246.2266666666667, "pValue": 0.0470690222140987, "interpretation": "significant (p = 0.047), medium effect size (d=-0.70)"}, {"cityName": "Braunschweig", "timestamp": "2022-04", "value": 5.108750466366901e-05, "incidence": 1226.16, "pValue": 0.2428960064194335, "interpretation": "not statistically significant (p = 0.243), small effect size (d=-0.50)"}, {"cityName": "Salzgitter", "timestamp": "2022-04", "value": 5.1238288870081304e-05, "incidence": 1352.46, "pValue": 0.031066738548829933, "interpretation": "significant (p = 0.031), large effect size (d=-0.93)"}, {"cityName": "Wolfsburg", "timestamp": "2022-04", "value": 4.251233277548301e-05, "incidence": 1185.5366666666669, "pValue": 0.22570052777488664, "interpretation": "not statistically significant (p = 0.226), small effect size (d=-0.49)"}, {"cityName": "G\u00f6ttingen", "timestamp": "2022-04", "value": 3.899716761051899e-05, "incidence": 1253.2466666666664, "pValue": 0.3420290224866597, "interpretation": "not statistically significant (p = 0.342), small effect size (d=-0.42)"}, {"cityName": "Hannover", "timestamp": "2022-04", "value": 5.122743497945761e-05, "incidence": 996.58, "pValue": 0.04798328822773207, "interpretation": "significant (p = 0.048), medium effect size (d=-0.79)"}, {"cityName": "Hildesheim", "timestamp": "2022-04", "value": 4.507579690064578e-05, "incidence": 1125.4566666666667, "pValue": 0.04159224386159324, "interpretation": "significant (p = 0.042), large effect size (d=-0.90)"}, {"cityName": "Oldenburg (Oldb)", "timestamp": "2022-04", "value": 5.2090018289163706e-05, "incidence": 1527.2800000000002, "pValue": 0.1336497479975753, "interpretation": "not statistically significant (p = 0.134), medium effect size (d=-0.58)"}, {"cityName": "Osnabr\u00fcck", "timestamp": "2022-04", "value": 4.687099929221652e-05, "incidence": 1360.3066666666666, "pValue": 0.018795601621617496, "interpretation": "significant (p = 0.019), large effect size (d=-0.93)"}, {"cityName": "Bremen", "timestamp": "2022-04", "value": 5.577112639658764e-05, "incidence": 1186.2866666666666, "pValue": 0.04750067489409215, "interpretation": "significant (p = 0.048), medium effect size (d=-0.70)"}, {"cityName": "Bremerhaven", "timestamp": "2022-04", "value": 3.7731253542006016e-05, "incidence": 1321.0, "pValue": 0.007115440276584677, "interpretation": "very significant (p < 0.01), large effect size (d=-1.05)"}, {"cityName": "D\u00fcsseldorf", "timestamp": "2022-04", "value": 9.468921869084602e-05, "incidence": 851.3299999999998, "pValue": 0.10087069918477548, "interpretation": "not statistically significant (p = 0.101), medium effect size (d=-0.59)"}, {"cityName": "Duisburg", "timestamp": "2022-04", "value": 0.00010655579181053699, "incidence": 532.4033333333333, "pValue": 0.009897612401913764, "interpretation": "very significant (p < 0.01), large effect size (d=-0.94)"}, {"cityName": "Essen", "timestamp": "2022-04", "value": 9.105789164702098e-05, "incidence": 814.38, "pValue": 0.0924412554764466, "interpretation": "not statistically significant (p = 0.092), medium effect size (d=-0.62)"}, {"cityName": "Krefeld", "timestamp": "2022-04", "value": 9.740788776140947e-05, "incidence": 865.2, "pValue": 0.014570563082766297, "interpretation": "significant (p = 0.015), large effect size (d=-0.92)"}, {"cityName": "M\u00f6nchengladbach", "timestamp": "2022-04", "value": 9.736542365160482e-05, "incidence": 916.3199999999999, "pValue": 0.02582336905257289, "interpretation": "significant (p = 0.026), large effect size (d=-0.87)"}, {"cityName": "M\u00fclheim an der Ruhr", "timestamp": "2022-04", "value": 8.512522456132704e-05, "incidence": 766.6333333333334, "pValue": 0.040492501825914434, "interpretation": "significant (p = 0.040), medium effect size (d=-0.75)"}, {"cityName": "Oberhausen", "timestamp": "2022-04", "value": 9.092979598790407e-05, "incidence": 726.5766666666667, "pValue": 0.015606758727042185, "interpretation": "significant (p = 0.016), large effect size (d=-0.98)"}, {"cityName": "Remscheid", "timestamp": "2022-04", "value": 5.8495455111066504e-05, "incidence": 783.84, "pValue": 0.04543157602837442, "interpretation": "significant (p = 0.045), medium effect size (d=-0.80)"}, {"cityName": "Solingen", "timestamp": "2022-04", "value": 6.199043855303898e-05, "incidence": 946.0033333333333, "pValue": 0.012044362775999436, "interpretation": "significant (p = 0.012), large effect size (d=-1.05)"}, {"cityName": "Wuppertal", "timestamp": "2022-04", "value": 6.699699184132947e-05, "incidence": 844.7133333333335, "pValue": 0.1678578515836345, "interpretation": "not statistically significant (p = 0.168), medium effect size (d=-0.55)"}, {"cityName": "Neuss", "timestamp": "2022-04", "value": 0.00010460671910550445, "incidence": 983.5133333333334, "pValue": 0.14997776650231617, "interpretation": "not statistically significant (p = 0.150), medium effect size (d=-0.58)"}, {"cityName": "Moers", "timestamp": "2022-04", "value": 0.00011047428207738059, "incidence": 940.7533333333333, "pValue": 0.033483701899111186, "interpretation": "significant (p = 0.033), large effect size (d=-0.83)"}, {"cityName": "Bonn", "timestamp": "2022-04", "value": 7.22275210798464e-05, "incidence": 772.8966666666668, "pValue": 0.6292696522698233, "interpretation": "not statistically significant (p = 0.629), negligible effect size (d=-0.19)"}, {"cityName": "K\u00f6ln", "timestamp": "2022-04", "value": 8.335988321858976e-05, "incidence": 715.5766666666665, "pValue": 0.09954173702443192, "interpretation": "not statistically significant (p = 0.100), medium effect size (d=-0.60)"}, {"cityName": "Leverkusen", "timestamp": "2022-04", "value": 7.275950338225812e-05, "incidence": 809.2833333333333, "pValue": 0.05509324652527242, "interpretation": "not statistically significant (p = 0.055), medium effect size (d=-0.78)"}, {"cityName": "Aachen", "timestamp": "2022-04", "value": 8.320476024829108e-05, "incidence": 957.7233333333332, "pValue": 0.49409855836359595, "interpretation": "not statistically significant (p = 0.494), small effect size (d=-0.26)"}, {"cityName": "Bergisch Gladbach", "timestamp": "2022-04", "value": 5.642330922585513e-05, "incidence": 828.1866666666667, "pValue": 0.03926952106365291, "interpretation": "significant (p = 0.039), large effect size (d=-0.92)"}, {"cityName": "Bottrop", "timestamp": "2022-04", "value": 8.972319226492854e-05, "incidence": 845.9966666666668, "pValue": 0.0577312659947095, "interpretation": "not statistically significant (p = 0.058), medium effect size (d=-0.75)"}, {"cityName": "Gelsenkirchen", "timestamp": "2022-04", "value": 9.270074695129605e-05, "incidence": 755.3166666666665, "pValue": 0.25079367999689905, "interpretation": "not statistically significant (p = 0.251), small effect size (d=-0.46)"}, {"cityName": "M\u00fcnster", "timestamp": "2022-04", "value": 4.7025315692288836e-05, "incidence": 1586.1699999999996, "pValue": 0.017387404267802015, "interpretation": "significant (p = 0.017), large effect size (d=-0.96)"}, {"cityName": "Recklinghausen", "timestamp": "2022-04", "value": 7.461104542016983e-05, "incidence": 849.85, "pValue": 0.3512257574130091, "interpretation": "not statistically significant (p = 0.351), small effect size (d=-0.39)"}, {"cityName": "Bielefeld", "timestamp": "2022-04", "value": 4.944583148850749e-05, "incidence": 1288.3600000000001, "pValue": 0.10783368037120376, "interpretation": "not statistically significant (p = 0.108), medium effect size (d=-0.65)"}, {"cityName": "G\u00fctersloh", "timestamp": "2022-04", "value": 4.944579559378326e-05, "incidence": 1204.186666666667, "pValue": 0.034572659603974036, "interpretation": "significant (p = 0.035), large effect size (d=-0.85)"}, {"cityName": "Paderborn", "timestamp": "2022-04", "value": 4.194427521959428e-05, "incidence": 1139.3633333333332, "pValue": 0.0750148079440378, "interpretation": "not statistically significant (p = 0.075), medium effect size (d=-0.72)"}, {"cityName": "Bochum", "timestamp": "2022-04", "value": 8.375969870636861e-05, "incidence": 882.2633333333331, "pValue": 0.37962041470136687, "interpretation": "not statistically significant (p = 0.380), small effect size (d=-0.37)"}, {"cityName": "Dortmund", "timestamp": "2022-04", "value": 7.200767925264789e-05, "incidence": 965.6733333333333, "pValue": 0.5107693703312575, "interpretation": "not statistically significant (p = 0.511), small effect size (d=-0.28)"}, {"cityName": "Hagen", "timestamp": "2022-04", "value": 6.0950606611782105e-05, "incidence": 944.8733333333331, "pValue": 0.4311430470867712, "interpretation": "not statistically significant (p = 0.431), small effect size (d=-0.33)"}, {"cityName": "Hamm", "timestamp": "2022-04", "value": 5.238054187170097e-05, "incidence": 1005.0366666666666, "pValue": 0.1060749164304891, "interpretation": "not statistically significant (p = 0.106), medium effect size (d=-0.64)"}, {"cityName": "Herne", "timestamp": "2022-04", "value": 8.928949246183038e-05, "incidence": 850.9733333333334, "pValue": 0.5212792079910049, "interpretation": "not statistically significant (p = 0.521), small effect size (d=-0.28)"}, {"cityName": "Siegen", "timestamp": "2022-04", "value": 4.3350111809559166e-05, "incidence": 1252.7666666666667, "pValue": 0.38330878996579765, "interpretation": "not statistically significant (p = 0.383), small effect size (d=-0.38)"}, {"cityName": "Darmstadt", "timestamp": "2022-04", "value": 5.1789102144539356e-05, "incidence": 994.8866666666669, "pValue": 0.008823401476208335, "interpretation": "very significant (p < 0.01), large effect size (d=-1.15)"}, {"cityName": "Frankfurt am Main", "timestamp": "2022-04", "value": 6.267387123609132e-05, "incidence": 899.7199999999999, "pValue": 0.010244529029411411, "interpretation": "significant (p = 0.010), large effect size (d=-1.03)"}, {"cityName": "Offenbach am Main", "timestamp": "2022-04", "value": 5.5095672988417476e-05, "incidence": 780.5333333333333, "pValue": 0.038280708847314805, "interpretation": "significant (p = 0.038), large effect size (d=-0.90)"}, {"cityName": "Wiesbaden", "timestamp": "2022-04", "value": 6.531503620660967e-05, "incidence": 1013.6066666666666, "pValue": 0.13554461932174328, "interpretation": "not statistically significant (p = 0.136), medium effect size (d=-0.62)"}, {"cityName": "Hanau", "timestamp": "2022-04", "value": 4.713441012427211e-05, "incidence": 1045.56, "pValue": 0.07288656820476198, "interpretation": "not statistically significant (p = 0.073), medium effect size (d=-0.77)"}, {"cityName": "Kassel", "timestamp": "2022-04", "value": 4.303185010535849e-05, "incidence": 826.0333333333334, "pValue": 0.058842494071206675, "interpretation": "not statistically significant (p = 0.059), large effect size (d=-0.84)"}, {"cityName": "Koblenz", "timestamp": "2022-04", "value": 6.339726193497579e-05, "incidence": 1144.4033333333332, "pValue": 0.5541172366883351, "interpretation": "not statistically significant (p = 0.554), small effect size (d=0.24)"}, {"cityName": "Trier", "timestamp": "2022-04", "value": 4.980133380740881e-05, "incidence": 1156.9099999999999, "pValue": 0.3354618522145648, "interpretation": "not statistically significant (p = 0.335), small effect size (d=-0.39)"}, {"cityName": "Kaiserslautern", "timestamp": "2022-04", "value": 5.014478945388244e-05, "incidence": 1370.5266666666662, "pValue": 0.05452995295960628, "interpretation": "not statistically significant (p = 0.055), large effect size (d=-0.96)"}, {"cityName": "Ludwigshafen am Rhein", "timestamp": "2022-04", "value": 7.976766695113231e-05, "incidence": 808.3266666666667, "pValue": 0.04646304075188099, "interpretation": "significant (p = 0.046), large effect size (d=-1.02)"}, {"cityName": "Mainz", "timestamp": "2022-04", "value": 8.343335503013805e-05, "incidence": 1138.4766666666665, "pValue": 0.4082589317772757, "interpretation": "not statistically significant (p = 0.408), small effect size (d=-0.34)"}, {"cityName": "Stuttgart", "timestamp": "2022-04", "value": 4.9063635136311255e-05, "incidence": 1085.5733333333333, "pValue": 0.0009758967110295855, "interpretation": "highly significant (p < 0.001), large effect size (d=-1.61)"}, {"cityName": "Heilbronn", "timestamp": "2022-04", "value": 4.746267869551149e-05, "incidence": 933.4266666666668, "pValue": 0.0031435493211638805, "interpretation": "very significant (p < 0.01), large effect size (d=-1.46)"}, {"cityName": "Karlsruhe", "timestamp": "2022-04", "value": 6.512394951035579e-05, "incidence": 1043.5333333333333, "pValue": 0.12259412919459094, "interpretation": "not statistically significant (p = 0.123), medium effect size (d=-0.66)"}, {"cityName": "Heidelberg", "timestamp": "2022-04", "value": 4.9376066798638354e-05, "incidence": 1009.2099999999999, "pValue": 0.1350235406663827, "interpretation": "not statistically significant (p = 0.135), medium effect size (d=-0.71)"}, {"cityName": "Mannheim", "timestamp": "2022-04", "value": 6.06915820389986e-05, "incidence": 966.2333333333333, "pValue": 0.043427500306356004, "interpretation": "significant (p = 0.043), large effect size (d=-0.98)"}, {"cityName": "Pforzheim", "timestamp": "2022-04", "value": 4.897784027788374e-05, "incidence": 905.1533333333333, "pValue": 0.12426683346448233, "interpretation": "not statistically significant (p = 0.124), large effect size (d=-0.80)"}, {"cityName": "Freiburg im Breisgau", "timestamp": "2022-04", "value": 4.4307667175652806e-05, "incidence": 1095.3300000000002, "pValue": 6.422252208602512e-05, "interpretation": "highly significant (p < 0.001), large effect size (d=-2.03)"}, {"cityName": "Reutlingen", "timestamp": "2022-04", "value": 4.7314817493315786e-05, "incidence": 968.3866666666668, "pValue": 0.13642850058058303, "interpretation": "not statistically significant (p = 0.136), medium effect size (d=-0.68)"}, {"cityName": "Ulm", "timestamp": "2022-04", "value": 4.616854589824614e-05, "incidence": 909.9066666666669, "pValue": 0.011200315872954841, "interpretation": "significant (p = 0.011), large effect size (d=-1.32)"}, {"cityName": "Ingolstadt", "timestamp": "2022-04", "value": 5.023837729822844e-05, "incidence": 912.0433333333332, "pValue": 0.2307995099189771, "interpretation": "not statistically significant (p = 0.231), medium effect size (d=-0.50)"}, {"cityName": "M\u00fcnchen", "timestamp": "2022-04", "value": 5.5501703172922134e-05, "incidence": 1012.3, "pValue": 0.11400436357931255, "interpretation": "not statistically significant (p = 0.114), medium effect size (d=-0.66)"}, {"cityName": "Regensburg", "timestamp": "2022-04", "value": 4.352341250826915e-05, "incidence": 999.556666666667, "pValue": 0.45602252085643824, "interpretation": "not statistically significant (p = 0.456), small effect size (d=-0.42)"}, {"cityName": "Erlangen", "timestamp": "2022-04", "value": 4.3451769410499507e-05, "incidence": 1028.2966666666666, "pValue": 0.4563459867563604, "interpretation": "not statistically significant (p = 0.456), small effect size (d=-0.35)"}, {"cityName": "F\u00fcrth", "timestamp": "2022-04", "value": 4.5588237117044625e-05, "incidence": 1102.4599999999998, "pValue": 0.491079959409091, "interpretation": "not statistically significant (p = 0.491), small effect size (d=-0.32)"}, {"cityName": "N\u00fcrnberg", "timestamp": "2022-04", "value": 4.622226256425633e-05, "incidence": 1154.3833333333334, "pValue": 0.4370155508084965, "interpretation": "not statistically significant (p = 0.437), small effect size (d=-0.37)"}, {"cityName": "W\u00fcrzburg", "timestamp": "2022-04", "value": 4.181583790341392e-05, "incidence": 1262.6266666666666, "pValue": 0.16926844701121113, "interpretation": "not statistically significant (p = 0.169), medium effect size (d=-0.58)"}, {"cityName": "Augsburg", "timestamp": "2022-04", "value": 4.977096194544664e-05, "incidence": 1040.1733333333334, "pValue": 0.02279015793923627, "interpretation": "significant (p = 0.023), large effect size (d=-1.08)"}, {"cityName": "Saarbr\u00fccken", "timestamp": "2022-04", "value": 4.046196117997169e-05, "incidence": 1084.4566666666665, "pValue": 0.0017108423906460157, "interpretation": "very significant (p < 0.01), large effect size (d=-1.54)"}, {"cityName": "Berlin", "timestamp": "2022-04", "value": 4.052138523902835e-05, "incidence": 0.0, "pValue": 0.0029397765060812098, "interpretation": "very significant (p < 0.01), large effect size (d=-1.38)"}, {"cityName": "Cottbus", "timestamp": "2022-04", "value": 4.327834512178715e-05, "incidence": 1213.9833333333333, "pValue": 0.07812827843699509, "interpretation": "not statistically significant (p = 0.078), large effect size (d=-1.01)"}, {"cityName": "Potsdam", "timestamp": "2022-04", "value": 4.6554398175109836e-05, "incidence": 790.2133333333333, "pValue": 0.23800590361636564, "interpretation": "not statistically significant (p = 0.238), medium effect size (d=-0.53)"}, {"cityName": "Rostock", "timestamp": "2022-04", "value": 3.390140464585839e-05, "incidence": 1463.5466666666669, "pValue": 0.4524262986898959, "interpretation": "not statistically significant (p = 0.452), small effect size (d=-0.27)"}, {"cityName": "Chemnitz", "timestamp": "2022-04", "value": 4.1002737040199886e-05, "incidence": 925.4766666666668, "pValue": 0.02171283994015078, "interpretation": "significant (p = 0.022), large effect size (d=-1.15)"}, {"cityName": "Dresden", "timestamp": "2022-04", "value": 4.295680502598936e-05, "incidence": 1078.6599999999999, "pValue": 0.03886692026738048, "interpretation": "significant (p = 0.039), large effect size (d=-1.03)"}, {"cityName": "Leipzig", "timestamp": "2022-04", "value": 3.98159940160957e-05, "incidence": 1129.6899999999998, "pValue": 0.03814926589758308, "interpretation": "significant (p = 0.038), large effect size (d=-0.87)"}, {"cityName": "Halle (Saale)", "timestamp": "2022-04", "value": 4.504893634778758e-05, "incidence": 978.52, "pValue": 0.06875717367645015, "interpretation": "not statistically significant (p = 0.069), medium effect size (d=-0.76)"}, {"cityName": "Magdeburg", "timestamp": "2022-04", "value": 3.9614884084776826e-05, "incidence": 1056.67, "pValue": 0.01875694341094196, "interpretation": "significant (p = 0.019), large effect size (d=-0.98)"}, {"cityName": "Erfurt", "timestamp": "2022-04", "value": 3.989671228176102e-05, "incidence": 2330.6, "pValue": 0.019609351515850113, "interpretation": "significant (p = 0.020), large effect size (d=-1.01)"}, {"cityName": "Jena", "timestamp": "2022-04", "value": 3.751645433819956e-05, "incidence": 1150.22, "pValue": 0.04463119991132882, "interpretation": "significant (p = 0.045), large effect size (d=-0.94)"}]