date	cases	casesCumulative	casesSevenDays	incidenceSevenDays
2020-01-03	1	1	0	0
2020-01-04	1	0	0	0
2020-01-05	1	0	0	0
2020-01-06	1	0	0	0
2020-01-07	1	0	0	0
2020-01-08	1	0	0	0
2020-01-09	1	0	1	0
2020-01-10	1	0	0	0
2020-01-11	1	0	0	0
2020-01-12	1	0	0	0
2020-01-13	1	0	0	0
2020-01-14	1	0	0	0
2020-01-15	1	0	0	0
2020-01-16	1	0	0	0
2020-01-17	1	0	0	0
2020-01-18	1	0	0	0
2020-01-19	1	0	0	0
2020-01-20	1	0	0	0
2020-01-21	1	0	0	0
2020-01-22	1	0	0	0
2020-01-23	1	0	0	0
2020-01-24	2	1	1	0
2020-01-25	2	0	1	0
2020-01-26	2	0	1	0
2020-01-27	2	0	1	0
2020-01-28	2	0	1	0
2020-01-29	4	2	3	0
2020-01-30	6	2	5	0
2020-01-31	6	0	4	0
2020-02-01	10	4	8	0
2020-02-02	11	1	9	0
2020-02-03	11	0	9	0
2020-02-04	12	1	10	0
2020-02-05	16	4	12	0
2020-02-06	18	2	12	0
2020-02-07	19	1	13	0
2020-02-08	20	1	10	0
2020-02-09	20	0	9	0
2020-02-10	20	0	9	0
2020-02-11	21	1	9	0
2020-02-12	23	2	7	0
2020-02-13	24	1	6	0
2020-02-14	24	0	5	0
2020-02-15	24	0	4	0
2020-02-16	25	1	5	0
2020-02-17	25	0	5	0
2020-02-18	27	2	6	0
2020-02-19	28	1	5	0
2020-02-20	29	1	5	0
2020-02-21	31	2	7	0
2020-02-22	31	0	7	0
2020-02-23	31	0	6	0
2020-02-24	31	0	6	0
2020-02-25	32	1	5	0
2020-02-26	35	3	7	0
2020-02-27	43	8	14	0
2020-02-28	67	24	36	0
2020-02-29	112	45	81	0.1
2020-03-01	135	23	104	0.1
2020-03-02	170	35	139	0.2
2020-03-03	213	43	181	0.2
2020-03-04	298	85	263	0.3
2020-03-05	455	157	412	0.5
2020-03-06	641	186	574	0.7
2020-03-07	827	186	715	0.8
2020-03-08	969	142	834	1
2020-03-09	1075	106	905	1.1
2020-03-10	1423	348	1210	1.4
2020-03-11	2018	595	1720	2
2020-03-12	2776	758	2321	2.8
2020-03-13	3766	990	3125	3.7
2020-03-14	5234	1468	4407	5.2
2020-03-15	6535	1301	5566	6.6
2020-03-16	7513	978	6438	7.6
2020-03-17	9548	2035	8125	9.6
2020-03-18	12581	3033	10563	12.5
2020-03-19	16186	3605	13410	15.9
2020-03-20	20231	4045	16465	19.5
2020-03-21	24281	4050	19047	22.6
2020-03-22	27636	3355	21101	25
2020-03-23	29902	2266	22389	26.5
2020-03-24	33629	3727	24081	28.5
2020-03-25	38503	4874	25922	30.7
2020-03-26	44175	5672	27989	33.2
2020-03-27	50074	5899	29843	35.4
2020-03-28	56045	5971	31764	37.7
2020-03-29	60764	4719	33128	39.3
2020-03-30	63838	3074	33936	40.2
2020-03-31	67962	4124	34333	40.7
2020-04-01	74001	6039	35498	42.1
2020-04-02	80258	6257	36083	42.8
2020-04-03	86800	6542	36726	43.5
2020-04-04	92982	6182	36937	43.8
2020-04-05	97322	4340	36558	43.3
2020-04-06	99854	2532	36016	42.7
2020-04-07	103513	3659	35551	42.1
2020-04-08	108697	5184	34696	41.1
2020-04-09	113970	5273	33712	40
2020-04-10	118882	4912	32082	38
2020-04-11	122232	3350	29250	34.7
2020-04-12	125108	2876	27786	32.9
2020-04-13	126977	1869	27123	32.2
2020-04-14	128575	1598	25062	29.7
2020-04-15	131040	2465	22343	26.5
2020-04-16	134364	3324	20394	24.2
2020-04-17	137777	3413	18895	22.4
2020-04-18	140823	3046	18591	22
2020-04-19	142930	2107	17822	21.1
2020-04-20	144304	1374	17327	20.5
2020-04-21	146016	1712	17441	20.7
2020-04-22	148200	2184	17160	20.3
2020-04-23	150689	2489	16325	19.4
2020-04-24	152779	2090	15002	17.8
2020-04-25	154681	1902	13858	16.4
2020-04-26	155952	1271	13022	15.4
2020-04-27	156650	698	12346	14.6
2020-04-28	157764	1114	11748	13.9
2020-04-29	159237	1473	11037	13.1
2020-04-30	160665	1428	9976	11.8
2020-05-01	162129	1464	9350	11.1
2020-05-02	163048	919	8367	9.9
2020-05-03	163670	622	7718	9.1
2020-05-04	164093	423	7443	8.8
2020-05-05	164820	727	7056	8.4
2020-05-06	165914	1094	6677	7.9
2020-05-07	167133	1219	6468	7.7
2020-05-08	168336	1203	6207	7.4
2020-05-09	169316	980	6268	7.4
2020-05-10	169993	677	6323	7.5
2020-05-11	170334	341	6241	7.4
2020-05-12	171023	689	6203	7.4
2020-05-13	171876	853	5962	7.1
2020-05-14	172790	914	5657	6.7
2020-05-15	173602	812	5266	6.2
2020-05-16	174336	734	5020	6
2020-05-17	174798	462	4805	5.7
2020-05-18	175115	317	4781	5.7
2020-05-19	175655	540	4632	5.5
2020-05-20	176385	730	4509	5.3
2020-05-21	177217	832	4427	5.2
2020-05-22	177635	418	4033	4.8
2020-05-23	178161	526	3825	4.5
2020-05-24	178498	337	3700	4.4
2020-05-25	178717	219	3602	4.3
2020-05-26	179128	411	3473	4.1
2020-05-27	179745	617	3360	4
2020-05-28	180398	653	3181	3.8
2020-05-29	180927	529	3292	3.9
2020-05-30	181373	446	3212	3.8
2020-05-31	181747	374	3249	3.9
2020-06-01	181925	178	3208	3.8
2020-06-02	182060	135	2932	3.5
2020-06-03	182367	307	2622	3.1
2020-06-04	182864	497	2466	2.9
2020-06-05	183394	530	2467	2.9
2020-06-06	183827	433	2454	2.9
2020-06-07	184112	285	2365	2.8
2020-06-08	184276	164	2351	2.8
2020-06-09	184571	295	2511	3
2020-06-10	184997	426	2630	3.1
2020-06-11	185515	518	2651	3.1
2020-06-12	185798	283	2404	2.8
2020-06-13	186151	353	2324	2.8
2020-06-14	186452	301	2340	2.8
2020-06-15	186624	172	2348	2.8
2020-06-16	186883	259	2312	2.7
2020-06-17	187401	518	2404	2.8
2020-06-18	188268	867	2753	3.3
2020-06-19	189033	765	3235	3.8
2020-06-20	190023	990	3872	4.6
2020-06-21	190594	571	4142	4.9
2020-06-22	190817	223	4193	5
2020-06-23	191264	447	4381	5.2
2020-06-24	191804	540	4403	5.2
2020-06-25	192314	510	4046	4.8
2020-06-26	192884	570	3851	4.6
2020-06-27	193457	573	3434	4.1
2020-06-28	193783	326	3189	3.8
2020-06-29	193984	201	3167	3.8
2020-06-30	194399	415	3135	3.7
2020-07-01	194857	458	3053	3.6
2020-07-02	195338	481	3024	3.6
2020-07-03	195809	471	2925	3.5
2020-07-04	196236	427	2779	3.3
2020-07-05	196530	294	2747	3.3
2020-07-06	196675	145	2691	3.2
2020-07-07	196998	323	2599	3.1
2020-07-08	197395	397	2538	3
2020-07-09	197846	451	2508	3
2020-07-10	198268	422	2459	2.9
2020-07-11	198695	427	2459	2.9
2020-07-12	198972	277	2442	2.9
2020-07-13	199104	132	2429	2.9
2020-07-14	199432	328	2434	2.9
2020-07-15	199902	470	2507	3
2020-07-16	200444	542	2598	3.1
2020-07-17	201003	559	2735	3.2
2020-07-18	201526	523	2831	3.4
2020-07-19	201965	439	2993	3.5
2020-07-20	202144	179	3040	3.6
2020-07-21	202595	451	3163	3.7
2020-07-22	203121	526	3219	3.8
2020-07-23	203823	702	3379	4
2020-07-24	204514	691	3511	4.2
2020-07-25	205319	805	3793	4.5
2020-07-26	205863	544	3898	4.6
2020-07-27	206075	212	3931	4.7
2020-07-28	206602	527	4007	4.7
2020-07-29	207357	755	4236	5
2020-07-30	208271	914	4448	5.3
2020-07-31	209136	865	4622	5.5
2020-08-01	210049	913	4730	5.6
2020-08-02	210612	563	4749	5.6
2020-08-03	210914	302	4839	5.7
2020-08-04	211711	797	5109	6.1
2020-08-05	212662	951	5305	6.3
2020-08-06	213773	1111	5502	6.5
2020-08-07	214943	1170	5807	6.9
2020-08-08	215948	1005	5899	7
2020-08-09	216658	710	6046	7.2
2020-08-10	216975	317	6061	7.2
2020-08-11	218079	1104	6368	7.5
2020-08-12	219270	1191	6608	7.8
2020-08-13	220815	1545	7042	8.3
2020-08-14	222319	1504	7376	8.7
2020-08-15	223693	1374	7745	9.2
2020-08-16	224452	759	7794	9.2
2020-08-17	224944	492	7969	9.4
2020-08-18	226483	1539	8404	10
2020-08-19	228011	1528	8741	10.4
2020-08-20	229763	1752	8948	10.6
2020-08-21	231383	1620	9064	10.7
2020-08-22	233040	1657	9347	11.1
2020-08-23	233959	919	9507	11.3
2020-08-24	234523	564	9579	11.4
2020-08-25	235951	1428	9468	11.2
2020-08-26	237439	1488	9428	11.2
2020-08-27	239060	1621	9297	11
2020-08-28	240606	1546	9223	10.9
2020-08-29	241998	1392	8958	10.6
2020-08-30	242831	833	8872	10.5
2020-08-31	243365	534	8842	10.5
2020-09-01	244542	1177	8591	10.2
2020-09-02	245864	1322	8425	10
2020-09-03	247276	1412	8216	9.7
2020-09-04	248791	1515	8185	9.7
2020-09-05	250289	1498	8291	9.8
2020-09-06	251395	1106	8564	10.2
2020-09-07	251974	579	8609	10.2
2020-09-08	253387	1413	8845	10.5
2020-09-09	254768	1381	8904	10.6
2020-09-10	256513	1745	9237	10.9
2020-09-11	258102	1589	9311	11
2020-09-12	259769	1667	9480	11.2
2020-09-13	260997	1228	9602	11.4
2020-09-14	261759	762	9785	11.6
2020-09-15	263248	1489	9861	11.7
2020-09-16	265247	1999	10479	12.4
2020-09-17	267426	2179	10913	12.9
2020-09-18	269786	2360	11684	13.9
2020-09-19	271953	2167	12184	14.4
2020-09-20	273345	1392	12348	14.6
2020-09-21	274034	689	12275	14.6
2020-09-22	275685	1651	12437	14.7
2020-09-23	277495	1810	12248	14.5
2020-09-24	279709	2214	12283	14.6
2020-09-25	282098	2389	12312	14.6
2020-09-26	284431	2333	12478	14.8
2020-09-27	286215	1784	12870	15.3
2020-09-28	287089	874	13055	15.5
2020-09-29	288922	1833	13237	15.7
2020-09-30	291084	2162	13589	16.1
2020-10-01	293823	2739	14114	16.7
2020-10-02	296752	2929	14654	17.4
2020-10-03	299681	2929	15250	18.1
2020-10-04	301877	2196	15662	18.6
2020-10-05	303033	1156	15944	18.9
2020-10-06	305448	2415	16526	19.6
2020-10-07	309034	3586	17950	21.3
2020-10-08	313534	4500	19711	23.4
2020-10-09	318207	4673	21455	25.4
2020-10-10	323276	5069	23595	28
2020-10-11	326902	3626	25025	29.7
2020-10-12	329177	2275	26144	31
2020-10-13	333369	4192	27921	33.1
2020-10-14	338734	5365	29700	35.2
2020-10-15	345981	7247	32447	38.5
2020-10-16	353883	7902	35676	42.3
2020-10-17	361860	7977	38584	45.7
2020-10-18	367527	5667	40625	48.2
2020-10-19	371202	3675	42025	49.8
2020-10-20	377655	6453	44286	52.5
2020-10-21	387091	9436	48357	57.3
2020-10-22	399491	12400	53510	63.4
2020-10-23	413399	13908	59516	70.6
2020-10-24	427448	14049	65588	77.7
2020-10-25	438535	11087	71008	84.2
2020-10-26	445990	7455	74788	88.7
2020-10-27	458020	12030	80365	95.3
2020-10-28	473968	15948	86877	103
2020-10-29	493216	19248	93725	111.1
2020-10-30	513058	19842	99659	118.1
2020-10-31	532465	19407	105017	124.5
2020-11-01	546455	13990	107920	127.9
2020-11-02	556989	10534	110999	131.6
2020-11-03	572231	15242	114211	135.4
2020-11-04	591572	19341	117604	139.4
2020-11-05	612777	21205	119561	141.7
2020-11-06	635061	22284	122003	144.6
2020-11-07	656627	21566	124162	147.2
2020-11-08	672548	15921	126093	149.5
2020-11-09	682674	10126	125685	149
2020-11-10	698670	15996	126439	149.9
2020-11-11	718290	19620	126718	150.2
2020-11-12	740997	22707	128220	152
2020-11-13	764563	23566	129502	153.5
2020-11-14	785886	21323	129259	153.2
2020-11-15	801694	15808	129146	153.1
2020-11-16	810542	8848	127868	151.6
2020-11-17	825241	14699	126571	150
2020-11-18	845622	20381	127332	150.9
2020-11-19	869297	23675	128300	152.1
2020-11-20	893054	23757	128491	152.3
2020-11-21	915373	22319	129487	153.5
2020-11-22	930136	14763	128442	152.3
2020-11-23	938945	8809	128403	152.2
2020-11-24	954013	15068	128772	152.6
2020-11-25	973425	19412	127803	151.5
2020-11-26	995450	22025	126153	149.5
2020-11-27	1018192	22742	125138	148.3
2020-11-28	1038351	20159	122978	145.8
2020-11-29	1053295	14944	123159	146
2020-11-30	1062076	8781	123131	146
2020-12-01	1075371	13295	121358	143.9
2020-12-02	1094643	19272	121218	143.7
2020-12-03	1117839	23196	122389	145.1
2020-12-04	1142288	24449	124096	147.1
2020-12-05	1164446	22158	126095	149.5
2020-12-06	1180166	15720	126871	150.4
2020-12-07	1190387	10221	128311	152.1
2020-12-08	1206795	16408	131424	155.8
2020-12-09	1229617	22822	134974	160
2020-12-10	1257232	27615	139393	165.2
2020-12-11	1286254	29022	143966	170.7
2020-12-12	1313509	27255	149063	176.7
2020-12-13	1334133	20624	153967	182.5
2020-12-14	1346632	12499	156245	185.2
2020-12-15	1365641	19009	158846	188.3
2020-12-16	1392543	26902	162926	193.1
2020-12-17	1423908	31365	166676	197.6
2020-12-18	1455870	31962	169616	201.1
2020-12-19	1485558	29688	172049	203.9
2020-12-20	1507284	21726	173151	205.3
2020-12-21	1521196	13912	174564	206.9
2020-12-22	1541465	20269	175824	208.4
2020-12-23	1570403	28938	177860	210.8
2020-12-24	1604339	33936	180431	213.9
2020-12-25	1625458	21119	169588	201
2020-12-26	1638605	13147	153047	181.4
2020-12-27	1650154	11549	142870	169.4
2020-12-28	1659961	9807	138765	164.5
2020-12-29	1675660	15699	134195	159.1
2020-12-30	1703209	27549	132806	157.4
2020-12-31	1734266	31057	129927	154
2021-01-01	1753823	19557	128365	152.2
2021-01-02	1764067	10244	125462	148.7
2021-01-03	1774068	10001	123914	146.9
2021-01-04	1782892	8824	122931	145.7
2021-01-05	1797248	14356	121588	144.1
2021-01-06	1824673	27425	121464	144
2021-01-07	1852610	27937	118344	140.3
2021-01-08	1878695	26085	124872	148
2021-01-09	1903229	24534	139162	165
2021-01-10	1919895	16666	145827	172.9
2021-01-11	1928366	8471	145474	172.4
2021-01-12	1941859	13493	144611	171.4
2021-01-13	1964450	22591	139777	165.7
2021-01-14	1988557	24107	135947	161.2
2021-01-15	2008952	20395	130257	154.4
2021-01-16	2027274	18322	124045	147
2021-01-17	2040702	13428	120807	143.2
2021-01-18	2047295	6593	118929	141
2021-01-19	2056463	9168	114604	135.9
2021-01-20	2074928	18465	110478	131
2021-01-21	2094400	19472	105843	125.5
2021-01-22	2111223	16823	102271	121.2
2021-01-23	2126256	15033	98982	117.3
2021-01-24	2137831	11575	97129	115.1
2021-01-25	2142845	5014	95550	113.3
2021-01-26	2149594	6749	93131	110.4
2021-01-27	2165111	15517	90183	106.9
2021-01-28	2180927	15816	86527	102.6
2021-01-29	2194287	13360	83064	98.5
2021-01-30	2206853	12566	80597	95.5
2021-01-31	2216803	9950	78972	93.6
2021-02-01	2221011	4208	78166	92.7
2021-02-02	2226874	5863	77280	91.6
2021-02-03	2239173	12299	74062	87.8
2021-02-04	2252591	13418	71664	85
2021-02-05	2264114	11523	69827	82.8
2021-02-06	2274133	10019	67280	79.8
2021-02-07	2282517	8384	65714	77.9
2021-02-08	2285610	3093	64599	76.6
2021-02-09	2289809	4199	62935	74.6
2021-02-10	2298900	9091	59727	70.8
2021-02-11	2309181	10281	56590	67.1
2021-02-12	2318550	9369	54436	64.5
2021-02-13	2327086	8536	52953	62.8
2021-02-14	2332673	5587	50156	59.5
2021-02-15	2336433	3760	50823	60.2
2021-02-16	2340822	4389	51013	60.5
2021-02-17	2350053	9231	51153	60.6
2021-02-18	2360046	9993	50865	60.3
2021-02-19	2369256	9210	50706	60.1
2021-02-20	2377970	8714	50884	60.3
2021-02-21	2385739	7769	53066	62.9
2021-02-22	2388761	3022	52328	62
2021-02-23	2393167	4406	52345	62.1
2021-02-24	2403333	10166	53280	63.2
2021-02-25	2414639	11306	54593	64.7
2021-02-26	2424538	9899	55282	65.5
2021-02-27	2434006	9468	56036	66.4
2021-02-28	2441666	7660	55927	66.3
2021-03-01	2445118	3452	56357	66.8
2021-03-02	2449807	4689	56640	67.1
2021-03-03	2460776	10969	57443	68.1
2021-03-04	2472089	11313	57450	68.1
2021-03-05	2482226	10137	57688	68.4
2021-03-06	2491880	9654	57874	68.6
2021-03-07	2500178	8298	58512	69.4
2021-03-08	2503540	3362	58422	69.3
2021-03-09	2508390	4850	58583	69.4
2021-03-10	2519906	11516	59130	70.1
2021-03-11	2533908	14002	61819	73.3
2021-03-12	2547070	13162	64844	76.9
2021-03-13	2559626	12556	67746	80.3
2021-03-14	2570094	10468	69916	82.9
2021-03-15	2574929	4835	71389	84.6
2021-03-16	2581781	6852	73391	87
2021-03-17	2597569	15788	77663	92.1
2021-03-18	2615928	18359	82020	97.2
2021-03-19	2632662	16734	85592	101.5
2021-03-20	2648364	15702	88738	105.2
2021-03-21	2661582	13218	91488	108.5
2021-03-22	2667537	5955	92608	109.8
2021-03-23	2676439	8902	94658	112.2
2021-03-24	2695888	19449	98319	116.5
2021-03-25	2718527	22639	102599	121.6
2021-03-26	2740438	21911	107776	127.8
2021-03-27	2760478	20040	112114	132.9
2021-03-28	2776261	15783	114679	135.9
2021-03-29	2783843	7582	116306	137.9
2021-03-30	2794847	11004	118408	140.4
2021-03-31	2815235	20388	119347	141.5
2021-04-01	2839218	23983	120691	143.1
2021-04-02	2860630	21412	120192	142.5
2021-04-03	2876108	15478	115630	137.1
2021-04-04	2886707	10599	110446	130.9
2021-04-05	2893849	7142	110006	130.4
2021-04-06	2900868	7019	106021	125.7
2021-04-07	2912365	11497	97130	115.1
2021-04-08	2936089	23724	96871	114.8
2021-04-09	2961841	25752	101211	120
2021-04-10	2985131	23290	109023	129.2
2021-04-11	3003184	18053	116477	138.1
2021-04-12	3012034	8850	118185	140.1
2021-04-13	3024150	12116	123282	146.1
2021-04-14	3050874	26724	138509	164.2
2021-04-15	3079424	28550	143335	169.9
2021-04-16	3104485	25061	142644	169.1
2021-04-17	3127562	23077	142431	168.8
2021-04-18	3145247	17685	142063	168.4
2021-04-19	3154048	8801	142014	168.3
2021-04-20	3166346	12298	142196	168.6
2021-04-21	3194312	27966	143438	170
2021-04-22	3223684	29372	144260	171
2021-04-23	3249113	25429	144628	171.4
2021-04-24	3272074	22961	144512	171.3
2021-04-25	3290067	17993	144820	171.7
2021-04-26	3298730	8663	144682	171.5
2021-04-27	3310914	12184	144568	171.4
2021-04-28	3336165	25251	141853	168.2
2021-04-29	3361165	25000	137481	163
2021-04-30	3382563	21398	133450	158.2
2021-05-01	3401719	19156	129645	153.7
2021-05-02	3416762	15043	126695	150.2
2021-05-03	3423409	6647	124679	147.8
2021-05-04	3432518	9109	121604	144.2
2021-05-05	3453485	20967	117320	139.1
2021-05-06	3474326	20841	113161	134.1
2021-05-07	3491473	17147	108910	129.1
2021-05-08	3506937	15464	105218	124.7
2021-05-09	3518946	12009	102184	121.1
2021-05-10	3524263	5317	100854	119.6
2021-05-11	3531649	7386	99131	117.5
2021-05-12	3548391	16742	94906	112.5
2021-05-13	3564851	16460	90525	107.3
2021-05-14	3574513	9662	83040	98.4
2021-05-15	3582144	7631	75207	89.2
2021-05-16	3590738	8594	71792	85.1
2021-05-17	3595009	4271	70746	83.9
2021-05-18	3600253	5244	68604	81.3
2021-05-19	3612564	12311	64173	76.1
2021-05-20	3623862	11298	59011	70
2021-05-21	3632284	8422	57771	68.5
2021-05-22	3639860	7576	57716	68.4
2021-05-23	3645679	5819	54941	65.1
2021-05-24	3647681	2002	52672	62.4
2021-05-25	3649480	1799	49227	58.4
2021-05-26	3653147	3667	40583	48.1
2021-05-27	3660292	7145	36430	43.2
2021-05-28	3667082	6790	34798	41.2
2021-05-29	3672256	5174	32396	38.4
2021-05-30	3675947	3691	30268	35.9
2021-05-31	3677554	1607	29873	35.4
2021-06-01	3679992	2438	30512	36.2
2021-06-02	3685096	5104	31949	37.9
2021-06-03	3689581	4485	29289	34.7
2021-06-04	3692514	2933	25432	30.1
2021-06-05	3694787	2273	22531	26.7
2021-06-06	3697096	2309	21149	25.1
2021-06-07	3698232	1136	20678	24.5
2021-06-08	3699947	1715	19955	23.7
2021-06-09	3703483	3536	18387	21.8
2021-06-10	3706346	2863	16765	19.9
2021-06-11	3708625	2279	16111	19.1
2021-06-12	3710466	1841	15679	18.6
2021-06-13	3711776	1310	14680	17.4
2021-06-14	3712292	516	14060	16.7
2021-06-15	3713224	932	13277	15.7
2021-06-16	3714927	1703	11444	13.6
2021-06-17	3716368	1441	10022	11.9
2021-06-18	3717530	1162	8905	10.6
2021-06-19	3718564	1034	8098	9.6
2021-06-20	3719301	737	7525	8.9
2021-06-21	3719577	276	7285	8.6
2021-06-22	3720186	609	6962	8.3
2021-06-23	3721255	1069	6328	7.5
2021-06-24	3722159	904	5791	6.9
2021-06-25	3722988	829	5458	6.5
2021-06-26	3723729	741	5165	6.1
2021-06-27	3724213	484	4912	5.8
2021-06-28	3724436	223	4859	5.8
2021-06-29	3724958	522	4772	5.7
2021-06-30	3725858	900	4603	5.5
2021-07-01	3726725	867	4566	5.4
2021-07-02	3727436	711	4448	5.3
2021-07-03	3728106	670	4377	5.2
2021-07-04	3728615	509	4402	5.2
2021-07-05	3728822	207	4386	5.2
2021-07-06	3729378	556	4420	5.2
2021-07-07	3730443	1065	4585	5.4
2021-07-08	3731406	963	4681	5.5
2021-07-09	3732364	958	4928	5.8
2021-07-10	3733314	950	5208	6.2
2021-07-11	3734107	793	5492	6.5
2021-07-12	3734418	311	5596	6.6
2021-07-13	3735219	801	5841	6.9
2021-07-14	3736984	1765	6541	7.8
2021-07-15	3738610	1626	7204	8.5
2021-07-16	3740131	1521	7767	9.2
2021-07-17	3741751	1620	8437	10
2021-07-18	3743032	1281	8925	10.6
2021-07-19	3743530	498	9112	10.8
2021-07-20	3744963	1433	9744	11.6
2021-07-21	3747302	2339	10318	12.2
2021-07-22	3749599	2297	10989	13
2021-07-23	3751825	2226	11694	13.9
2021-07-24	3753945	2120	12194	14.5
2021-07-25	3755539	1594	12507	14.8
2021-07-26	3756176	637	12646	15
2021-07-27	3757841	1665	12878	15.3
2021-07-28	3760940	3099	13638	16.2
2021-07-29	3763786	2846	14187	16.8
2021-07-30	3766422	2636	14597	17.3
2021-07-31	3768950	2528	15005	17.8
2021-08-01	3770913	1963	15374	18.2
2021-08-02	3771696	783	15520	18.4
2021-08-03	3773817	2121	15976	18.9
2021-08-04	3777573	3756	16633	19.7
2021-08-05	3781114	3541	17328	20.5
2021-08-06	3784645	3531	18223	21.6
2021-08-07	3788188	3543	19238	22.8
2021-08-08	3790980	2792	20067	23.8
2021-08-09	3792121	1141	20425	24.2
2021-08-10	3795044	2923	21227	25.2
2021-08-11	3800611	5567	23038	27.3
2021-08-12	3806255	5644	25141	29.8
2021-08-13	3811707	5452	27062	32.1
2021-08-14	3817494	5787	29306	34.7
2021-08-15	3822131	4637	31151	36.9
2021-08-16	3824197	2066	32076	38
2021-08-17	3828722	4525	33678	39.9
2021-08-18	3837644	8922	37033	43.9
2021-08-19	3846400	8756	40145	47.6
2021-08-20	3855087	8687	43380	51.4
2021-08-21	3863930	8843	46436	55
2021-08-22	3870754	6824	48623	57.6
2021-08-23	3873849	3095	49652	58.9
2021-08-24	3880421	6572	51699	61.3
2021-08-25	3893322	12901	55678	66
2021-08-26	3906043	12721	59643	70.7
2021-08-27	3917670	11627	62583	74.2
2021-08-28	3928072	10402	64142	76
2021-08-29	3936478	8406	65724	77.9
2021-08-30	3940215	3737	66366	78.7
2021-08-31	3947306	7091	66885	79.3
2021-09-01	3961884	14578	68562	81.3
2021-09-02	3976628	14744	70585	83.7
2021-09-03	3989349	12721	71679	85
2021-09-04	4001424	12075	73352	87
2021-09-05	4010903	9479	74425	88.2
2021-09-06	4014949	4046	74734	88.6
2021-09-07	4021965	7016	74659	88.5
2021-09-08	4037085	15120	75201	89.1
2021-09-09	4051242	14157	74614	88.4
2021-09-10	4063636	12394	74287	88.1
2021-09-11	4074774	11138	73350	86.9
2021-09-12	4083327	8553	72424	85.9
2021-09-13	4086608	3281	71659	84.9
2021-09-14	4093485	6877	71520	84.8
2021-09-15	4106875	13390	69790	82.7
2021-09-16	4119101	12226	67859	80.4
2021-09-17	4129375	10274	65739	77.9
2021-09-18	4138258	8883	63484	75.3
2021-09-19	4145295	7037	61968	73.5
2021-09-20	4148074	2779	61466	72.9
2021-09-21	4153486	5412	60001	71.1
2021-09-22	4164745	11259	57870	68.6
2021-09-23	4175201	10456	56100	66.5
2021-09-24	4184286	9085	54911	65.1
2021-09-25	4192698	8412	54440	64.5
2021-09-26	4199048	6350	53753	63.7
2021-09-27	4201697	2649	53623	63.6
2021-09-28	4207464	5767	53978	64
2021-09-29	4220114	12650	55369	65.6
2021-09-30	4231495	11381	56294	66.7
2021-10-01	4240995	9500	56709	67.2
2021-10-02	4249387	8392	56689	67.2
2021-10-03	4255537	6150	56489	67
2021-10-04	4258184	2647	56487	67
2021-10-05	4263854	5670	56390	66.8
2021-10-06	4276076	12222	55962	66.3
2021-10-07	4287189	11113	55694	66
2021-10-08	4297330	10141	56335	66.8
2021-10-09	4306548	9218	57161	67.8
2021-10-10	4313569	7021	58032	68.8
2021-10-11	4316207	2638	58023	68.8
2021-10-12	4322470	6263	58616	69.5
2021-10-13	4335114	12644	59038	70
2021-10-14	4347174	12060	59985	71.1
2021-10-15	4358511	11337	61181	72.5
2021-10-16	4369665	11154	63117	74.8
2021-10-17	4378155	8490	64586	76.6
2021-10-18	4381568	3413	65361	77.5
2021-10-19	4389711	8143	67241	79.7
2021-10-20	4408871	19160	73757	87.4
2021-10-21	4426855	17984	79681	94.5
2021-10-22	4444159	17304	85648	101.5
2021-10-23	4460833	16674	91168	108.1
2021-10-24	4474120	13287	95965	113.8
2021-10-25	4479299	5179	97731	115.9
2021-10-26	4491168	11869	101457	120.3
2021-10-27	4517566	26398	108695	128.8
2021-10-28	4544873	27307	118018	139.9
2021-10-29	4569219	24346	125060	148.2
2021-10-30	4591786	22567	130953	155.2
2021-10-31	4608864	17078	134744	159.7
2021-11-01	4616316	7452	137017	162.4
2021-11-02	4627797	11481	136629	162
2021-11-03	4652202	24405	134636	159.6
2021-11-04	4688349	36147	143476	170.1
2021-11-05	4724819	36470	155600	184.5
2021-11-06	4758560	33741	166774	197.7
2021-11-07	4782330	23770	173466	205.6
2021-11-08	4794189	11859	177873	210.9
2021-11-09	4818482	24293	190685	226
2021-11-10	4865686	47204	213484	253.1
2021-11-11	4916532	50846	228183	270.5
2021-11-12	4966269	49737	241450	286.2
2021-11-13	5012355	46086	253795	300.9
2021-11-14	5046329	33974	263999	312.9
2021-11-15	5065365	19036	271176	321.5
2021-11-16	5099950	34585	281468	333.7
2021-11-17	5162953	63003	297267	352.4
2021-11-18	5226142	63189	309610	367
2021-11-19	5287369	61227	321100	380.6
2021-11-20	5349917	62548	337562	400.2
2021-11-21	5392244	42327	345915	410.1
2021-11-22	5417023	24779	351658	416.9
2021-11-23	5463685	46662	363735	431.2
2021-11-24	5538231	74546	375278	444.9
2021-11-25	5613953	75722	387811	459.7
2021-11-26	5685813	71860	398444	472.3
2021-11-27	5749896	64083	399979	474.1
2021-11-28	5794821	44925	402577	477.2
2021-11-29	5820360	25539	403337	478.1
2021-11-30	5864704	44344	401019	475.4
2021-12-01	5938317	73613	400086	474.3
2021-12-02	6012338	74021	398385	472.3
2021-12-03	6080335	67997	394522	467.7
2021-12-04	6142860	62525	392964	465.8
2021-12-05	6185342	42482	390521	462.9
2021-12-06	6208407	23065	388047	460
2021-12-07	6250915	42508	386211	457.8
2021-12-08	6320254	69339	381937	452.8
2021-12-09	6387457	67203	375119	444.7
2021-12-10	6445125	57668	364790	432.4
2021-12-11	6496254	51129	353394	418.9
2021-12-12	6530873	34619	345531	409.6
2021-12-13	6546404	15531	337997	400.7
2021-12-14	6577993	31589	327078	387.7
2021-12-15	6638202	60209	317948	376.9
2021-12-16	6690626	52424	303169	359.4
2021-12-17	6737883	47257	292758	347
2021-12-18	6779149	41266	282895	335.3
2021-12-19	6807670	28521	276797	328.1
2021-12-20	6819897	12227	273493	324.2
2021-12-21	6846857	26960	268864	318.7
2021-12-22	6895107	48250	256905	304.5
2021-12-23	6936021	40914	245395	290.9
2021-12-24	6970998	34977	233115	276.3
2021-12-25	6992892	21894	213743	253.4
2021-12-26	7003315	10423	195645	231.9
2021-12-27	7013722	10407	193825	229.8
2021-12-28	7038202	24480	191345	226.8
2021-12-29	7081545	43343	186438	221
2021-12-30	7123196	41651	187175	221.9
2021-12-31	7164657	41461	193659	229.6
2022-01-01	7193619	28962	200727	237.9
2022-01-02	7207845	14226	204530	242.5
2022-01-03	7222422	14577	208700	247.4
2022-01-04	7258372	35950	220170	261
2022-01-05	7322896	64524	241351	286.1
2022-01-06	7387383	64487	264187	313.2
2022-01-07	7443668	56285	279011	330.7
2022-01-08	7499549	55881	305930	362.7
2022-01-09	7536593	37044	328748	389.7
2022-01-10	7560337	23744	337915	400.6
2022-01-11	7614057	53720	355685	421.6
2022-01-12	7700171	86114	377275	447.2
2022-01-13	7788587	88416	401204	475.6
2022-01-14	7872660	84073	428992	508.5
2022-01-15	7953409	80749	453860	538
2022-01-16	8010759	57350	474166	562.1
2022-01-17	8046366	35607	486029	576.1
2022-01-18	8129082	82716	515025	610.5
2022-01-19	8255832	126750	555661	658.7
2022-01-20	8396011	140179	607424	720
2022-01-21	8540620	144609	667960	791.8
2022-01-22	8684786	144166	731377	867
2022-01-23	8781126	96340	770367	913.2
2022-01-24	8843106	61980	796740	944.5
2022-01-25	8982496	139390	853414	1011.6
2022-01-26	9176007	193511	920175	1090.8
2022-01-27	9370918	194911	974907	1155.7
2022-01-28	9570248	199330	1029628	1220.5
2022-01-29	9758305	188057	1073519	1272.6
2022-01-30	9883254	124949	1102128	1306.5
2022-01-31	9958140	74886	1115034	1321.8
2022-02-01	10117564	159424	1135068	1345.5
2022-02-02	10348508	230944	1172501	1389.9
2022-02-03	10588037	239529	1217119	1442.8
2022-02-04	10825149	237112	1254901	1487.6
2022-02-05	11034962	209813	1276657	1513.4
2022-02-06	11168299	133337	1285045	1523.3
2022-02-07	11251212	82913	1293072	1532.8
2022-02-08	11429573	178361	1312009	1555.3
2022-02-09	11680617	251044	1332109	1579.1
2022-02-10	11928097	247480	1340060	1588.5
2022-02-11	12158215	230118	1333066	1580.2
2022-02-12	12364870	206655	1329908	1576.5
2022-02-13	12487406	122536	1319107	1563.7
2022-02-14	12561687	74281	1310475	1553.5
2022-02-15	12720538	158851	1290965	1530.3
2022-02-16	12949516	228978	1268899	1504.2
2022-02-17	13179709	230193	1251612	1483.7
2022-02-18	13393016	213307	1234801	1463.7
2022-02-19	13572023	179007	1207153	1431
2022-02-20	13691926	119903	1204520	1427.9
2022-02-21	13756193	64267	1194506	1416
2022-02-22	13895923	139730	1175385	1393.3
2022-02-23	14114724	218801	1165208	1381.3
2022-02-24	14323032	208308	1143323	1355.3
2022-02-25	14513074	190042	1120058	1327.7
2022-02-26	14684905	171831	1112882	1319.2
2022-02-27	14793743	108838	1101817	1306.1
2022-02-28	14849297	55554	1093104	1295.8
2022-03-01	14978000	128703	1082077	1282.7
2022-03-02	15171928	193928	1057204	1253.2
2022-03-03	15377472	205544	1054440	1249.9
2022-03-04	15590250	212778	1077176	1276.9
2022-03-05	15780408	190158	1095503	1298.6
2022-03-06	15902908	122500	1109165	1314.8
2022-03-07	15982812	79904	1133515	1343.7
2022-03-08	16148791	165979	1170791	1387.9
2022-03-09	16396713	247922	1224785	1451.9
2022-03-10	16658371	261658	1280899	1518.4
2022-03-11	16912854	254483	1322604	1567.8
2022-03-12	17151636	238782	1371228	1625.5
2022-03-13	17307678	156042	1404770	1665.2
2022-03-14	17396762	89084	1413950	1676.1
2022-03-15	17604757	207995	1455966	1725.9
2022-03-16	17889924	285167	1493211	1770.1
2022-03-17	18197299	307375	1538928	1824.3
2022-03-18	18492168	294869	1579314	1872.1
2022-03-19	18746955	254787	1595319	1891.1
2022-03-20	18890242	143287	1582564	1876
2022-03-21	18979605	89363	1582843	1876.3
2022-03-22	19217320	237715	1612563	1911.6
2022-03-23	19522213	304893	1632289	1934.9
2022-03-24	19830051	307838	1632752	1935.5
2022-03-25	20116187	286136	1624019	1925.1
2022-03-26	20360387	244200	1613432	1912.6
2022-03-27	20498732	138345	1608490	1906.7
2022-03-28	20568463	69731	1588858	1883.5
2022-03-29	20775386	206923	1558066	1847
2022-03-30	21049751	274365	1527538	1810.8
2022-03-31	21309663	259912	1479612	1754
2022-04-01	21541675	232012	1425488	1689.8
2022-04-02	21723732	182057	1363345	1616.1
2022-04-03	21816862	93130	1318130	1562.5
2022-04-04	21863450	46588	1294987	1535.1
2022-04-05	22018768	155318	1243382	1473.9
2022-04-06	22229585	210817	1179834	1398.6
2022-04-07	22418497	188912	1108834	1314.4
2022-04-08	22586181	167684	1044506	1238.2
2022-04-09	22729042	142861	1005310	1191.7
2022-04-10	22805158	76116	988296	1171.5
2022-04-11	22847890	42732	984440	1167
2022-04-12	22988227	140337	969459	1149.2
2022-04-13	23170390	182163	940805	1115.2
2022-04-14	23329282	158892	910785	1079.7
2022-04-15	23479848	150566	893667	1059.4
2022-04-16	23540798	60950	811756	962.3
2022-04-17	23592806	52008	787648	933.7
2022-04-18	23627048	34242	779158	923.6
2022-04-19	23663998	36950	675771	801.1
2022-04-20	23822680	158682	652290	773.2
2022-04-21	24002119	179439	672837	797.6
2022-04-22	24157850	155731	678002	803.7
2022-04-23	24277299	119449	736501	873.1
2022-04-24	24331743	54444	738937	875.9
2022-04-25	24358739	26996	731691	867.4
2022-04-26	24477641	118902	813643	964.5
2022-04-27	24616956	139315	794276	941.5
2022-04-28	24732399	115443	730280	865.7
2022-04-29	24827094	94695	669244	793.3
2022-04-30	24905334	78240	628035	744.5
2022-05-01	24939380	34046	607637	720.3
2022-05-02	24955245	15865	596506	707.1
2022-05-03	25041822	86577	564181	668.8
2022-05-04	25148279	106457	531323	629.8
2022-05-05	25238180	89901	505781	599.6
2022-05-06	25318540	80360	491446	582.6
2022-05-07	25385700	67160	480366	569.4
2022-05-08	25412688	26988	473308	561.1
2022-05-09	25426044	13356	470799	558.1
2022-05-10	25510848	84804	469026	556
2022-05-11	25605615	94767	457336	542.1
2022-05-12	25682726	77111	444546	527
2022-05-13	25747689	64963	429149	508.7
2022-05-14	25804575	56886	418875	496.5
2022-05-15	25824685	20110	411997	488.4
2022-05-16	25834332	9647	408288	484
2022-05-17	25899964	65632	389116	461.3
2022-05-18	25968026	68062	362411	429.6
2022-05-19	26021812	53786	339086	402
2022-05-20	26066061	44249	318372	377.4
2022-05-21	26106016	39955	301441	357.3
2022-05-22	26119828	13812	295143	349.9
2022-05-23	26126761	6933	292429	346.6
2022-05-24	26173828	47067	273864	324.6
2022-05-25	26220491	46663	252465	299.3
2022-05-26	26255867	35376	234055	277.5
2022-05-27	26264202	8335	198141	234.9
2022-05-28	26296798	32596	190782	226.2
2022-05-29	26307421	10623	187593	222.4
2022-05-30	26313894	6473	187133	221.8
2022-05-31	26360782	46888	186954	221.6
2022-06-01	26412303	51521	191812	227.4
2022-06-02	26457250	44947	201383	238.7
2022-06-03	26499655	42405	235453	279.1
2022-06-04	26539086	39431	242288	287.2
2022-06-05	26551862	12776	244441	289.8
2022-06-06	26558984	7122	245090	290.5
2022-06-07	26568372	9388	207590	246.1
2022-06-08	26639677	71305	227374	269.5
2022-06-09	26721765	82088	264515	313.6
2022-06-10	26793037	71272	293382	347.8
2022-06-11	26858317	65280	319231	378.4
2022-06-12	26878080	19763	326218	386.7
2022-06-13	26890400	12320	331416	392.9
2022-06-14	26977434	87034	409062	484.9
2022-06-15	27071001	93567	431324	511.3
2022-06-16	27152874	81873	431109	511
2022-06-17	27190156	37282	397119	470.7
2022-06-18	27267699	77543	409382	485.3
2022-06-19	27290849	23150	412769	489.3
2022-06-20	27304145	13296	413745	490.5
2022-06-21	27409691	105546	432257	512.4
2022-06-22	27534251	124560	463250	549.1
2022-06-23	27647766	113515	494892	586.7
2022-06-24	27749121	101355	558965	662.6
2022-06-25	27836307	87186	568608	674
2022-06-26	27863516	27209	572667	678.8
2022-06-27	27878312	14796	574167	680.6
2022-06-28	27995210	116898	585519	694.1
2022-06-29	28133280	138070	599029	710.1
2022-06-30	28258393	125113	610627	723.8
2022-07-01	28368650	110257	619529	734.4
2022-07-02	28463505	94855	627198	743.5
2022-07-03	28487415	23910	623899	739.6
2022-07-04	28500999	13584	622687	738.1
2022-07-05	28621767	120768	626557	742.7
2022-07-06	28758343	136576	625063	741
2022-07-07	28885772	127429	627379	743.7
2022-07-08	28996628	110856	627978	744.4
2022-07-09	29092219	95591	628714	745.3
2022-07-10	29115855	23636	628440	745
2022-07-11	29130223	14368	629224	745.9
2022-07-12	29261175	130952	639408	758
2022-07-13	29405760	144585	647417	767.5
2022-07-14	29541337	135577	655565	777.1
2022-07-15	29658252	116915	661624	784.3
2022-07-16	29766868	108616	674649	799.7
2022-07-17	29792185	25317	676330	801.7
2022-07-18	29805318	13133	675095	800.3
2022-07-19	29939665	134347	678490	804.3
2022-07-20	30083009	143344	677249	802.8
2022-07-21	30205098	122089	663761	786.8
2022-07-22	30308760	103662	650508	771.1
2022-07-23	30398245	89485	631377	748.4
2022-07-24	30420504	22259	628319	744.8
2022-07-25	30432471	11967	627153	743.4
2022-07-26	30552688	120217	613023	726.7
2022-07-27	30670776	118088	587767	696.7
2022-07-28	30766890	96114	561792	666
2022-07-29	30842342	75452	533582	632.5
2022-07-30	30904460	62118	506215	600.1
2022-07-31	30920181	15721	499677	592.3
2022-08-01	30928214	8033	495743	587.7
2022-08-02	31012304	84090	459616	544.8
2022-08-03	31096662	84358	425886	504.9
2022-08-04	31165545	68883	398655	472.6
2022-08-05	31221781	56236	379439	449.8
2022-08-06	31270466	48685	366006	433.9
2022-08-07	31283926	13460	363745	431.2
2022-08-08	31291138	7212	362924	430.2
2022-08-09	31357303	66165	344999	409
2022-08-10	31424807	67504	328145	389
2022-08-11	31480750	55943	315205	373.6
2022-08-12	31528151	47401	306370	363.2
2022-08-13	31571701	43550	301235	357.1
2022-08-14	31582889	11188	298963	354.4
2022-08-15	31589433	6544	298295	353.6
2022-08-16	31643874	54441	286571	339.7
2022-08-17	31706974	63100	282167	334.5
2022-08-18	31759369	52395	278619	330.3
2022-08-19	31802276	42907	274125	325
2022-08-20	31837947	35671	266246	315.6
2022-08-21	31847674	9727	264785	313.9
2022-08-22	31852780	5106	263347	312.2
2022-08-23	31903223	50443	259349	307.4
2022-08-24	31955304	52081	248330	294.4
2022-08-25	31999458	44154	240089	284.6
2022-08-26	32035329	35871	233053	276.3
2022-08-27	32067716	32387	229769	272.4
2022-08-28	32075853	8137	228179	270.5
2022-08-29	32080749	4896	227969	270.2
2022-08-30	32126902	46153	223679	265.2
2022-08-31	32174401	47499	219097	259.7
2022-09-01	32211279	36878	211821	251.1
2022-09-02	32241705	30426	206376	244.6
2022-09-03	32270440	28735	202724	240.3
2022-09-04	32278358	7918	202505	240.1
2022-09-05	32282524	4166	201775	239.2
2022-09-06	32325414	42890	198512	235.3
2022-09-07	32371320	45906	196919	233.4
2022-09-08	32410745	39425	199466	236.4
2022-09-09	32444409	33664	202704	240.3
2022-09-10	32474708	30299	204268	242.1
2022-09-11	32482253	7545	203895	241.7
2022-09-12	32486608	4355	204084	241.9
2022-09-13	32533759	47151	208345	247
2022-09-14	32585357	51598	214037	253.7
2022-09-15	32628221	42864	217476	257.8
2022-09-16	32667536	39315	223127	264.5
2022-09-17	32702495	34959	227787	270
2022-09-18	32710612	8117	228359	270.7
2022-09-19	32715526	4914	228918	271.4
2022-09-20	32770422	54896	236663	280.5
2022-09-21	32828751	58329	243394	288.5
2022-09-22	32882564	53813	254343	301.5
2022-09-23	32932023	49459	264487	313.5
2022-09-24	32980160	48137	277665	329.1
2022-09-25	32993814	13654	283202	335.7
2022-09-26	33002106	8292	286580	339.7
2022-09-27	33083380	81274	312958	371
2022-09-28	33183595	100215	354844	420.6
2022-09-29	33276010	92415	393446	466.4
2022-09-30	33354483	78473	422460	500.8
2022-10-01	33428702	74219	448542	531.7
2022-10-02	33449668	20966	455854	540.4
2022-10-03	33461177	11509	459071	544.2
2022-10-04	33475773	14596	392393	465.1
2022-10-05	33602992	127219	419397	497.2
2022-10-06	33753337	150345	477327	565.8
2022-10-07	33896086	142749	541603	642
2022-10-08	34011646	115560	582944	691
2022-10-09	34038299	26653	588631	697.8
2022-10-10	34055309	17010	594132	704.3
2022-10-11	34199990	144681	724217	858.5
2022-10-12	34343527	143537	740535	877.8
2022-10-13	34467947	124420	714610	847.1
2022-10-14	34574172	106225	678086	803.8
2022-10-15	34665343	91171	653697	774.9
2022-10-16	34687626	22283	649327	769.7
2022-10-17	34700938	13312	645629	765.3
2022-10-18	34828036	127098	628046	744.5
2022-10-19	34956846	128810	613319	727
2022-10-20	35063578	106732	595631	706.1
2022-10-21	35148367	84789	574195	680.7
2022-10-22	35218685	70318	553342	655.9
2022-10-23	35235685	17000	548059	649.7
2022-10-24	35246268	10583	545330	646.4
2022-10-25	35338731	92463	510695	605.4
2022-10-26	35430048	91317	473202	560.9
2022-10-27	35499877	69829	436299	517.2
2022-10-28	35556059	56182	407692	483.3
2022-10-29	35601869	45810	383184	454.2
2022-10-30	35612492	10623	376807	446.7
2022-10-31	35620219	7727	373951	443.3
2022-11-01	35661877	41658	323146	383.1
2022-11-02	35699897	38020	269849	319.9
2022-11-03	35764200	64303	264323	313.3
2022-11-04	35813046	48846	256987	304.6
2022-11-05	35850678	37632	248809	294.9
2022-11-06	35859075	8397	246583	292.3
2022-11-07	35863811	4736	243592	288.8
2022-11-08	35914325	50514	252448	299.3
2022-11-09	35960023	45698	260126	308.4
2022-11-10	35996938	36915	232738	275.9
2022-11-11	36027983	31045	214937	254.8
2022-11-12	36055269	27286	204591	242.5
2022-11-13	36061408	6139	202333	239.8
2022-11-14	36065825	4417	202014	239.5
2022-11-15	36104786	38961	190461	225.8
2022-11-16	36142756	37970	182733	216.6
2022-11-17	36173155	30399	176217	208.9
2022-11-18	36200114	26959	172131	204
2022-11-19	36225886	25772	170617	202.3
2022-11-20	36231947	6061	170539	202.2
2022-11-21	36235489	3542	169664	201.1
2022-11-22	36272012	36523	167226	198.2
2022-11-23	36309967	37955	167211	198.2
2022-11-24	36341790	31823	168635	199.9
2022-11-25	36369767	27977	169653	201.1
2022-11-26	36395947	26180	170061	201.6
2022-11-27	36402391	6444	170444	202
2022-11-28	36406074	3683	170585	202.2
2022-11-29	36445511	39437	173499	205.7
2022-11-30	36488037	42526	178070	211.1
2022-12-01	36522878	34841	181088	214.7
2022-12-02	36552643	29765	182876	216.8
2022-12-03	36580343	27700	184396	218.6
2022-12-04	36586941	6598	184550	218.8
2022-12-05	36590907	3966	184833	219.1
2022-12-06	36630540	39633	185029	219.3
2022-12-07	36676323	45783	188286	223.2
2022-12-08	36714149	37826	191271	226.7
2022-12-09	36747434	33285	194791	230.9
2022-12-10	36777732	30298	197389	234
2022-12-11	36786167	8435	199226	236.2
2022-12-12	36790435	4268	199528	236.5
2022-12-13	36836513	46078	205973	244.2
2022-12-14	36885297	48784	208974	247.7
2022-12-15	36930273	44976	216124	256.2
2022-12-16	36968175	37902	220741	261.7
2022-12-17	37000453	32278	222721	264
2022-12-18	37008662	8209	222495	263.7
2022-12-19	37013416	4754	222981	264.3
2022-12-20	37062536	49120	226023	267.9
2022-12-21	37113015	50479	227718	269.9
2022-12-22	37158072	45057	227799	270
2022-12-23	37198198	40126	230023	272.7
2022-12-24	37232828	34630	232375	275.5
2022-12-25	37240696	7868	232034	275.1
2022-12-26	37245043	4347	231627	274.6
2022-12-27	37249725	4682	187189	221.9
2022-12-28	37296483	46758	183468	217.5
2022-12-29	37336274	39791	178202	211.2
2022-12-30	37366220	29946	168022	199.2
2022-12-31	37389188	22968	156360	185.4
2023-01-01	37394065	4877	153369	181.8
2023-01-02	37396595	2530	151552	179.7
2023-01-03	37431569	34974	181844	215.6
2023-01-04	37464866	33297	168383	199.6
2023-01-05	37489575	24709	153301	181.7
2023-01-06	37509594	20019	143374	170
2023-01-07	37522138	12544	132950	157.6
2023-01-08	37525193	3055	131128	155.4
2023-01-09	37526898	1705	130303	154.5
2023-01-10	37552611	25713	121042	143.5
2023-01-11	37574474	21863	109608	129.9
2023-01-12	37590835	16361	101260	120
2023-01-13	37602657	11822	93063	110.3
2023-01-14	37612374	9717	90236	107
2023-01-15	37614657	2283	89464	106.1
2023-01-16	37615972	1315	89074	105.6
2023-01-17	37631374	15402	78763	93.4
2023-01-18	37645783	14409	71309	84.5
2023-01-19	37657036	11253	66201	78.5
2023-01-20	37666795	9759	64138	76
2023-01-21	37675511	8716	63137	74.8
2023-01-22	37677550	2039	62893	74.6
2023-01-23	37678843	1293	62871	74.5
2023-01-24	37693885	15042	62511	74.1
2023-01-25	37710447	16562	64664	76.7
2023-01-26	37724345	13898	67309	79.8
2023-01-27	37737124	12779	70329	83.4
2023-01-28	37748241	11117	72730	86.2
2023-01-29	37750526	2285	72976	86.5
2023-01-30	37752133	1607	73290	86.9
2023-01-31	37770393	18260	76508	90.7
2023-02-01	37790744	20351	80297	95.2
2023-02-02	37806797	16053	82452	97.7
2023-02-03	37820153	13356	83029	98.4
2023-02-04	37832521	12368	84280	99.9
2023-02-05	37834882	2361	84356	100
2023-02-06	37836373	1491	84240	99.9
2023-02-07	37855252	18879	84859	100.6
2023-02-08	37874963	19711	84219	99.8
2023-02-09	37891247	16284	84450	100.1
2023-02-10	37905217	13970	85064	100.8
2023-02-11	37918651	13434	86130	102.1
2023-02-12	37921250	2599	86368	102.4
2023-02-13	37922970	1720	86597	102.7
2023-02-14	37944243	21273	88991	105.5
2023-02-15	37965847	21604	90884	107.7
2023-02-16	37984675	18828	93428	110.8
2023-02-17	38001577	16902	96360	114.2
2023-02-18	38015906	14329	97255	115.3
2023-02-19	38018866	2960	97616	115.7
2023-02-20	38020823	1957	97853	116
2023-02-21	38039706	18883	95463	113.2
2023-02-22	38062952	23246	97105	115.1
2023-02-23	38086089	23137	101414	120.2
2023-02-24	38108451	22362	106874	126.7
2023-02-25	38127833	19382	111927	132.7
2023-02-26	38132149	4316	113283	134.3
2023-02-27	38134261	2112	113438	134.5
2023-02-28	38160926	26665	121220	143.7
2023-03-01	38185191	24265	122239	144.9
2023-03-02	38202229	17038	116140	137.7
2023-03-03	38211412	9183	102961	122.1
2023-03-04	38218793	7381	90960	107.8
2023-03-05	38219919	1126	87770	104
2023-03-06	38220601	682	86340	102.3
2023-03-07	38230410	9809	69484	82.4
2023-03-08	38240383	9973	55192	65.4
2023-03-09	38248652	8269	46423	55
2023-03-10	38256034	7382	44622	52.9
2023-03-11	38262536	6502	43743	51.9
2023-03-12	38263715	1179	43796	51.9
2023-03-13	38264361	646	43760	51.9
2023-03-14	38274165	9804	43755	51.9
2023-03-15	38283360	9195	42977	50.9
2023-03-16	38290966	7606	42314	50.2
2023-03-17	38297457	6491	41423	49.1
2023-03-18	38302892	5435	40356	47.8
2023-03-19	38304013	1121	40298	47.8
2023-03-20	38304664	651	40303	47.8
2023-03-21	38313332	8668	39167	46.4
2023-03-22	38320541	7209	37181	44.1
2023-03-23	38326724	6183	35758	42.4
2023-03-24	38331867	5143	34410	40.8
2023-03-25	38336137	4270	33245	39.4
2023-03-26	38336776	639	32763	38.8
2023-03-27	38337289	513	32625	38.7
2023-03-28	38343671	6382	30339	36
2023-03-29	38348559	4888	28018	33.2
2023-03-30	38352643	4084	25919	30.7
2023-03-31	38356174	3531	24307	28.8
2023-04-01	38359069	2895	22932	27.2
2023-04-02	38359599	530	22823	27.1
2023-04-03	38359944	345	22655	26.9
2023-04-04	38364540	4596	20869	24.7
2023-04-05	38368308	3768	19749	23.4
2023-04-06	38371296	2988	18653	22.1
2023-04-07	38373720	2424	17546	20.8
2023-04-08	38374006	286	14937	17.7
2023-04-09	38374340	334	14741	17.5
2023-04-10	38374614	274	14670	17.4
2023-04-11	38374887	273	10347	12.3
2023-04-12	38379638	4751	11330	13.4
2023-04-13	38382480	2842	11184	13.3
2023-04-14	38385116	2636	11396	13.5
2023-04-15	38387119	2003	13113	15.5
2023-04-16	38387439	320	13099	15.5
2023-04-17	38387652	213	13038	15.5
2023-04-18	38390766	3114	15879	18.8
2023-04-19	38393355	2589	13717	16.3
2023-04-20	38395434	2079	12954	15.4
2023-04-21	38397237	1803	12121	14.4
2023-04-22	38398691	1454	11572	13.7
2023-04-23	38398939	248	11500	13.6
2023-04-24	38399123	184	11471	13.6
2023-04-25	38401651	2528	10885	12.9
2023-04-26	38403710	2059	10355	12.3
2023-04-27	38405397	1687	9963	11.8
2023-04-28	38406790	1393	9553	11.3
2023-04-29	38407973	1183	9282	11
2023-04-30	38408175	202	9236	10.9
2023-05-01	38408323	148	9200	10.9
2023-05-02	38408509	186	6858	8.1
2023-05-03	38411010	2501	7300	8.7
2023-05-04	38412708	1698	7311	8.7
2023-05-05	38414201	1493	7411	8.8
2023-05-06	38415409	1208	7436	8.8
2023-05-07	38415569	160	7394	8.8
2023-05-08	38415685	116	7362	8.7
2023-05-09	38417559	1874	9050	10.7
2023-05-10	38419073	1514	8063	9.6
2023-05-11	38420248	1175	7540	8.9
2023-05-12	38421312	1064	7111	8.4
2023-05-13	38422157	845	6748	8
2023-05-14	38422302	145	6733	8
2023-05-15	38422396	94	6711	8
2023-05-16	38423810	1414	6251	7.4
2023-05-17	38424853	1043	5780	6.9
2023-05-18	38425795	942	5547	6.6
2023-05-19	38425882	87	4570	5.4
2023-05-20	38426562	680	4405	5.2
2023-05-21	38426682	120	4380	5.2
2023-05-22	38426758	76	4362	5.2
2023-05-23	38428073	1315	4263	5.1
2023-05-24	38429018	945	4165	4.9
2023-05-25	38429801	783	4006	4.7
2023-05-26	38430408	607	4526	5.4
2023-05-27	38430924	516	4362	5.2
2023-05-28	38430985	61	4303	5.1
2023-05-29	38431027	42	4269	5.1
2023-05-30	38431087	60	3014	3.6
2023-05-31	38432059	972	3041	3.6
2023-06-01	38432723	664	2922	3.5
2023-06-02	38433305	582	2897	3.4
2023-06-03	38433723	418	2799	3.3
2023-06-04	38433772	49	2787	3.3
2023-06-05	38433804	32	2777	3.3
2023-06-06	38434554	750	3467	4.1
2023-06-07	38435050	496	2991	3.5
2023-06-08	38435507	457	2784	3.3
2023-06-09	38435695	188	2390	2.8
2023-06-10	38436105	410	2382	2.8
2023-06-11	38436144	39	2372	2.8
2023-06-12	38436193	49	2389	2.8
2023-06-13	38436805	612	2251	2.7
2023-06-14	38437255	450	2205	2.6
2023-06-15	38437612	357	2105	2.5
2023-06-16	38437931	319	2236	2.7
2023-06-17	38438174	243	2069	2.5
2023-06-18	38438199	25	2055	2.4
2023-06-19	38438215	16	2022	2.4
2023-06-20	38438698	483	1893	2.2
2023-06-21	38439025	327	1770	2.1
2023-06-22	38439285	260	1673	2
2023-06-23	38439542	257	1611	1.9
2023-06-24	38439710	168	1536	1.8
2023-06-25	38439732	22	1533	1.8
2023-06-26	38439751	19	1536	1.8
2023-06-27	38440036	285	1338	1.6
2023-06-28	38440262	226	1237	1.5
2023-06-29	38440485	223	1200	1.4
2023-06-30	38440664	179	1122	1.3
2023-07-01	38440843	179	1133	1.3
2023-07-02	38440865	22	1133	1.3
2023-07-03	38440874	9	1123	1.3
2023-07-04	38441163	289	1127	1.3
2023-07-05	38441376	213	1114	1.3
2023-07-06	38441569	193	1084	1.3
2023-07-07	38441736	167	1072	1.3
2023-07-08	38441883	147	1040	1.2
2023-07-09	38441902	19	1037	1.2
2023-07-10	38441909	7	1035	1.2
2023-07-11	38442207	298	1044	1.2
2023-07-12	38442462	255	1086	1.3
2023-07-13	38442688	226	1119	1.3
2023-07-14	38442921	233	1185	1.4
2023-07-15	38443123	202	1240	1.5
2023-07-16	38443150	27	1248	1.5
2023-07-17	38443160	10	1251	1.5
2023-07-18	38443477	317	1270	1.5
2023-07-19	38443696	219	1234	1.5
2023-07-20	38443946	250	1258	1.5
2023-07-21	38444180	234	1259	1.5
2023-07-22	38444385	205	1262	1.5
2023-07-23	38444413	28	1263	1.5
2023-07-24	38444431	18	1271	1.5
2023-07-25	38444818	387	1341	1.6
2023-07-26	38445148	330	1452	1.7
2023-07-27	38445516	368	1570	1.9
2023-07-28	38445936	420	1756	2.1
2023-07-29	38446200	264	1815	2.2
2023-07-30	38446238	38	1825	2.2
2023-07-31	38446272	34	1841	2.2
2023-08-01	38446783	511	1965	2.3
2023-08-02	38447220	437	2072	2.5
2023-08-03	38447612	392	2096	2.5
2023-08-04	38447934	322	1998	2.4
2023-08-05	38448253	319	2053	2.4
2023-08-06	38448299	46	2061	2.4
2023-08-07	38448339	40	2067	2.5
2023-08-08	38448921	582	2138	2.5
2023-08-09	38449447	526	2227	2.6
2023-08-10	38449887	440	2275	2.7
2023-08-11	38450394	507	2460	2.9
2023-08-12	38450821	427	2568	3
2023-08-13	38450899	78	2600	3.1
2023-08-14	38450943	44	2604	3.1
2023-08-15	38451912	969	2991	3.5
2023-08-16	38452676	764	3229	3.8
2023-08-17	38453510	834	3623	4.3
2023-08-18	38454354	844	3960	4.7
2023-08-19	38455081	727	4260	5
2023-08-20	38455185	104	4286	5.1
2023-08-21	38455243	58	4300	5.1
2023-08-22	38456461	1218	4549	5.4
2023-08-23	38457571	1110	4895	5.8
2023-08-24	38458468	897	4958	5.9
2023-08-25	38459355	887	5001	5.9
2023-08-26	38460121	766	5040	6
2023-08-27	38460262	141	5077	6
2023-08-28	38460307	45	5064	6
2023-08-29	38461617	1310	5156	6.1
2023-08-30	38462688	1071	5117	6.1
2023-08-31	38463758	1070	5290	6.3
2023-09-01	38464742	984	5387	6.4
2023-09-02	38465545	803	5424	6.4
2023-09-03	38465656	111	5394	6.4
2023-09-04	38465735	79	5428	6.4
2023-09-05	38467198	1463	5581	6.6
2023-09-06	38468768	1570	6080	7.2
2023-09-07	38470137	1369	6379	7.6
2023-09-08	38471561	1424	6819	8.1
2023-09-09	38472746	1185	7201	8.5
2023-09-10	38472905	159	7249	8.6
2023-09-11	38472991	86	7256	8.6
2023-09-12	38475103	2112	7905	9.4
2023-09-13	38476848	1745	8080	9.6
2023-09-14	38478461	1613	8324	9.9
2023-09-15	38479842	1381	8281	9.8
2023-09-16	38480957	1115	8211	9.7
2023-09-17	38481155	198	8250	9.8
2023-09-18	38481238	83	8247	9.8
2023-09-19	38483378	2140	8275	9.8
2023-09-20	38485058	1680	8210	9.7
2023-09-21	38486652	1594	8191	9.7
2023-09-22	38488180	1528	8338	9.9
2023-09-23	38489322	1142	8365	9.9
2023-09-24	38489473	151	8318	9.9
2023-09-25	38489541	68	8303	9.8
2023-09-26	38491637	2096	8259	9.8
2023-09-27	38493429	1792	8371	9.9
2023-09-28	38495035	1606	8383	9.9
2023-09-29	38496693	1658	8513	10.1
2023-09-30	38498176	1483	8854	10.5
2023-10-01	38498414	238	8941	10.6
2023-10-02	38498523	109	8982	10.6
2023-10-03	38500841	2318	9204	10.9
2023-10-04	38501065	224	7636	9.1
2023-10-05	38503689	2624	8654	10.3
2023-10-06	38506110	2421	9417	11.2
2023-10-07	38508151	2041	9975	11.8
2023-10-08	38508385	234	9971	11.8
2023-10-09	38508541	156	10018	11.9
2023-10-10	38511722	3181	10881	12.9
2023-10-11	38514404	2682	13339	15.8
2023-10-12	38516784	2380	13095	15.5
2023-10-13	38519069	2285	12959	15.4
2023-10-14	38521062	1993	12911	15.3
2023-10-15	38521356	294	12971	15.4
2023-10-16	38521534	178	12993	15.4
2023-10-17	38525119	3585	13397	15.9
2023-10-18	38527760	2641	13356	15.8
2023-10-19	38530215	2455	13431	15.9
2023-10-20	38532627	2412	13558	16.1
2023-10-21	38534683	2056	13621	16.1
2023-10-22	38534996	313	13640	16.2
2023-10-23	38535255	259	13721	16.3
2023-10-24	38539763	4508	14644	17.4
2023-10-25	38543343	3580	15583	18.5
2023-10-26	38546837	3494	16622	19.7
2023-10-27	38550141	3304	17514	20.8
2023-10-28	38552842	2701	18159	21.5
2023-10-29	38553223	381	18227	21.6
2023-10-30	38553504	281	18249	21.6
2023-10-31	38558434	4930	18671	22.1
2023-11-01	38561209	2775	17866	21.2
2023-11-02	38563961	2752	17124	20.3
2023-11-03	38568628	4667	18487	21.9
2023-11-04	38571818	3190	18976	22.5
2023-11-05	38572243	425	19020	22.5
2023-11-06	38572543	300	19039	22.6
2023-11-07	38578586	6043	20152	23.9
2023-11-08	38582037	3451	20828	24.7
2023-11-09	38587250	5213	23289	27.6
2023-11-10	38591331	4081	22703	26.9
2023-11-11	38594427	3096	22609	26.8
2023-11-12	38594883	456	22640	26.8
2023-11-13	38595158	275	22615	26.8
2023-11-14	38601147	5989	22561	26.7
2023-11-15	38605578	4431	23541	27.9
2023-11-16	38609968	4390	22718	26.9
2023-11-17	38614017	4049	22686	26.9
2023-11-18	38617478	3461	23051	27.3
2023-11-19	38617926	448	23043	27.3
2023-11-20	38618244	318	23086	27.4
2023-11-21	38624681	6437	23534	27.9
2023-11-22	38630002	5321	24424	29
2023-11-23	38634176	4174	24208	28.7
2023-11-24	38638390	4214	24373	28.9
2023-11-25	38641953	3563	24475	29
2023-11-26	38642462	509	24536	29.1
2023-11-27	38642833	371	24589	29.1
2023-11-28	38649390	6557	24709	29.3
2023-11-29	38654676	5286	24674	29.2
2023-11-30	38659508	4832	25332	30
2023-12-01	38663955	4447	25565	30.3
2023-12-02	38667459	3504	25506	30.2
2023-12-03	38667968	509	25506	30.2
2023-12-04	38668241	273	25408	30.1
2023-12-05	38674232	5991	24842	29.4
2023-12-06	38679775	5543	25099	29.8
2023-12-07	38685433	5658	25925	30.7
2023-12-08	38690957	5524	27002	32
2023-12-09	38695641	4684	28182	33.4
2023-12-10	38696284	643	28316	33.6
2023-12-11	38696751	467	28510	33.8
2023-12-12	38705155	8404	30923	36.7
2023-12-13	38711646	6491	31871	37.8
2023-12-14	38718158	6512	32725	38.8
2023-12-15	38724024	5866	33067	39.2
2023-12-16	38728606	4582	32965	39.1
2023-12-17	38729187	581	32903	39
2023-12-18	38729617	430	32866	39
2023-12-19	38737551	7934	32396	38.4
2023-12-20	38743543	5992	31897	37.8
2023-12-21	38748553	5010	30395	36
2023-12-22	38752996	4443	28972	34.3
2023-12-23	38756484	3488	27878	33
2023-12-24	38756977	493	27790	32.9
2023-12-25	38757220	243	27603	32.7
2023-12-26	38757634	414	20083	23.8
2023-12-27	38757962	328	14419	17.1
2023-12-28	38764918	6956	16365	19.4
2023-12-29	38768350	3432	15354	18.2
2023-12-30	38771012	2662	14528	17.2
2023-12-31	38771386	374	14409	17.1
2024-01-01	38771699	313	14479	17.2
2024-01-02	38771987	288	14353	17
2024-01-03	38777845	5858	19883	23.6
2024-01-04	38780998	3153	16080	19.1
2024-01-05	38783609	2611	15259	18.1
2024-01-06	38785419	1810	14407	17.1
2024-01-07	38785604	185	14218	16.9
2024-01-08	38785738	134	14039	16.6
2024-01-09	38789226	3488	17239	20.4
2024-01-10	38791082	1856	13237	15.7
2024-01-11	38793005	1923	12007	14.2
2024-01-12	38794587	1582	10978	13
2024-01-13	38795651	1064	10232	12.1
2024-01-14	38795791	140	10187	12.1
2024-01-15	38795862	71	10124	12
2024-01-16	38798067	2205	8841	10.5
2024-01-17	38799507	1440	8425	10
2024-01-18	38800661	1154	7656	9.1
2024-01-19	38801734	1073	7147	8.5
2024-01-20	38802647	913	6996	8.3
2024-01-21	38802756	109	6965	8.3
2024-01-22	38802831	75	6969	8.3
2024-01-23	38804553	1722	6486	7.7
2024-01-24	38805715	1162	6208	7.4
2024-01-25	38806775	1060	6114	7.2
2024-01-26	38807792	1017	6058	7.2
2024-01-27	38808641	849	5994	7.1
2024-01-28	38808737	96	5981	7.1
2024-01-29	38808811	74	5980	7.1
2024-01-30	38810336	1525	5783	6.9
2024-01-31	38811284	948	5569	6.6
2024-02-01	38812223	939	5448	6.5
2024-02-02	38813069	846	5277	6.3
2024-02-03	38813741	672	5100	6
2024-02-04	38813815	74	5078	6
2024-02-05	38813876	61	5065	6
2024-02-06	38815138	1262	4802	5.7
2024-02-07	38816041	903	4757	5.6
2024-02-08	38816766	725	4543	5.4
2024-02-09	38817410	644	4341	5.1
2024-02-10	38818027	617	4286	5.1
2024-02-11	38818104	77	4289	5.1
2024-02-12	38818157	53	4281	5.1
2024-02-13	38818976	819	3838	4.5
2024-02-14	38819615	639	3574	4.2
2024-02-15	38820169	554	3403	4
2024-02-16	38820638	469	3228	3.8
2024-02-17	38821064	426	3037	3.6
2024-02-18	38821108	44	3004	3.6
2024-02-19	38821143	35	2986	3.5
2024-02-20	38821945	802	2969	3.5
2024-02-21	38822390	445	2775	3.3
2024-02-22	38822752	362	2583	3.1
2024-02-23	38823144	392	2506	3
2024-02-24	38823444	300	2380	2.8
2024-02-25	38823473	29	2365	2.8
2024-02-26	38823496	23	2353	2.8
2024-02-27	38824050	554	2105	2.5
2024-02-28	38824391	341	2001	2.4
2024-02-29	38824709	318	1957	2.3
2024-03-01	38825030	321	1886	2.2
2024-03-02	38825233	203	1789	2.1
2024-03-03	38825261	28	1788	2.1
2024-03-04	38825275	14	1779	2.1
2024-03-05	38825758	483	1708	2
2024-03-06	38826064	306	1673	2
2024-03-07	38826319	255	1610	1.9
2024-03-08	38826537	218	1507	1.8
2024-03-09	38826701	164	1468	1.7
2024-03-10	38826722	21	1461	1.7
2024-03-11	38826741	19	1466	1.7
2024-03-12	38827097	356	1339	1.6
2024-03-13	38827324	227	1260	1.5
2024-03-14	38827538	214	1219	1.4
2024-03-15	38827739	201	1202	1.4
2024-03-16	38827907	168	1206	1.4
2024-03-17	38827915	8	1193	1.4
2024-03-18	38827929	14	1188	1.4
2024-03-19	38828241	312	1144	1.4
2024-03-20	38828440	199	1116	1.3
2024-03-21	38828632	192	1094	1.3
2024-03-22	38828775	143	1036	1.2
2024-03-23	38828894	119	987	1.2
2024-03-24	38828916	22	1001	1.2
2024-03-25	38828926	10	997	1.2
2024-03-26	38829197	271	956	1.1
2024-03-27	38829373	176	933	1.1
2024-03-28	38829514	141	882	1
2024-03-29	38829669	155	894	1.1
2024-03-30	38829679	10	785	0.9
2024-03-31	38829693	14	777	0.9
2024-04-01	38829707	14	781	0.9
2024-04-02	38829723	16	526	0.6
2024-04-03	38830058	335	685	0.8
2024-04-04	38830198	140	684	0.8
2024-04-05	38830337	139	668	0.8
2024-04-06	38830444	107	765	0.9
2024-04-07	38830456	12	763	0.9
2024-04-08	38830467	11	760	0.9
2024-04-09	38830684	217	961	1.1
2024-04-10	38830787	103	729	0.9
2024-04-11	38830880	93	682	0.8
2024-04-12	38830980	100	643	0.8
2024-04-13	38831061	81	617	0.7
2024-04-14	38831072	11	616	0.7
2024-04-15	38831077	5	610	0.7
2024-04-16	38831242	165	558	0.7
2024-04-17	38831350	108	563	0.7
2024-04-18	38831448	98	568	0.7
2024-04-19	38831543	95	563	0.7
2024-04-20	38831621	78	560	0.7
2024-04-21	38831624	3	552	0.7
2024-04-22	38831626	2	549	0.7
2024-04-23	38831798	172	556	0.7
2024-04-24	38831934	136	584	0.7
2024-04-25	38832044	110	596	0.7
2024-04-26	38832160	116	617	0.7
2024-04-27	38832275	115	654	0.8
2024-04-28	38832294	19	670	0.8
2024-04-29	38832303	9	677	0.8
2024-04-30	38832623	320	825	1
2024-05-01	38832817	194	883	1
2024-05-02	38832827	10	783	0.9
2024-05-03	38833032	205	872	1
2024-05-04	38833202	170	927	1.1
2024-05-05	38833220	18	926	1.1
2024-05-06	38833235	15	932	1.1
2024-05-07	38833549	314	926	1.1
2024-05-08	38833713	164	896	1.1
2024-05-09	38833878	165	1051	1.2
2024-05-10	38833886	8	854	1
2024-05-11	38834066	180	864	1
2024-05-12	38834073	7	853	1
2024-05-13	38834083	10	848	1
2024-05-14	38834444	361	895	1.1
2024-05-15	38834714	270	1001	1.2
2024-05-16	38834877	163	999	1.2
2024-05-17	38835037	160	1151	1.4
2024-05-18	38835158	121	1092	1.3
2024-05-19	38835171	13	1098	1.3
2024-05-20	38835180	9	1097	1.3
2024-05-21	38835190	10	746	0.9
2024-05-22	38835500	310	786	0.9
2024-05-23	38835682	182	805	1
2024-05-24	38835852	170	815	1
2024-05-25	38835950	98	792	0.9
2024-05-26	38835967	17	796	0.9
2024-05-27	38835973	6	793	0.9
2024-05-28	38836223	250	1033	1.2
2024-05-29	38836397	174	897	1.1
2024-05-30	38836577	180	895	1.1
2024-05-31	38836634	57	782	0.9
2024-06-01	38836792	158	842	1
2024-06-02	38836804	12	837	1
2024-06-03	38836813	9	840	1
2024-06-04	38837119	306	896	1.1
2024-06-05	38837321	202	924	1.1
2024-06-06	38837548	227	971	1.2
2024-06-07	38837781	233	1147	1.4
2024-06-08	38837969	188	1177	1.4
2024-06-09	38837988	19	1184	1.4
2024-06-10	38838007	19	1194	1.4
2024-06-11	38838406	399	1287	1.5
2024-06-12	38838717	311	1396	1.7
2024-06-13	38839072	355	1524	1.8
2024-06-14	38839388	316	1607	1.9
2024-06-15	38839661	273	1692	2
2024-06-16	38839692	31	1704	2
2024-06-17	38839716	24	1709	2
2024-06-18	38840336	620	1930	2.3
2024-06-19	38840828	492	2111	2.5
2024-06-20	38841352	524	2280	2.7
2024-06-21	38841844	492	2456	2.9
2024-06-22	38842287	443	2626	3.1
2024-06-23	38842334	47	2642	3.1
2024-06-24	38842367	33	2651	3.1
2024-06-25	38843248	881	2912	3.5
2024-06-26	38843989	741	3161	3.7
2024-06-27	38844616	627	3264	3.9
2024-06-28	38845222	606	3378	4
2024-06-29	38845761	539	3474	4.1
2024-06-30	38845813	52	3479	4.1
2024-07-01	38845846	33	3479	4.1
2024-07-02	38846871	1025	3623	4.3
2024-07-03	38847486	615	3497	4.1
2024-07-04	38848171	685	3555	4.2
2024-07-05	38848837	666	3615	4.3
2024-07-06	38849382	545	3621	4.3
2024-07-07	38849447	65	3634	4.3
2024-07-08	38849507	60	3661	4.3
2024-07-09	38850702	1195	3831	4.5
2024-07-10	38851542	840	4056	4.8
2024-07-11	38852400	858	4229	5
2024-07-12	38853192	792	4355	5.2
2024-07-13	38853886	694	4504	5.3
2024-07-14	38853965	79	4518	5.4
2024-07-15	38854019	54	4512	5.3
2024-07-16	38855428	1409	4726	5.6
2024-07-17	38856305	877	4763	5.6
2024-07-18	38857087	782	4687	5.6
2024-07-19	38857990	903	4798	5.7
2024-07-20	38858674	684	4788	5.7
2024-07-21	38858743	69	4778	5.7
2024-07-22	38858808	65	4789	5.7
2024-07-23	38860266	1458	4838	5.7
2024-07-24	38861248	982	4943	5.9
2024-07-25	38862123	875	5036	6
2024-07-26	38862974	851	4984	5.9
2024-07-27	38863568	594	4894	5.8
2024-07-28	38863637	69	4894	5.8
2024-07-29	38863707	70	4899	5.8
2024-07-30	38865045	1338	4779	5.7
2024-07-31	38865955	910	4707	5.6
2024-08-01	38866727	772	4604	5.5
2024-08-02	38867516	789	4542	5.4
2024-08-03	38868196	680	4628	5.5
2024-08-04	38868260	64	4623	5.5
2024-08-05	38868312	52	4605	5.5
2024-08-06	38869688	1376	4643	5.5
2024-08-07	38870610	922	4655	5.5
2024-08-08	38871453	843	4726	5.6
2024-08-09	38872189	736	4673	5.5
2024-08-10	38872840	651	4644	5.5
2024-08-11	38872895	55	4635	5.5
2024-08-12	38872957	62	4645	5.5
2024-08-13	38874270	1313	4582	5.4
2024-08-14	38875141	871	4531	5.4
2024-08-15	38876011	870	4558	5.4
2024-08-16	38876726	715	4537	5.4
2024-08-17	38877475	749	4635	5.5
2024-08-18	38877547	72	4652	5.5
2024-08-19	38877582	35	4625	5.5
2024-08-20	38878908	1326	4638	5.5
2024-08-21	38879892	984	4751	5.6
2024-08-22	38880834	942	4823	5.7
2024-08-23	38881703	869	4977	5.9
2024-08-24	38882431	728	4956	5.9
2024-08-25	38882520	89	4973	5.9
2024-08-26	38882574	54	4992	5.9
2024-08-27	38884034	1460	5126	6.1
2024-08-28	38885059	1025	5167	6.1
2024-08-29	38886183	1124	5349	6.3
2024-08-30	38887269	1086	5566	6.6
2024-08-31	38888124	855	5693	6.7
2024-09-01	38888218	94	5698	6.8
2024-09-02	38888302	84	5728	6.8
2024-09-03	38890034	1732	6000	7.1
2024-09-04	38891400	1366	6341	7.5
2024-09-05	38892570	1170	6387	7.6
2024-09-06	38893713	1143	6444	7.6
2024-09-07	38894603	890	6479	7.7
2024-09-08	38894741	138	6523	7.7
2024-09-09	38894805	64	6503	7.7
2024-09-10	38896502	1697	6468	7.7
2024-09-11	38897695	1193	6295	7.5
2024-09-12	38898713	1018	6143	7.3
2024-09-13	38899642	929	5929	7
2024-09-14	38900505	863	5902	7
2024-09-15	38900574	69	5833	6.9
2024-09-16	38900652	78	5847	6.9
2024-09-17	38902412	1760	5910	7
2024-09-18	38903867	1455	6172	7.3
2024-09-19	38905343	1476	6630	7.9
2024-09-20	38906719	1376	7077	8.4
2024-09-21	38907923	1204	7418	8.8
2024-09-22	38908103	180	7529	8.9
2024-09-23	38908221	118	7569	9
2024-09-24	38910913	2692	8501	10.1
2024-09-25	38912873	1960	9006	10.7
2024-09-26	38914679	1806	9336	11.1
2024-09-27	38916384	1705	9665	11.5
2024-09-28	38917832	1448	9909	11.7
2024-09-29	38917984	152	9881	11.7
2024-09-30	38918073	89	9852	11.7
2024-10-01	38920616	2543	9703	11.5
2024-10-02	38922361	1745	9488	11.2
2024-10-03	38923971	1610	9292	11
2024-10-04	38924114	143	7730	9.2
2024-10-05	38925949	1835	8117	9.6
2024-10-06	38926118	169	8134	9.6
2024-10-07	38926232	114	8159	9.7
2024-10-08	38929512	3280	8896	10.5
2024-10-09	38931762	2250	9401	11.1
2024-10-10	38934038	2276	10067	11.9
2024-10-11	38936251	2213	12137	14.4
2024-10-12	38938039	1788	12090	14.3
2024-10-13	38938191	152	12073	14.3
2024-10-14	38938337	146	12105	14.3
2024-10-15	38941763	3426	12251	14.5
2024-10-16	38943860	2097	12098	14.3
2024-10-17	38945875	2015	11837	14
2024-10-18	38948226	2351	11975	14.2
2024-10-19	38950088	1862	12049	14.3
2024-10-20	38950287	199	12096	14.3
2024-10-21	38950464	177	12127	14.4
2024-10-22	38954091	3627	12328	14.6
2024-10-23	38956634	2543	12774	15.1
2024-10-24	38958906	2272	13031	15.4
2024-10-25	38960964	2058	12738	15.1
2024-10-26	38962549	1585	12461	14.8
2024-10-27	38962728	179	12441	14.7
2024-10-28	38962835	107	12371	14.7
2024-10-29	38965900	3065	11809	14
2024-10-30	38968023	2123	11389	13.5
2024-10-31	38969860	1837	10954	13
2024-11-01	38970830	970	9866	11.7
2024-11-02	38971621	791	9072	10.8
2024-11-03	38971750	129	9022	10.7
2024-11-04	38971835	85	9000	10.7
2024-11-05	38974724	2889	8824	10.5
2024-11-06	38976380	1656	8357	9.9
2024-11-07	38977799	1419	7939	9.4
2024-11-08	38979320	1521	8490	10.1
2024-11-09	38980550	1230	8929	10.6
2024-11-10	38980683	133	8933	10.6
2024-11-11	38980750	67	8915	10.6
2024-11-12	38982915	2165	8191	9.7
2024-11-13	38984650	1735	8270	9.8
2024-11-14	38986143	1493	8344	9.9
2024-11-15	38987545	1402	8225	9.8
2024-11-16	38988781	1236	8231	9.8
2024-11-17	38988946	165	8263	9.8
2024-11-18	38989006	60	8256	9.8
2024-11-19	38991393	2387	8478	10
2024-11-20	38992950	1557	8300	9.8
2024-11-21	38994281	1331	8138	9.6
2024-11-22	38995638	1357	8093	9.6
2024-11-23	38996850	1212	8069	9.6
2024-11-24	38996991	141	8045	9.5
2024-11-25	38997084	93	8078	9.6
2024-11-26	38999404	2320	8011	9.5
2024-11-27	39001055	1651	8105	9.6
2024-11-28	39002590	1535	8309	9.8
2024-11-29	39003927	1337	8289	9.8
2024-11-30	39004951	1024	8101	9.6
2024-12-01	39005069	118	8078	9.6
2024-12-02	39005139	70	8055	9.5
2024-12-03	39007131	1992	7727	9.2
2024-12-04	39008482	1351	7427	8.8
2024-12-05	39009762	1280	7172	8.5
2024-12-06	39011079	1317	7152	8.5
2024-12-07	39011985	906	7034	8.3
2024-12-08	39012082	97	7013	8.3
2024-12-09	39012157	75	7018	8.3
2024-12-10	39014124	1967	6993	8.3
2024-12-11	39015529	1405	7047	8.4
2024-12-12	39016685	1156	6923	8.2
2024-12-13	39017880	1195	6801	8.1
2024-12-14	39018752	872	6767	8
2024-12-15	39018867	115	6785	8
2024-12-16	39018938	71	6781	8
2024-12-17	39020686	1748	6562	7.8
2024-12-18	39021899	1213	6370	7.6
2024-12-19	39023089	1190	6404	7.6
2024-12-20	39024140	1051	6260	7.4
2024-12-21	39024887	747	6135	7.3
2024-12-22	39024993	106	6126	7.3
2024-12-23	39025050	57	6112	7.2
2024-12-24	39026381	1331	5695	6.8
2024-12-25	39026468	87	4569	5.4
2024-12-26	39026540	72	3451	4.1
2024-12-27	39026642	102	2502	3
2024-12-28	39027761	1119	2874	3.4
2024-12-29	39027851	90	2858	3.4
2024-12-30	39027932	81	2882	3.4
2024-12-31	39029250	1318	2869	3.4
2025-01-01	39029337	87	2869	3.4
2025-01-02	39029391	54	2851	3.4
2025-01-03	39030890	1499	4248	5
2025-01-04	39031609	719	3848	4.6
2025-01-05	39031674	65	3823	4.5
2025-01-06	39031721	47	3789	4.5
2025-01-07	39032576	855	3326	3.9
2025-01-08	39033568	992	4231	5
2025-01-09	39034228	660	4837	5.7
2025-01-10	39034769	541	3879	4.6
2025-01-11	39035216	447	3607	4.3
2025-01-12	39035264	48	3590	4.3
2025-01-13	39035297	33	3576	4.2
2025-01-14	39036171	874	3595	4.3
2025-01-15	39036710	539	3142	3.7
2025-01-16	39037209	499	2981	3.5
2025-01-17	39037675	466	2906	3.4
2025-01-18	39038075	400	2859	3.4
2025-01-19	39038113	38	2849	3.4
2025-01-20	39038144	31	2847	3.4
2025-01-21	39038939	795	2768	3.3
2025-01-22	39039532	593	2822	3.3
2025-01-23	39040047	515	2838	3.4
2025-01-24	39040561	514	2886	3.4
2025-01-25	39040987	426	2912	3.5
2025-01-26	39041032	45	2919	3.5
2025-01-27	39041056	24	2912	3.5
2025-01-28	39041845	789	2906	3.4
2025-01-29	39042381	536	2849	3.4
2025-01-30	39042931	550	2884	3.4
2025-01-31	39043486	555	2925	3.5
2025-02-01	39043885	399	2898	3.4
2025-02-02	39043927	42	2895	3.4
2025-02-03	39043954	27	2898	3.4
2025-02-04	39044613	659	2768	3.3
2025-02-05	39045050	437	2669	3.2
2025-02-06	39045432	382	2501	3
2025-02-07	39045814	382	2328	2.8
2025-02-08	39046125	311	2240	2.7
2025-02-09	39046161	36	2234	2.6
2025-02-10	39046179	18	2225	2.6
2025-02-11	39046748	569	2135	2.5
2025-02-12	39047131	383	2081	2.5
2025-02-13	39047467	336	2035	2.4
2025-02-14	39047799	332	1985	2.4
2025-02-15	39048082	283	1957	2.3
2025-02-16	39048103	21	1942	2.3
2025-02-17	39048125	22	1946	2.3
2025-02-18	39048649	524	1901	2.3
2025-02-19	39048995	346	1864	2.2
2025-02-20	39049351	356	1884	2.2
2025-02-21	39049654	303	1855	2.2
2025-02-22	39049856	202	1774	2.1
2025-02-23	39049883	27	1780	2.1
2025-02-24	39049891	8	1766	2.1
2025-02-25	39050357	466	1708	2
2025-02-26	39050666	309	1671	2
2025-02-27	39050934	268	1583	1.9
2025-02-28	39051185	251	1531	1.8
2025-03-01	39051341	156	1485	1.8
2025-03-02	39051352	11	1469	1.7
2025-03-03	39051360	8	1469	1.7
2025-03-04	39051664	304	1307	1.5
2025-03-05	39051897	233	1231	1.5
2025-03-06	39052115	218	1181	1.4
2025-03-07	39052296	181	1111	1.3
2025-03-08	39052460	164	1119	1.3
2025-03-09	39052466	6	1114	1.3
2025-03-10	39052475	9	1115	1.3
2025-03-11	39052777	302	1113	1.3
2025-03-12	39052970	193	1073	1.3
2025-03-13	39053166	196	1051	1.2
2025-03-14	39053343	177	1047	1.2
2025-03-15	39053480	137	1020	1.2
2025-03-16	39053488	8	1022	1.2
2025-03-17	39053496	8	1021	1.2
2025-03-18	39053745	249	968	1.1
2025-03-19	39053893	148	923	1.1
2025-03-20	39054030	137	864	1
2025-03-21	39054167	137	824	1
2025-03-22	39054284	117	804	1
2025-03-23	39054297	13	809	1
2025-03-24	39054308	11	812	1
2025-03-25	39054594	286	849	1
2025-03-26	39054752	158	859	1
2025-03-27	39054887	135	857	1
2025-03-28	39055018	131	851	1
2025-03-29	39055131	113	847	1
2025-03-30	39055139	8	842	1
2025-03-31	39055143	4	835	1
2025-04-01	39055347	204	753	0.9
2025-04-02	39055467	120	715	0.8
2025-04-03	39055587	120	700	0.8
2025-04-04	39055715	128	697	0.8
2025-04-05	39055785	70	654	0.8
2025-04-06	39055796	11	657	0.8
2025-04-07	39055802	6	659	0.8
2025-04-08	39055995	193	648	0.8
2025-04-09	39056134	139	667	0.8
2025-04-10	39056256	122	669	0.8
2025-04-11	39056382	126	667	0.8
2025-04-12	39056470	88	685	0.8
2025-04-13	39056478	8	682	0.8
2025-04-14	39056479	1	677	0.8
2025-04-15	39056673	194	678	0.8
2025-04-16	39056780	107	646	0.8
2025-04-17	39056904	124	648	0.8
2025-04-18	39056998	94	616	0.7
2025-04-19	39057000	2	530	0.6
2025-04-20	39057006	6	528	0.6
2025-04-21	39057011	5	532	0.6
2025-04-22	39057013	2	340	0.4
2025-04-23	39057241	228	461	0.5
2025-04-24	39057338	97	434	0.5
2025-04-25	39057430	92	432	0.5
2025-04-26	39057502	72	502	0.6
2025-04-27	39057505	3	499	0.6
2025-04-28	39057508	3	497	0.6
2025-04-29	39057647	139	634	0.8
2025-04-30	39057735	88	494	0.6
2025-05-01	39057838	103	500	0.6
2025-05-02	39057840	2	410	0.5
2025-05-03	39057925	85	423	0.5
2025-05-04	39057929	4	424	0.5
2025-05-05	39057934	5	426	0.5
2025-05-06	39058098	164	451	0.5
2025-05-07	39058189	91	454	0.5
2025-05-08	39058263	74	425	0.5
2025-05-09	39058314	51	474	0.6
2025-05-10	39058379	65	454	0.5
2025-05-11	39058384	5	455	0.5
2025-05-12	39058389	5	455	0.5
2025-05-13	39058522	133	424	0.5
2025-05-14	39058641	119	452	0.5
2025-05-15	39058719	78	456	0.5
2025-05-16	39058799	80	485	0.6
2025-05-17	39058871	72	492	0.6
2025-05-18	39058877	6	493	0.6
2025-05-19	39058880	3	491	0.6
2025-05-20	39059038	158	516	0.6
2025-05-21	39059169	131	528	0.6
2025-05-22	39059267	98	548	0.6
2025-05-23	39059364	97	565	0.7
2025-05-24	39059446	82	575	0.7
2025-05-25	39059457	11	580	0.7
2025-05-26	39059462	5	582	0.7
2025-05-27	39059646	184	608	0.7
2025-05-28	39059794	148	625	0.7
2025-05-29	39059937	143	670	0.8
2025-05-30	39059943	6	579	0.7
2025-05-31	39060082	139	636	0.8
2025-06-01	39060088	6	631	0.7
2025-06-02	39060097	9	635	0.8
2025-06-03	39060327	230	681	0.8
2025-06-04	39060474	147	680	0.8
2025-06-05	39060608	134	671	0.8
2025-06-06	39060764	156	821	1
2025-06-07	39060852	88	770	0.9
2025-06-08	39060861	9	773	0.9
2025-06-09	39060864	3	767	0.9
2025-06-10	39060871	7	544	0.6
2025-06-11	39061068	197	594	0.7
2025-06-12	39061197	129	589	0.7
2025-06-13	39061343	146	579	0.7
2025-06-14	39061444	101	592	0.7
2025-06-15	39061450	6	589	0.7
2025-06-16	39061460	10	596	0.7
2025-06-17	39061662	202	791	0.9
2025-06-18	39061872	210	804	1
2025-06-19	39062037	165	840	1
2025-06-20	39062095	58	752	0.9
2025-06-21	39062205	110	761	0.9
2025-06-22	39062213	8	763	0.9
2025-06-23	39062219	6	759	0.9
2025-06-24	39062415	196	753	0.9
2025-06-25	39062568	153	696	0.8
2025-06-26	39062704	136	667	0.8
2025-06-27	39062807	103	712	0.8
2025-06-28	39062911	104	706	0.8
2025-06-29	39062917	6	704	0.8
2025-06-30	39062920	3	701	0.8
2025-07-01	39063072	152	657	0.8
2025-07-02	39063183	111	615	0.7
2025-07-03	39063285	102	581	0.7
2025-07-04	39063405	120	598	0.7
2025-07-05	39063496	91	585	0.7
2025-07-06	39063503	7	586	0.7
2025-07-07	39063509	6	589	0.7
2025-07-08	39063699	190	627	0.7
2025-07-09	39063810	111	627	0.7
2025-07-10	39063917	107	632	0.7
2025-07-11	39064015	98	610	0.7
2025-07-12	39064118	103	622	0.7
2025-07-13	39064129	11	626	0.7
2025-07-14	39064138	9	629	0.7
2025-07-15	39064314	176	615	0.7
2025-07-16	39064451	137	641	0.8
2025-07-17	39064577	126	660	0.8
2025-07-18	39064725	148	710	0.8
2025-07-19	39064849	124	731	0.9
2025-07-20	39064856	7	727	0.9
2025-07-21	39064859	3	721	0.9
2025-07-22	39065083	224	769	0.9
2025-07-23	39065237	154	786	0.9
2025-07-24	39065385	148	808	1
2025-07-25	39065513	128	788	0.9
2025-07-26	39065629	116	780	0.9
2025-07-27	39065639	10	783	0.9
2025-07-28	39065643	4	784	0.9
2025-07-29	39065867	224	784	0.9
2025-07-30	39066040	173	803	1
2025-07-31	39066184	144	799	0.9
2025-08-01	39066312	128	799	0.9
2025-08-02	39066422	110	793	0.9
2025-08-03	39066434	12	795	0.9
2025-08-04	39066438	4	795	0.9
2025-08-05	39066719	281	852	1
2025-08-06	39066896	177	856	1
2025-08-07	39067057	161	873	1
2025-08-08	39067249	192	937	1.1
2025-08-09	39067423	174	1001	1.2
2025-08-10	39067441	18	1007	1.2
2025-08-11	39067459	18	1021	1.2
2025-08-12	39067792	333	1073	1.3
2025-08-13	39068023	231	1127	1.3
2025-08-14	39068258	235	1201	1.4
2025-08-15	39068480	222	1231	1.5
2025-08-16	39068671	191	1248	1.5
2025-08-17	39068688	17	1247	1.5
2025-08-18	39068698	10	1239	1.5
2025-08-19	39069102	404	1310	1.6
2025-08-20	39069352	250	1329	1.6
2025-08-21	39069615	263	1357	1.6
2025-08-22	39069870	255	1390	1.6
2025-08-23	39070090	220	1419	1.7
2025-08-24	39070103	13	1415	1.7
2025-08-25	39070117	14	1419	1.7
2025-08-26	39070512	395	1410	1.7
2025-08-27	39070844	332	1492	1.8
2025-08-28	39071169	325	1554	1.8
2025-08-29	39071511	342	1641	1.9
2025-08-30	39071764	253	1674	2
2025-08-31	39071786	22	1683	2
2025-09-01	39071814	28	1697	2
2025-09-02	39072386	572	1874	2.2
2025-09-03	39072825	439	1981	2.3
2025-09-04	39073248	423	2079	2.5
2025-09-05	39073624	376	2113	2.5
2025-09-06	39073936	312	2172	2.6
2025-09-07	39073970	34	2184	2.6
2025-09-08	39073984	14	2170	2.6
2025-09-09	39074587	603	2201	2.6
2025-09-10	39075104	517	2279	2.7
2025-09-11	39075484	380	2236	2.7
2025-09-12	39076039	555	2415	2.9
2025-09-13	39076421	382	2485	2.9
2025-09-14	39076456	35	2486	2.9
2025-09-15	39076482	26	2498	3
2025-09-16	39077261	779	2674	3.2
2025-09-17	39077851	590	2747	3.3
2025-09-18	39078388	537	2904	3.4
2025-09-19	39078944	556	2905	3.4
2025-09-20	39079422	478	3001	3.6
2025-09-21	39079474	52	3018	3.6
2025-09-22	39079500	26	3018	3.6
2025-09-23	39080465	965	3204	3.8
2025-09-24	39081136	671	3285	3.9
2025-09-25	39081785	649	3397	4
2025-09-26	39082462	677	3518	4.2
2025-09-27	39082991	529	3569	4.2
2025-09-28	39083027	36	3553	4.2
2025-09-29	39083041	14	3541	4.2
2025-09-30	39084184	1143	3719	4.4
2025-10-01	39085146	962	4010	4.8
2025-10-02	39086016	870	4231	5
2025-10-03	39086813	797	4351	5.2
2025-10-04	39086859	46	3868	4.6
2025-10-05	39086933	74	3906	4.6
2025-10-06	39086989	56	3948	4.7
2025-10-07	39088752	1763	4568	5.4
2025-10-08	39090060	1308	4914	5.8
2025-10-09	39091310	1250	5294	6.3
2025-10-10	39092645	1335	5832	6.9
2025-10-11	39093690	1045	6831	8.1
2025-10-12	39093782	92	6849	8.1
2025-10-13	39093846	64	6857	8.1
2025-10-14	39095895	2049	7143	8.5
2025-10-15	39097406	1511	7346	8.7
2025-10-16	39098589	1183	7279	8.6
2025-10-17	39099840	1251	7195	8.5
2025-10-18	39100736	896	7046	8.4
2025-10-19	39100814	78	7032	8.3
2025-10-20	39100855	41	7009	8.3
2025-10-21	39102797	1942	6902	8.2
2025-10-22	39103987	1190	6581	7.8
2025-10-23	39105330	1343	6741	8
2025-10-24	39106520	1190	6680	7.9
2025-10-25	39107491	971	6755	8
2025-10-26	39107573	82	6759	8
2025-10-27	39107606	33	6751	8
2025-10-28	39109423	1817	6626	7.9
2025-10-29	39110632	1209	6645	7.9
2025-10-30	39111776	1144	6446	7.6
2025-10-31	39112805	1029	6285	7.5
2025-11-01	39113394	589	5903	7
2025-11-02	39113450	56	5877	7
2025-11-03	39113489	39	5883	7
2025-11-04	39115026	1537	5603	6.6
2025-11-05	39116241	1215	5609	6.6
2025-11-06	39117289	1048	5513	6.5
2025-11-07	39118224	935	5419	6.4
2025-11-08	39119034	810	5640	6.7
2025-11-09	39119081	47	5631	6.7
2025-11-10	39119120	39	5631	6.7
2025-11-11	39120550	1430	5524	6.5
2025-11-12	39121629	1079	5388	6.4
2025-11-13	39122695	1066	5406	6.4
2025-11-14	39123761	1066	5537	6.6
2025-11-15	39124598	837	5564	6.6
2025-11-16	39124692	94	5611	6.7
2025-11-17	39124748	56	5628	6.7
2025-11-18	39126320	1572	5770	6.8
2025-11-19	39127524	1204	5895	7
2025-11-20	39128529	1005	5834	6.9
2025-11-21	39129692	1163	5931	7
2025-11-22	39130560	868	5962	7.1
2025-11-23	39130649	89	5957	7.1
2025-11-24	39130695	46	5947	7
2025-11-25	39132468	1773	6148	7.3
2025-11-26	39133846	1378	6322	7.5
2025-11-27	39135294	1448	6765	8
2025-11-28	39136622	1328	6930	8.2
2025-11-29	39137760	1138	7200	8.5
2025-11-30	39137862	102	7213	8.6
2025-12-01	39137912	50	7217	8.6
2025-12-02	39140307	2395	7839	9.3
2025-12-03	39142184	1877	8338	9.9
2025-12-04	39143836	1652	8542	10.1
2025-12-05	39145580	1744	8958	10.6
2025-12-06	39146981	1401	9221	10.9
2025-12-07	39147103	122	9241	11
2025-12-08	39147179	76	9267	11
2025-12-09	39149954	2775	9647	11.4
2025-12-10	39152082	2128	9898	11.7
2025-12-11	39154127	2045	10291	12.2
2025-12-12	39156208	2081	10628	12.6
2025-12-13	39157747	1539	10766	12.8
2025-12-14	39157866	119	10763	12.8
2025-12-15	39157942	76	10763	12.8
2025-12-16	39160479	2537	10525	12.5
2025-12-17	39162301	1822	10219	12.1
2025-12-18	39163900	1599	9773	11.6
2025-12-19	39165332	1432	9124	10.8
2025-12-20	39166440	1108	8693	10.3
2025-12-21	39166559	119	8693	10.3
2025-12-22	39166608	49	8666	10.3
2025-12-23	39168627	2019	8148	9.7
2025-12-24	39169958	1331	7657	9.1
2025-12-25	39170047	89	6147	7.3
2025-12-26	39170148	101	4816	5.7
2025-12-27	39170224	76	3784	4.5
2025-12-28	39170324	100	3765	4.5
2025-12-29	39170404	80	3796	4.5
2025-12-30	39172570	2166	3943	4.7
2025-12-31	39173636	1066	3678	4.4
2026-01-01	39173739	103	3692	4.4
2026-01-02	39173810	71	3662	4.3
2026-01-03	39174802	992	4578	5.4
2026-01-04	39174867	65	4543	5.4
2026-01-05	39174936	69	4532	5.4
2026-01-06	39176710	1774	4140	4.9
2026-01-07	39177515	805	3879	4.6
2026-01-08	39178573	1058	4834	5.7
2026-01-09	39179421	848	5611	6.7
2026-01-10	39180004	583	5202	6.2
2026-01-11	39180055	51	5188	6.1
2026-01-12	39180078	23	5142	6.1
2026-01-13	39181175	1097	4465	5.3
2026-01-14	39181963	788	4448	5.3
2026-01-15	39182548	585	3975	4.7
2026-01-16	39183140	592	3719	4.4
2026-01-17	39183573	433	3569	4.2
2026-01-18	39183618	45	3563	4.2
2026-01-19	39183637	19	3559	4.2
2026-01-20	39184485	848	3310	3.9
2026-01-21	39185064	579	3101	3.7
2026-01-22	39185559	495	3011	3.6
2026-01-23	39185981	422	2841	3.4
2026-01-24	39186389	408	2816	3.3
2026-01-25	39186422	33	2804	3.3
2026-01-26	39186445	23	2808	3.3
2026-01-27	39187172	727	2687	3.2
2026-01-28	39187671	499	2607	3.1
2026-01-29	39188211	540	2652	3.1
2026-01-30	39188681	470	2700	3.2
2026-01-31	39189045	364	2656	3.1
2026-02-01	39189075	30	2653	3.1
2026-02-02	39189084	9	2639	3.1
2026-02-03	39189520	436	2348	2.8